customer_id,city,acquisition_channel,first_purchase_date
C00001,Coimbatore,Influencer,2025-05-20
C00002,Kochi,Referral,2025-06-08
C00003,Kochi,Referral,2025-08-26
C00004,Hyderabad,Referral,2024-09-25
C00005,Kollam,Referral,2025-04-14
C00006,Hyderabad,Referral,2025-07-16
C00007,Hyderabad,Influencer,2024-11-19
C00008,Bangalore,Referral,2025-06-05
C00009,TVM,Instagram,2025-12-04
C00010,Kochi,Instagram,2024-11-09
C00011,Kochi,Referral,2025-10-29
C00012,Cochin,Referral,2025-04-30
C00013,Coimbatore,Referral,2025-04-02
C00014,TVM,Influencer,2025-01-29
C00015,Thrissur,Referral,2025-03-01
C00016,Kollam,Referral,2024-07-13
C00017,Chennai,Instagram,2025-11-22
C00018,Calicut,Influencer,2024-12-25
C00019,Kollam,Influencer,2025-11-04
C00020,Mumbai,Influencer,2025-04-26
C00021,Coimbatore,Instagram,2025-06-20
C00022,Kottayam,Referral,2025-02-28
C00023,Mysore,Instagram,2025-03-28
C00024,Kottayam,Instagram,2025-12-03
C00025,Coimbatore,Influencer,2025-02-26
C00026,Mumbai,Referral,2025-07-07
C00027,Cochin,Instagram,2024-09-16
C00028,TVM,Organic,2024-10-06
C00029,Calicut,Organic,2025-08-19
C00030,Kollam,Organic,2025-01-15
C00031,Hyderabad,Referral,2025-10-17
C00032,Calicut,Organic,2025-11-29
C00033,Coimbatore,Influencer,2025-02-19
C00034,Kottayam,,2025-10-18
C00035,Hyderabad,,2024-11-09
C00036,Mysore,,2025-03-13
C00037,Kochi,Organic,2025-08-01
C00038,Kochi,Instagram,2025-06-11
C00039,Coimbatore,Influencer,2025-04-29
C00040,Chennai,,2025-03-13
C00041,Chennai,Referral,2024-07-22
C00042,Kottayam,Instagram,2024-07-29
C00043,Kottayam,Influencer,2024-10-02
C00044,Thrissur,Influencer,2025-01-10
C00045,Calicut,Organic,2025-05-17
C00046,TVM,Referral,2024-07-19
C00047,Bangalore,Influencer,2024-12-09
C00048,Kochi,Instagram,2025-08-28
C00049,Chennai,Instagram,2024-07-12
C00050,Chennai,Instagram,2025-10-15
C00051,Mysore,Instagram,2025-04-03
C00052,Bangalore,,2024-10-06
C00053,Calicut,Referral,2025-12-30
C00054,Kollam,Instagram,2025-06-11
C00055,Mumbai,Organic,2025-10-17
C00056,TVM,Instagram,2025-07-19
C00057,Coimbatore,Influencer,2024-10-11
C00058,Calicut,Organic,2024-07-08
C00059,Kollam,Influencer,2025-07-26
C00060,Coimbatore,Influencer,2025-01-10
C00061,Coimbatore,Referral,2024-07-22
C00062,Chennai,Influencer,2025-10-01
C00063,Calicut,Instagram,2025-04-15
C00064,Kochi,Organic,2025-03-21
C00065,Coimbatore,Referral,2025-11-06
C00066,Coimbatore,Referral,2025-01-31
C00067,Kottayam,Influencer,2025-11-07
C00068,Cochin,Instagram,2024-09-30
C00069,TVM,Referral,2024-12-07
C00070,Chennai,Organic,2024-08-25
C00071,Calicut,Instagram,2024-07-29
C00072,Coimbatore,Instagram,2024-08-14
C00073,Mysore,Organic,2025-02-12
C00074,Thrissur,Organic,2024-08-25
C00075,Mumbai,Instagram,2024-09-19
C00076,Kottayam,Influencer,2025-08-18
C00077,Mumbai,Organic,2025-10-28
C00078,Coimbatore,Instagram,2025-06-21
C00079,Thrissur,Organic,2025-12-12
C00080,Kochi,Organic,2025-05-30
C00081,Chennai,Influencer,2025-08-07
C00082,Bangalore,Referral,2025-10-05
C00083,Hyderabad,Referral,2024-08-23
C00084,Bangalore,Influencer,2025-04-26
C00085,Kochi,Influencer,2024-10-22
C00086,Kochi,Organic,2024-08-23
C00087,Hyderabad,Organic,2025-10-27
C00088,Thrissur,Instagram,2025-05-27
C00089,Thrissur,Organic,2025-10-27
C00090,Cochin,Referral,2024-10-27
C00091,Kochi,Organic,2025-08-08
C00092,TVM,Referral,2025-06-25
C00093,Kollam,Organic,2025-02-06
C00094,Mysore,Instagram,2024-12-07
C00095,Kottayam,Organic,2025-06-13
C00096,Hyderabad,Instagram,2025-06-30
C00097,Kochi,Organic,2025-08-16
C00098,Kottayam,Influencer,2024-11-02
C00099,Mysore,Instagram,2025-12-13
C00100,Cochin,Influencer,2024-09-25
C00101,Bangalore,Instagram,2024-12-09
C00102,Mysore,Influencer,2025-02-22
C00103,TVM,Organic,2025-07-05
C00104,Kollam,Referral,2025-03-02
C00105,Coimbatore,Organic,2025-09-30
C00106,Bangalore,Instagram,2025-01-24
C00107,Kottayam,Instagram,2025-07-31
C00108,Mysore,Influencer,2025-07-02
C00109,Kollam,Influencer,2024-08-21
C00110,Hyderabad,Referral,2025-11-06
C00111,Kottayam,Influencer,2024-09-08
C00112,Kollam,Influencer,2025-01-27
C00113,Mumbai,Influencer,2025-04-29
C00114,Cochin,Influencer,2024-08-13
C00115,Mysore,Organic,2025-10-30
C00116,Kottayam,Influencer,2025-05-05
C00117,Cochin,Organic,2024-10-07
C00118,Kottayam,Referral,2025-12-30
C00119,Kottayam,Instagram,2025-03-20
C00120,TVM,Referral,2025-10-22
C00121,Hyderabad,Organic,2024-09-15
C00122,Bangalore,Organic,2025-06-14
C00123,Calicut,Organic,2024-07-18
C00124,Bangalore,Organic,2024-07-11
C00125,Mumbai,Influencer,2025-06-21
C00126,Kochi,Organic,2025-09-28
C00127,Kollam,Organic,2024-11-07
C00128,TVM,Referral,2025-04-18
C00129,Kochi,Instagram,2024-10-03
C00130,Coimbatore,Referral,2025-05-08
C00131,Calicut,Instagram,2024-08-27
C00132,Bangalore,Referral,2025-10-13
C00133,Hyderabad,Referral,2024-10-11
C00134,Hyderabad,Referral,2024-08-20
C00135,Coimbatore,Instagram,2025-10-19
C00136,Bangalore,Referral,2025-08-14
C00137,Kottayam,Referral,2024-12-08
C00138,Calicut,Influencer,2025-08-14
C00139,Mumbai,Instagram,2025-10-30
C00140,Hyderabad,Influencer,2024-11-06
C00141,Coimbatore,Influencer,2025-06-21
C00142,TVM,Organic,2025-11-11
C00143,Thrissur,Influencer,2025-07-25
C00144,Bangalore,Referral,2025-09-12
C00145,Thrissur,Organic,2025-04-07
C00146,Calicut,Organic,2024-10-21
C00147,Mysore,Referral,2025-11-10
C00148,Hyderabad,Instagram,2025-02-15
C00149,Bangalore,Influencer,2024-09-06
C00150,Calicut,Influencer,2024-10-11
C00151,Bangalore,Referral,2025-12-26
C00152,Coimbatore,Referral,2025-05-14
C00153,Hyderabad,Organic,2025-09-05
C00154,Thrissur,Influencer,2025-05-08
C00155,Mumbai,Influencer,2024-09-08
C00156,Cochin,Instagram,2025-03-23
C00157,Chennai,Referral,2025-04-13
C00158,Hyderabad,Instagram,2024-12-14
C00159,Hyderabad,Influencer,2024-09-09
C00160,Kottayam,Organic,2024-11-16
C00161,Bangalore,Instagram,2025-06-26
C00162,Mumbai,Instagram,2025-05-11
C00163,Calicut,Instagram,2025-05-25
C00164,Kochi,Organic,2025-01-31
C00165,Hyderabad,Organic,2024-11-13
C00166,Mumbai,Organic,2025-02-09
C00167,Kollam,Influencer,2024-07-02
C00168,Thrissur,Instagram,2025-10-27
C00169,Mysore,Influencer,2025-08-06
C00170,Kottayam,Organic,2025-01-06
C00171,Coimbatore,Organic,2025-07-12
C00172,Thrissur,Instagram,2025-10-12
C00173,Thrissur,Influencer,2025-12-04
C00174,Mumbai,Influencer,2025-09-09
C00175,Kollam,Organic,2025-07-02
C00176,Hyderabad,Influencer,2025-11-23
C00177,Kollam,Organic,2024-10-17
C00178,Bangalore,Referral,2025-09-07
C00179,Chennai,Instagram,2024-08-24
C00180,Mumbai,Referral,2025-01-08
C00181,Kochi,Organic,2025-07-30
C00182,Mumbai,Influencer,2025-02-12
C00183,Bangalore,Referral,2025-04-01
C00184,Kochi,Influencer,2025-01-04
C00185,Thrissur,Influencer,2024-09-18
C00186,Kochi,Referral,2025-04-18
C00187,Mumbai,Referral,2025-04-04
C00188,Coimbatore,Instagram,2025-06-20
C00189,Mysore,Organic,2024-09-06
C00190,Bangalore,Referral,2024-08-02
C00191,Thrissur,Organic,2025-08-16
C00192,Hyderabad,Instagram,2025-04-13
C00193,Mumbai,Influencer,2025-06-07
C00194,Bangalore,Referral,2024-11-14
C00195,Bangalore,Instagram,2025-02-09
C00196,TVM,Instagram,2025-08-25
C00197,Calicut,Influencer,2025-05-17
C00198,Chennai,Referral,2025-06-25
C00199,Kollam,Influencer,2024-12-20
C00200,Kochi,Influencer,2024-07-11
C00201,Cochin,Instagram,2024-12-19
C00202,Calicut,Referral,2025-04-19
C00203,Kollam,Organic,2025-05-11
C00204,Thrissur,Organic,2024-10-09
C00205,Kochi,Influencer,2025-04-15
C00206,Bangalore,Organic,2024-12-11
C00207,Chennai,Organic,2025-07-03
C00208,Kollam,Organic,2025-11-06
C00209,Kottayam,Influencer,2024-07-16
C00210,Kollam,Influencer,2025-07-29
C00211,Bangalore,Influencer,2024-09-11
C00212,TVM,Instagram,2024-10-16
C00213,Kollam,Influencer,2024-12-30
C00214,Mumbai,Influencer,2025-05-28
C00215,Hyderabad,Influencer,2024-08-09
C00216,Mumbai,Organic,2025-08-24
C00217,Kollam,Influencer,2024-12-12
C00218,Cochin,Instagram,2025-06-14
C00219,Calicut,Influencer,2025-03-22
C00220,Bangalore,Referral,2025-11-05
C00221,Kochi,Instagram,2024-09-05
C00222,Mumbai,Instagram,2025-03-18
C00223,Kollam,Organic,2025-11-04
C00224,Calicut,Instagram,2024-08-15
C00225,Chennai,Referral,2025-09-24
C00226,Kollam,Influencer,2025-03-28
C00227,Kochi,Instagram,2025-11-03
C00228,TVM,Influencer,2025-12-18
C00229,TVM,Referral,2025-02-08
C00230,Kollam,Organic,2025-10-14
C00231,Kochi,Referral,2025-04-21
C00232,Kollam,Instagram,2025-08-08
C00233,Mysore,Referral,2025-12-03
C00234,Kollam,Instagram,2024-07-01
C00235,Kollam,Instagram,2025-06-28
C00236,Kochi,Referral,2025-02-04
C00237,Mysore,Instagram,2024-09-01
C00238,TVM,Instagram,2024-09-25
C00239,TVM,Organic,2025-01-19
C00240,Kottayam,Influencer,2025-01-20
C00241,Thrissur,Referral,2025-05-01
C00242,Mumbai,Organic,2025-05-16
C00243,Mumbai,Referral,2025-11-21
C00244,Chennai,Influencer,2025-01-04
C00245,Chennai,Referral,2024-07-31
C00246,Bangalore,Instagram,2025-08-05
C00247,Calicut,Influencer,2024-10-10
C00248,Thrissur,Organic,2025-10-28
C00249,Mumbai,,2025-05-13
C00250,Chennai,Influencer,2025-05-18
C00251,Kollam,Instagram,2025-05-09
C00252,Thrissur,Influencer,2025-09-03
C00253,Calicut,Instagram,2025-02-26
C00254,Kochi,,2025-05-31
C00255,Kottayam,Instagram,2024-10-07
C00256,Coimbatore,Influencer,2025-09-12
C00257,TVM,Referral,2025-03-05
C00258,Mysore,Instagram,2024-10-24
C00259,Thrissur,,2025-02-18
C00260,Cochin,Influencer,2025-10-26
C00261,Chennai,Referral,2025-06-21
C00262,Cochin,Instagram,2025-09-20
C00263,Chennai,Referral,2025-12-18
C00264,Kottayam,Referral,2025-12-15
C00265,Bangalore,Referral,2024-07-06
C00266,Thrissur,Organic,2024-10-16
C00267,Coimbatore,Organic,2024-08-25
C00268,Mysore,Influencer,2025-11-17
C00269,Kochi,Organic,2024-12-17
C00270,Thrissur,Referral,2025-01-28
C00271,Kottayam,Organic,2024-08-13
C00272,Kochi,Influencer,2025-04-08
C00273,TVM,Influencer,2024-08-09
C00274,Thrissur,Influencer,2024-10-16
C00275,Chennai,Referral,2024-10-08
C00276,Mysore,Organic,2025-12-22
C00277,Mumbai,Referral,2025-01-11
C00278,Bangalore,Organic,2025-06-22
C00279,Mumbai,Instagram,2025-05-29
C00280,Cochin,Referral,2025-08-14
C00281,Chennai,Instagram,2025-10-05
C00282,Thrissur,Instagram,2025-05-03
C00283,Chennai,Organic,2025-06-16
C00284,Bangalore,Instagram,2025-04-16
C00285,Kollam,Organic,2025-01-21
C00286,Coimbatore,Instagram,2024-09-13
C00287,TVM,Influencer,2025-10-04
C00288,Chennai,Instagram,2025-10-27
C00289,Mumbai,Referral,2025-01-17
C00290,Thrissur,Referral,2025-12-16
C00291,Bangalore,Organic,2025-07-11
C00292,Thrissur,Instagram,2025-10-16
C00293,Kochi,Influencer,2025-06-24
C00294,Kochi,Referral,2025-03-09
C00295,Chennai,Organic,2024-08-30
C00296,Mysore,Instagram,2024-12-16
C00297,Kollam,Referral,2025-09-26
C00298,Bangalore,Influencer,2024-12-11
C00299,Mysore,Influencer,2024-12-04
C00300,Kochi,Influencer,2025-03-03
C00301,Hyderabad,Organic,2024-10-13
C00302,Kollam,Referral,2025-01-20
C00303,Kottayam,Instagram,2024-11-11
C00304,Bangalore,Organic,2024-09-24
C00305,Calicut,Instagram,2024-08-09
C00306,Coimbatore,Organic,2025-03-12
C00307,Kottayam,Referral,2025-01-11
C00308,Thrissur,Referral,2025-06-20
C00309,Kochi,Organic,2024-11-27
C00310,Kollam,Organic,2025-09-23
C00311,Mysore,Instagram,2025-01-13
C00312,Hyderabad,Instagram,2025-09-12
C00313,Hyderabad,Instagram,2025-12-12
C00314,TVM,Referral,2025-07-14
C00315,Kochi,Influencer,2025-05-31
C00316,Thrissur,Referral,2024-08-22
C00317,Kottayam,Instagram,2025-09-19
C00318,Cochin,Influencer,2024-08-01
C00319,TVM,Instagram,2025-09-11
C00320,Kollam,Referral,2025-01-04
C00321,Coimbatore,Organic,2025-03-21
C00322,Cochin,Organic,2025-12-18
C00323,Calicut,Influencer,2025-11-21
C00324,Mysore,Referral,2024-07-01
C00325,Kottayam,Instagram,2025-07-10
C00326,Cochin,Influencer,2025-09-18
C00327,TVM,Referral,2025-04-27
C00328,Hyderabad,Organic,2025-07-26
C00329,Kottayam,Influencer,2025-03-10
C00330,Chennai,Organic,2024-12-08
C00331,Kottayam,Influencer,2024-12-17
C00332,Mumbai,Instagram,2024-07-09
C00333,Bangalore,Organic,2025-02-12
C00334,Mumbai,Instagram,2025-10-10
C00335,Bangalore,Instagram,2025-03-16
C00336,Bangalore,Organic,2025-08-09
C00337,Chennai,Organic,2025-12-09
C00338,Kollam,Referral,2024-07-12
C00339,TVM,Referral,2025-03-08
C00340,Thrissur,Instagram,2024-10-10
C00341,Chennai,Referral,2024-11-26
C00342,Kottayam,Instagram,2024-08-12
C00343,Hyderabad,Influencer,2025-09-10
C00344,Mysore,Influencer,2025-11-30
C00345,Kollam,Influencer,2025-08-11
C00346,Cochin,Referral,2025-05-26
C00347,Mysore,Instagram,2025-06-30
C00348,Thrissur,Instagram,2025-03-29
C00349,Kottayam,Influencer,2024-09-17
C00350,Cochin,Referral,2024-07-28
C00351,Thrissur,Organic,2024-08-21
C00352,Hyderabad,Organic,2025-12-02
C00353,Calicut,Instagram,2025-01-26
C00354,Bangalore,Instagram,2025-10-11
C00355,Mysore,Instagram,2025-06-02
C00356,Hyderabad,Referral,2024-10-31
C00357,Calicut,Instagram,2024-08-24
C00358,Mumbai,Organic,2024-11-06
C00359,Bangalore,Instagram,2025-02-22
C00360,Bangalore,Referral,2025-11-21
C00361,Hyderabad,Referral,2025-08-19
C00362,Bangalore,Organic,2025-07-14
C00363,Kottayam,Influencer,2025-02-20
C00364,TVM,Referral,2025-02-07
C00365,Kottayam,Influencer,2025-02-12
C00366,Mysore,Organic,2024-10-24
C00367,Kottayam,Influencer,2025-06-01
C00368,Mumbai,Instagram,2024-09-15
C00369,Mumbai,Influencer,2025-05-06
C00370,Kochi,Organic,2024-10-18
C00371,Kottayam,Referral,2025-12-09
C00372,Coimbatore,Organic,2025-12-21
C00373,Kochi,Referral,2024-08-06
C00374,Chennai,Influencer,2025-11-13
C00375,Chennai,Influencer,2024-11-07
C00376,Kochi,Organic,2025-10-23
C00377,Kottayam,Instagram,2025-07-13
C00378,Chennai,Organic,2024-12-16
C00379,Kollam,Referral,2024-07-26
C00380,Kollam,Instagram,2025-01-28
C00381,Bangalore,Organic,2025-12-12
C00382,Kottayam,Organic,2024-09-28
C00383,Mysore,Organic,2025-10-16
C00384,Thrissur,Influencer,2025-12-03
C00385,Calicut,Referral,2025-04-28
C00386,Hyderabad,Instagram,2025-12-13
C00387,Kottayam,Organic,2025-04-07
C00388,Calicut,Instagram,2025-05-04
C00389,Mumbai,Instagram,2024-07-04
C00390,TVM,Instagram,2025-06-03
C00391,Kottayam,Referral,2025-06-03
C00392,Kochi,Influencer,2024-07-20
C00393,Kochi,Instagram,2025-01-05
C00394,Kochi,Influencer,2025-12-29
C00395,Kottayam,Influencer,2025-08-18
C00396,Mumbai,Instagram,2025-07-04
C00397,Kottayam,Influencer,2024-11-02
C00398,Calicut,Referral,2025-11-21
C00399,Cochin,Referral,2024-10-17
C00400,Calicut,Referral,2025-02-24
C00401,Coimbatore,Influencer,2025-03-11
C00402,Mysore,Instagram,2024-07-05
C00403,Calicut,Organic,2025-08-13
C00404,Mysore,Organic,2025-12-27
C00405,Hyderabad,Influencer,2024-07-07
C00406,Mumbai,Instagram,2024-08-18
C00407,Thrissur,Instagram,2025-02-04
C00408,Thrissur,Instagram,2025-01-31
C00409,Hyderabad,Instagram,2024-11-19
C00410,Cochin,Influencer,2025-12-21
C00411,Mumbai,Instagram,2025-06-28
C00412,Cochin,Organic,2025-11-03
C00413,Kottayam,Organic,2025-03-11
C00414,Kollam,Organic,2024-09-03
C00415,Mysore,Influencer,2025-06-16
C00416,Thrissur,Organic,2025-05-15
C00417,Hyderabad,Referral,2025-01-30
C00418,Mysore,Instagram,2024-08-12
C00419,Mysore,Instagram,2025-07-25
C00420,Thrissur,Organic,2024-10-26
C00421,Kollam,,2024-08-21
C00422,Kochi,Influencer,2025-02-01
C00423,Chennai,Instagram,2024-09-02
C00424,Mumbai,Referral,2024-07-22
C00425,Chennai,Influencer,2024-09-13
C00426,Mysore,Influencer,2025-09-01
C00427,TVM,,2024-11-21
C00428,Mysore,Organic,2025-07-01
C00429,Coimbatore,Influencer,2025-02-16
C00430,Hyderabad,Influencer,2025-10-10
C00431,Bangalore,Organic,2025-05-14
C00432,Mysore,Instagram,2025-01-04
C00433,Kollam,Organic,2025-06-27
C00434,Mysore,Influencer,2025-07-06
C00435,Chennai,Organic,2024-12-18
C00436,Chennai,Referral,2025-03-10
C00437,Kollam,Instagram,2025-12-14
C00438,Calicut,Referral,2025-03-05
C00439,Chennai,Instagram,2024-09-10
C00440,Chennai,Organic,2024-07-04
C00441,Mysore,Referral,2024-08-14
C00442,Chennai,Instagram,2025-05-19
C00443,Mysore,Referral,2025-01-01
C00444,Coimbatore,Instagram,2025-03-13
C00445,Kottayam,Organic,2025-12-15
C00446,Bangalore,Organic,2024-10-16
C00447,Coimbatore,Instagram,2025-11-09
C00448,Bangalore,Organic,2024-12-15
C00449,Mumbai,Referral,2024-11-20
C00450,Mysore,Organic,2024-12-18
C00451,Cochin,Influencer,2024-11-17
C00452,Hyderabad,Instagram,2025-03-12
C00453,Mysore,Referral,2025-11-18
C00454,Calicut,Organic,2025-09-26
C00455,Thrissur,Instagram,2024-12-09
C00456,Kollam,Influencer,2024-11-16
C00457,Kollam,Influencer,2025-08-09
C00458,Bangalore,Organic,2025-04-09
C00459,Kochi,Influencer,2024-12-16
C00460,Thrissur,Referral,2024-12-30
C00461,Coimbatore,Organic,2024-12-08
C00462,Mumbai,Influencer,2025-04-10
C00463,Calicut,Organic,2025-10-05
C00464,TVM,Influencer,2025-05-06
C00465,Hyderabad,Influencer,2025-11-10
C00466,Mumbai,Influencer,2025-01-01
C00467,Kochi,Influencer,2024-07-02
C00468,Kochi,Referral,2025-11-21
C00469,Kollam,Referral,2024-07-31
C00470,Kochi,Influencer,2024-08-07
C00471,TVM,Referral,2025-08-25
C00472,Bangalore,Influencer,2025-08-20
C00473,Thrissur,Instagram,2025-11-05
C00474,Kottayam,Influencer,2025-02-03
C00475,Chennai,Referral,2025-07-16
C00476,Mysore,Instagram,2025-03-08
C00477,Kollam,Instagram,2024-12-07
C00478,Kollam,Instagram,2025-02-26
C00479,Kollam,Organic,2024-10-26
C00480,Mumbai,,2024-07-13
C00481,Kochi,Influencer,2025-11-18
C00482,Bangalore,Instagram,2025-01-16
C00483,Kottayam,Organic,2025-07-13
C00484,Bangalore,Instagram,2025-01-08
C00485,Thrissur,Organic,2025-07-27
C00486,Hyderabad,Influencer,2025-11-05
C00487,Mysore,Organic,2024-08-07
C00488,Bangalore,Instagram,2025-03-10
C00489,Kollam,Referral,2025-11-15
C00490,Kollam,Influencer,2024-08-14
C00491,Bangalore,Referral,2025-01-22
C00492,Mumbai,Influencer,2024-07-06
C00493,Thrissur,Instagram,2025-08-24
C00494,Thrissur,Influencer,2025-08-26
C00495,Coimbatore,Influencer,2025-11-07
C00496,Hyderabad,Referral,2025-08-21
C00497,Hyderabad,Organic,2024-12-18
C00498,Kochi,Referral,2024-11-05
C00499,TVM,Influencer,2025-12-07
C00500,Thrissur,Referral,2025-09-22
C00501,Calicut,Instagram,2024-10-22
C00502,Chennai,Instagram,2024-11-13
C00503,Kollam,Instagram,2024-12-22
C00504,TVM,Referral,2024-09-25
C00505,Bangalore,Referral,2025-10-08
C00506,Mysore,Referral,2024-11-01
C00507,Mumbai,Instagram,2025-04-02
C00508,Kottayam,Referral,2025-12-26
C00509,Thrissur,Organic,2025-09-17
C00510,Bangalore,Influencer,2024-12-27
C00511,Chennai,Instagram,2025-02-19
C00512,Hyderabad,Influencer,2024-10-03
C00513,Chennai,Organic,2025-04-20
C00514,Kochi,Instagram,2025-07-18
C00515,Mysore,Organic,2024-11-14
C00516,Kollam,Referral,2024-11-10
C00517,Hyderabad,Referral,2025-07-18
C00518,Coimbatore,Organic,2025-06-25
C00519,Kochi,Influencer,2025-11-11
C00520,Chennai,Referral,2025-12-22
C00521,Kollam,Referral,2025-10-13
C00522,Mysore,Influencer,2024-08-16
C00523,Kottayam,Organic,2025-10-09
C00524,Bangalore,Referral,2024-10-15
C00525,Mysore,Organic,2025-12-20
C00526,Hyderabad,Instagram,2025-11-22
C00527,Hyderabad,Referral,2024-07-15
C00528,Mumbai,Referral,2025-07-24
C00529,Kollam,Instagram,2024-09-08
C00530,TVM,Influencer,2025-05-10
C00531,TVM,Referral,2024-11-19
C00532,Mysore,Referral,2025-11-14
C00533,Mumbai,Organic,2025-08-04
C00534,Hyderabad,Instagram,2025-08-13
C00535,Thrissur,Organic,2025-03-02
C00536,Kottayam,Influencer,2025-08-09
C00537,Chennai,Organic,2025-05-28
C00538,Bangalore,Referral,2024-08-06
C00539,Thrissur,Influencer,2024-10-10
C00540,Cochin,Referral,2025-02-27
C00541,Kottayam,Referral,2025-06-22
C00542,Bangalore,Organic,2025-10-26
C00543,Kollam,Instagram,2025-12-23
C00544,Mumbai,Influencer,2025-04-05
C00545,Thrissur,Influencer,2025-11-23
C00546,Mumbai,Referral,2025-07-03
C00547,Chennai,Instagram,2025-06-13
C00548,Kochi,Referral,2025-12-28
C00549,Mumbai,Influencer,2025-04-09
C00550,Mysore,Referral,2025-06-15
C00551,Hyderabad,Organic,2025-03-12
C00552,Bangalore,Influencer,2025-08-07
C00553,Mysore,Influencer,2025-03-17
C00554,Kottayam,Organic,2024-10-22
C00555,Bangalore,Influencer,2025-07-08
C00556,Hyderabad,Organic,2025-04-06
C00557,Hyderabad,Organic,2024-10-31
C00558,Calicut,Referral,2025-02-21
C00559,Bangalore,Organic,2025-05-19
C00560,Thrissur,Instagram,2025-04-02
C00561,Mysore,Organic,2024-07-08
C00562,Mumbai,Instagram,2024-11-18
C00563,Kochi,Influencer,2025-04-13
C00564,Kochi,Referral,2025-07-10
C00565,Thrissur,Influencer,2024-07-29
C00566,Thrissur,Influencer,2025-09-25
C00567,Bangalore,Referral,2025-06-07
C00568,Mumbai,Referral,2025-05-07
C00569,Mysore,Instagram,2024-07-06
C00570,Kollam,Referral,2025-02-13
C00571,Kottayam,Influencer,2025-05-07
C00572,Mumbai,Influencer,2025-10-16
C00573,TVM,Influencer,2025-08-03
C00574,Bangalore,Instagram,2024-12-09
C00575,Mysore,Instagram,2025-06-29
C00576,Kochi,Referral,2025-05-25
C00577,Mumbai,Referral,2025-04-23
C00578,Mysore,Influencer,2025-10-27
C00579,Coimbatore,Influencer,2024-08-03
C00580,Thrissur,Instagram,2025-03-27
C00581,Coimbatore,Organic,2025-07-21
C00582,Thrissur,Organic,2025-10-08
C00583,Bangalore,Instagram,2024-09-08
C00584,Thrissur,Organic,2024-12-15
C00585,Hyderabad,Organic,2024-12-04
C00586,TVM,Instagram,2025-01-05
C00587,Kochi,Referral,2025-05-02
C00588,TVM,Influencer,2025-12-15
C00589,Mumbai,Influencer,2024-09-27
C00590,Kochi,Influencer,2024-07-23
C00591,TVM,Instagram,2024-09-26
C00592,Hyderabad,Referral,2025-01-01
C00593,Kollam,Referral,2025-12-23
C00594,TVM,Influencer,2024-11-10
C00595,TVM,Referral,2025-12-21
C00596,Mysore,Instagram,2025-12-21
C00597,TVM,Instagram,2025-05-16
C00598,Cochin,Influencer,2024-09-29
C00599,Mysore,Referral,2025-10-23
C00600,Thrissur,Influencer,2024-10-04
C00601,Chennai,Instagram,2025-01-20
C00602,Kottayam,Instagram,2025-01-06
C00603,Hyderabad,Organic,2024-12-05
C00604,Coimbatore,Referral,2025-04-01
C00605,Bangalore,Instagram,2024-09-02
C00606,Hyderabad,Referral,2025-07-01
C00607,Mumbai,Organic,2025-07-27
C00608,Thrissur,Referral,2025-09-04
C00609,Thrissur,Organic,2025-12-22
C00610,Kottayam,Influencer,2025-03-23
C00611,Coimbatore,Influencer,2024-11-28
C00612,Calicut,Referral,2025-07-09
C00613,Kollam,Referral,2025-10-11
C00614,Cochin,Instagram,2024-07-16
C00615,Kochi,Instagram,2024-11-27
C00616,Kottayam,Instagram,2025-01-11
C00617,Kollam,Organic,2025-12-09
C00618,Thrissur,Organic,2025-12-08
C00619,Thrissur,Instagram,2025-10-14
C00620,Mumbai,Influencer,2025-05-07
C00621,Mysore,Organic,2025-03-13
C00622,Mumbai,Influencer,2024-12-12
C00623,Calicut,Influencer,2025-03-25
C00624,Kottayam,Referral,2024-08-02
C00625,Thrissur,Instagram,2025-12-04
C00626,Kollam,Influencer,2024-12-21
C00627,Kochi,Organic,2024-10-12
C00628,Calicut,Instagram,2025-08-23
C00629,Hyderabad,Instagram,2025-12-29
C00630,Bangalore,Referral,2024-07-21
C00631,Hyderabad,Referral,2025-12-24
C00632,Mysore,Organic,2025-07-18
C00633,Mumbai,Influencer,2025-04-09
C00634,Mumbai,Organic,2025-05-27
C00635,Mysore,Organic,2025-02-04
C00636,Calicut,Organic,2025-04-19
C00637,Kochi,Referral,2024-09-18
C00638,Calicut,Referral,2025-07-22
C00639,Mumbai,Influencer,2025-11-17
C00640,Kollam,Referral,2025-07-03
C00641,Hyderabad,Influencer,2024-08-02
C00642,Hyderabad,Influencer,2025-08-06
C00643,Cochin,Referral,2024-11-10
C00644,Kochi,Influencer,2024-07-16
C00645,Coimbatore,Influencer,2025-03-21
C00646,Bangalore,Organic,2025-10-11
C00647,Cochin,Instagram,2025-10-28
C00648,Hyderabad,Organic,2024-11-26
C00649,Thrissur,Influencer,2025-05-01
C00650,Bangalore,Instagram,2024-10-06
C00651,Kollam,Organic,2025-05-24
C00652,Hyderabad,Organic,2024-08-22
C00653,Calicut,Organic,2025-08-03
C00654,Mysore,Organic,2025-09-28
C00655,Mumbai,Instagram,2025-08-14
C00656,Coimbatore,Referral,2025-05-20
C00657,Coimbatore,Influencer,2024-11-07
C00658,Bangalore,Organic,2025-06-04
C00659,TVM,Organic,2024-10-10
C00660,Thrissur,Influencer,2025-10-27
C00661,Mumbai,Instagram,2025-11-30
C00662,Mumbai,Organic,2025-01-27
C00663,Calicut,Organic,2025-07-13
C00664,TVM,Organic,2024-09-30
C00665,Coimbatore,Organic,2024-12-05
C00666,Hyderabad,Influencer,2024-07-01
C00667,Chennai,Referral,2025-10-09
C00668,Chennai,Referral,2025-08-26
C00669,Kochi,Referral,2024-07-28
C00670,Kochi,Instagram,2024-12-02
C00671,Bangalore,Instagram,2025-12-01
C00672,Chennai,Influencer,2025-04-21
C00673,Kottayam,Referral,2025-02-09
C00674,Mumbai,Influencer,2025-07-24
C00675,Cochin,Influencer,2024-07-15
C00676,Coimbatore,Instagram,2024-08-11
C00677,Mysore,Influencer,2025-10-30
C00678,Kollam,Influencer,2024-07-20
C00679,Kollam,Influencer,2024-09-15
C00680,Calicut,Influencer,2025-05-23
C00681,Bangalore,Referral,2025-03-19
C00682,Cochin,Referral,2025-09-27
C00683,Hyderabad,Referral,2024-10-24
C00684,Calicut,Organic,2024-12-10
C00685,Mysore,Organic,2025-01-26
C00686,Kochi,Organic,2024-07-21
C00687,Coimbatore,Referral,2025-02-28
C00688,Mysore,Instagram,2025-05-03
C00689,Coimbatore,Referral,2024-08-08
C00690,Coimbatore,Referral,2025-07-13
C00691,Cochin,Referral,2025-11-05
C00692,TVM,Influencer,2025-02-08
C00693,Mysore,Organic,2024-10-15
C00694,Mumbai,Instagram,2024-08-09
C00695,Mysore,Instagram,2024-07-08
C00696,Calicut,Organic,2024-11-13
C00697,Calicut,Organic,2024-10-21
C00698,Chennai,Instagram,2024-10-13
C00699,Bangalore,Organic,2025-03-12
C00700,Mumbai,Instagram,2024-12-15
C00701,Kollam,Referral,2025-09-13
C00702,Kochi,Influencer,2025-11-25
C00703,Kottayam,Organic,2025-09-30
C00704,Thrissur,Instagram,2025-01-11
C00705,Bangalore,Referral,2025-04-28
C00706,Calicut,Instagram,2025-08-02
C00707,Kottayam,Instagram,2025-10-29
C00708,TVM,Organic,2024-11-08
C00709,Cochin,Referral,2025-02-08
C00710,Kottayam,Influencer,2024-08-15
C00711,Kottayam,Influencer,2024-07-11
C00712,Coimbatore,Referral,2025-03-12
C00713,Kollam,Influencer,2025-12-31
C00714,Hyderabad,Organic,2025-02-27
C00715,Bangalore,Influencer,2025-07-23
C00716,Chennai,Instagram,2024-12-30
C00717,Mysore,Referral,2025-03-29
C00718,Mumbai,Influencer,2024-09-08
C00719,TVM,Organic,2025-05-21
C00720,TVM,Organic,2025-11-30
C00721,Bangalore,Influencer,2025-09-05
C00722,Hyderabad,Instagram,2025-09-09
C00723,Calicut,Organic,2025-11-23
C00724,Coimbatore,Organic,2025-07-18
C00725,Kollam,Influencer,2025-01-25
C00726,Kochi,Instagram,2025-03-16
C00727,Coimbatore,Instagram,2025-08-01
C00728,Kottayam,Referral,2025-11-23
C00729,Kollam,Referral,2024-10-17
C00730,TVM,Referral,2025-12-06
C00731,Calicut,Organic,2024-09-28
C00732,TVM,Instagram,2025-08-22
C00733,Kochi,Instagram,2025-12-06
C00734,Hyderabad,Instagram,2024-11-23
C00735,Mysore,Influencer,2025-06-30
C00736,Kottayam,Organic,2025-05-22
C00737,Cochin,Influencer,2025-04-13
C00738,Bangalore,Influencer,2024-07-13
C00739,Kollam,Organic,2025-03-05
C00740,Cochin,Instagram,2024-12-18
C00741,TVM,Referral,2025-08-07
C00742,Kottayam,Influencer,2025-07-23
C00743,Kollam,Instagram,2024-07-07
C00744,Kottayam,Instagram,2025-05-06
C00745,Mysore,Instagram,2025-07-23
C00746,Mumbai,Referral,2024-08-30
C00747,Kollam,Influencer,2025-07-18
C00748,Kochi,Instagram,2025-10-31
C00749,Kochi,Organic,2025-08-07
C00750,Bangalore,Organic,2025-12-27
C00751,Bangalore,Organic,2024-11-30
C00752,Chennai,Instagram,2025-10-06
C00753,Coimbatore,Influencer,2024-08-30
C00754,Coimbatore,Organic,2025-02-07
C00755,Kochi,Influencer,2025-12-13
C00756,Kottayam,Organic,2025-10-02
C00757,Chennai,Instagram,2024-08-29
C00758,Calicut,Organic,2024-12-02
C00759,Hyderabad,Referral,2025-04-01
C00760,Mysore,Referral,2024-10-08
C00761,Kochi,Instagram,2025-07-26
C00762,Coimbatore,Instagram,2024-08-09
C00763,Mumbai,Organic,2025-08-08
C00764,Kochi,Referral,2025-04-19
C00765,Mumbai,Instagram,2025-01-23
C00766,Kochi,Organic,2025-07-27
C00767,Chennai,Referral,2024-09-22
C00768,TVM,Organic,2025-02-05
C00769,TVM,Influencer,2025-01-16
C00770,Kottayam,Instagram,2024-11-26
C00771,Thrissur,Instagram,2024-12-21
C00772,Kollam,Referral,2025-11-13
C00773,Kochi,Instagram,2025-12-29
C00774,Mumbai,Referral,2025-12-26
C00775,Hyderabad,Influencer,2025-10-27
C00776,Coimbatore,Influencer,2025-11-07
C00777,Kollam,Influencer,2024-12-28
C00778,Kottayam,Organic,2025-01-24
C00779,TVM,Referral,2024-07-22
C00780,Kochi,Referral,2025-12-01
C00781,Coimbatore,Instagram,2025-02-12
C00782,Mysore,Influencer,2025-06-23
C00783,Hyderabad,Referral,2024-10-14
C00784,Hyderabad,Instagram,2024-12-10
C00785,Chennai,Influencer,2025-09-03
C00786,Kollam,Organic,2025-02-27
C00787,TVM,Organic,2025-06-05
C00788,Coimbatore,Instagram,2025-08-25
C00789,Calicut,Referral,2024-08-05
C00790,Bangalore,Organic,2025-03-29
C00791,Thrissur,Referral,2025-05-26
C00792,Kochi,Instagram,2025-12-22
C00793,Kollam,Influencer,2025-11-16
C00794,Thrissur,Referral,2024-08-29
C00795,Coimbatore,Referral,2025-02-05
C00796,Mysore,Influencer,2025-07-08
C00797,Calicut,Organic,2025-10-28
C00798,Kottayam,Instagram,2025-09-09
C00799,Mysore,Instagram,2024-09-15
C00800,Kollam,Influencer,2025-02-10
C00801,Mumbai,Organic,2025-03-13
C00802,Mysore,Instagram,2025-07-12
C00803,Hyderabad,Referral,2024-11-18
C00804,Thrissur,Influencer,2025-10-09
C00805,Thrissur,Instagram,2025-04-22
C00806,Coimbatore,Referral,2025-11-30
C00807,Kollam,Organic,2025-01-31
C00808,Kottayam,Referral,2025-07-09
C00809,Kollam,Instagram,2025-12-03
C00810,Kochi,Influencer,2024-12-01
C00811,Chennai,Influencer,2024-11-09
C00812,Coimbatore,,2025-04-13
C00813,Cochin,Referral,2024-11-30
C00814,Coimbatore,Referral,2024-07-03
C00815,Coimbatore,Referral,2024-07-08
C00816,TVM,Organic,2024-09-08
C00817,Bangalore,Organic,2024-09-19
C00818,Calicut,Organic,2025-02-03
C00819,Kochi,Referral,2025-11-08
C00820,Kollam,Referral,2025-03-13
C00821,Calicut,Instagram,2024-09-17
C00822,Mumbai,Influencer,2025-07-18
C00823,Mumbai,Instagram,2025-07-04
C00824,Bangalore,Organic,2024-07-29
C00825,Calicut,Instagram,2024-08-22
C00826,Thrissur,Instagram,2025-08-02
C00827,Kollam,Organic,2025-07-18
C00828,Coimbatore,Instagram,2025-02-19
C00829,Mumbai,Influencer,2024-11-03
C00830,Kochi,Referral,2025-03-22
C00831,Cochin,Influencer,2025-06-12
C00832,Bangalore,Referral,2024-09-04
C00833,Coimbatore,Organic,2024-11-02
C00834,Kochi,,2025-01-01
C00835,Calicut,Organic,2024-07-16
C00836,Mysore,Influencer,2024-07-14
C00837,Kollam,Instagram,2025-05-13
C00838,TVM,Referral,2024-10-11
C00839,Calicut,Instagram,2025-06-12
C00840,Bangalore,Influencer,2025-01-20
C00841,Mumbai,Referral,2025-03-21
C00842,Mumbai,Instagram,2025-03-15
C00843,TVM,Instagram,2025-09-01
C00844,TVM,Influencer,2025-09-13
C00845,Calicut,Referral,2025-04-03
C00846,Hyderabad,Influencer,2025-01-25
C00847,Coimbatore,Referral,2025-05-15
C00848,Mumbai,Instagram,2024-09-23
C00849,TVM,Instagram,2025-07-16
C00850,Chennai,Influencer,2025-02-12
C00851,Chennai,Instagram,2025-07-07
C00852,Mysore,Organic,2025-06-20
C00853,Calicut,Organic,2025-11-25
C00854,Kochi,Referral,2024-11-14
C00855,TVM,Instagram,2025-10-17
C00856,Mysore,Organic,2025-02-26
C00857,Kochi,Referral,2025-07-09
C00858,Mumbai,Organic,2024-10-17
C00859,Kollam,Influencer,2024-07-12
C00860,Mumbai,Referral,2024-12-24
C00861,Calicut,Organic,2025-02-14
C00862,Hyderabad,Influencer,2025-01-03
C00863,Coimbatore,Influencer,2025-02-23
C00864,Mumbai,Referral,2025-05-13
C00865,Kollam,Referral,2025-04-22
C00866,Kottayam,Instagram,2024-07-29
C00867,Kochi,Referral,2024-09-21
C00868,Cochin,Instagram,2025-01-15
C00869,Calicut,Influencer,2024-11-20
C00870,Calicut,Influencer,2024-12-17
C00871,TVM,Influencer,2024-07-07
C00872,Kottayam,Organic,2025-12-13
C00873,Kochi,Instagram,2024-07-16
C00874,Chennai,Referral,2025-02-06
C00875,Cochin,Referral,2025-12-17
C00876,Calicut,Referral,2025-03-08
C00877,Kollam,Organic,2025-03-23
C00878,Mysore,Influencer,2025-09-27
C00879,Kottayam,Organic,2025-01-01
C00880,Kollam,Organic,2025-11-05
C00881,Coimbatore,Influencer,2025-09-21
C00882,TVM,Instagram,2025-07-13
C00883,Coimbatore,Referral,2024-12-11
C00884,Coimbatore,Instagram,2025-04-14
C00885,Calicut,Influencer,2025-05-18
C00886,Chennai,Instagram,2025-09-06
C00887,Mysore,Instagram,2025-07-16
C00888,Bangalore,Influencer,2025-04-15
C00889,Mumbai,Organic,2025-11-24
C00890,Mumbai,Referral,2025-04-01
C00891,Mumbai,Referral,2024-12-09
C00892,Kochi,Influencer,2024-08-21
C00893,Bangalore,Organic,2024-08-29
C00894,TVM,Organic,2025-08-03
C00895,Mumbai,Organic,2024-10-12
C00896,Cochin,Referral,2024-12-17
C00897,Thrissur,Referral,2024-07-25
C00898,Bangalore,Instagram,2025-07-28
C00899,Chennai,Influencer,2025-04-10
C00900,Mysore,Referral,2025-09-02
C00901,Hyderabad,Influencer,2025-11-29
C00902,Kottayam,Referral,2024-08-13
C00903,Kochi,Influencer,2025-07-25
C00904,Hyderabad,Instagram,2025-12-10
C00905,Chennai,Referral,2025-03-28
C00906,Kottayam,Organic,2025-07-21
C00907,Thrissur,Referral,2025-12-31
C00908,Hyderabad,Referral,2024-11-06
C00909,Kochi,Organic,2025-11-20
C00910,Kochi,Instagram,2024-09-13
C00911,Mysore,Influencer,2025-08-13
C00912,Mysore,Influencer,2024-11-17
C00913,TVM,Instagram,2025-03-21
C00914,Kollam,Organic,2025-01-13
C00915,Chennai,Referral,2025-07-21
C00916,Kollam,Influencer,2025-01-22
C00917,Bangalore,Influencer,2025-03-12
C00918,Bangalore,Organic,2024-12-20
C00919,Mysore,Referral,2024-10-02
C00920,TVM,Instagram,2025-10-02
C00921,Chennai,Referral,2025-12-31
C00922,Bangalore,Referral,2025-05-04
C00923,Mumbai,Instagram,2025-10-04
C00924,Bangalore,Influencer,2025-08-20
C00925,Kollam,Organic,2025-11-01
C00926,Kochi,Organic,2024-12-25
C00927,Kottayam,Instagram,2025-11-25
C00928,Kochi,Influencer,2025-06-03
C00929,Coimbatore,Referral,2025-05-13
C00930,Bangalore,Instagram,2025-10-08
C00931,Chennai,Referral,2024-09-25
C00932,TVM,Influencer,2024-11-25
C00933,Mysore,Instagram,2025-01-31
C00934,Chennai,Influencer,2025-01-04
C00935,Chennai,Referral,2024-08-24
C00936,Bangalore,Instagram,2025-11-21
C00937,Hyderabad,Referral,2024-09-08
C00938,Chennai,Instagram,2025-07-15
C00939,Chennai,Instagram,2025-07-02
C00940,Kollam,Referral,2025-11-01
C00941,Calicut,Organic,2024-07-21
C00942,Kochi,Referral,2024-08-11
C00943,Coimbatore,Instagram,2025-09-25
C00944,Kottayam,Organic,2025-11-16
C00945,Kochi,Instagram,2025-07-13
C00946,Kollam,Organic,2024-11-21
C00947,TVM,Instagram,2025-01-11
C00948,Hyderabad,Referral,2024-08-13
C00949,Kollam,Instagram,2025-07-31
C00950,Kottayam,Organic,2025-02-15
C00951,Coimbatore,Instagram,2025-01-13
C00952,Coimbatore,Influencer,2025-12-30
C00953,Hyderabad,Organic,2025-12-06
C00954,Coimbatore,Influencer,2025-08-28
C00955,Kollam,Influencer,2025-08-13
C00956,Chennai,Instagram,2025-12-13
C00957,Coimbatore,Influencer,2025-09-05
C00958,TVM,Referral,2025-03-10
C00959,Mumbai,Influencer,2024-10-26
C00960,Thrissur,Organic,2025-01-19
C00961,Mysore,Referral,2024-08-26
C00962,Kochi,Organic,2024-12-19
C00963,Calicut,Instagram,2024-12-01
C00964,Hyderabad,Organic,2024-10-21
C00965,Chennai,Influencer,2025-10-08
C00966,Hyderabad,Organic,2024-08-22
C00967,Kollam,Organic,2024-07-04
C00968,Bangalore,Referral,2025-09-10
C00969,Mumbai,Organic,2024-09-25
C00970,Kottayam,Referral,2025-03-19
C00971,Bangalore,Organic,2025-02-25
C00972,Calicut,Influencer,2024-12-27
C00973,TVM,Instagram,2025-03-09
C00974,Hyderabad,Organic,2025-04-06
C00975,Kottayam,,2024-07-05
C00976,Mumbai,Influencer,2024-11-18
C00977,Kochi,Referral,2025-02-25
C00978,Coimbatore,Referral,2025-04-05
C00979,Bangalore,Influencer,2025-12-12
C00980,Kottayam,Referral,2025-08-19
C00981,Mysore,Influencer,2024-12-18
C00982,Kollam,Referral,2025-10-07
C00983,Kochi,Organic,2025-12-08
C00984,TVM,Organic,2024-07-09
C00985,Bangalore,Influencer,2024-09-13
C00986,Kottayam,Influencer,2025-12-22
C00987,Hyderabad,Referral,2025-02-06
C00988,Mysore,Instagram,2025-07-06
C00989,Coimbatore,Influencer,2025-02-15
C00990,Cochin,Influencer,2024-10-30
C00991,Kottayam,Referral,2025-03-30
C00992,Kollam,Instagram,2024-11-27
C00993,TVM,Referral,2025-12-16
C00994,Coimbatore,Organic,2025-03-11
C00995,Kochi,Referral,2025-02-27
C00996,Thrissur,Influencer,2024-10-17
C00997,Mumbai,Referral,2024-07-01
C00998,Mumbai,Influencer,2025-12-10
C00999,Bangalore,Referral,2025-10-06
C01000,Kottayam,Organic,2024-08-10
C01001,Thrissur,Influencer,2025-10-26
C01002,Calicut,Referral,2024-07-21
C01003,TVM,Organic,2024-07-17
C01004,Coimbatore,Referral,2024-10-07
C01005,Mumbai,Influencer,2025-08-22
C01006,Kochi,Referral,2025-02-07
C01007,Calicut,Instagram,2024-08-18
C01008,Mysore,Organic,2025-03-16
C01009,Hyderabad,Organic,2025-09-11
C01010,Kottayam,Influencer,2024-08-05
C01011,Kollam,Referral,2025-04-23
C01012,Coimbatore,Influencer,2025-06-25
C01013,Kochi,Organic,2025-08-26
C01014,Kochi,Referral,2024-07-14
C01015,Chennai,Organic,2024-08-05
C01016,Kochi,Instagram,2025-12-21
C01017,Cochin,Organic,2024-07-22
C01018,Kottayam,Influencer,2025-04-22
C01019,Kollam,Influencer,2025-07-23
C01020,Kochi,Organic,2025-03-06
C01021,Chennai,Organic,2025-06-09
C01022,Thrissur,Influencer,2025-10-18
C01023,Kottayam,Organic,2025-12-31
C01024,Calicut,Organic,2025-06-18
C01025,Chennai,Influencer,2025-07-30
C01026,Hyderabad,Instagram,2025-08-23
C01027,Kollam,,2024-10-26
C01028,Calicut,Organic,2024-12-25
C01029,Thrissur,Instagram,2025-07-09
C01030,Cochin,Instagram,2025-11-13
C01031,Cochin,Instagram,2025-10-13
C01032,Kottayam,Referral,2025-11-18
C01033,TVM,Instagram,2024-12-05
C01034,TVM,Referral,2025-09-02
C01035,Hyderabad,Referral,2024-08-06
C01036,Thrissur,Organic,2025-11-25
C01037,Kollam,Instagram,2024-10-28
C01038,Cochin,Instagram,2025-08-13
C01039,Calicut,Organic,2025-08-07
C01040,Hyderabad,Instagram,2024-09-01
C01041,Bangalore,Referral,2025-06-17
C01042,Kochi,Influencer,2024-09-11
C01043,Chennai,Referral,2025-12-22
C01044,Kollam,Organic,2025-07-24
C01045,Calicut,Referral,2024-12-29
C01046,Kochi,Influencer,2025-04-03
C01047,Chennai,Referral,2025-03-07
C01048,TVM,Influencer,2025-07-16
C01049,TVM,Instagram,2024-08-18
C01050,Chennai,Instagram,2024-07-09
C01051,Chennai,Referral,2025-12-08
C01052,Calicut,Organic,2025-08-22
C01053,Hyderabad,Referral,2024-08-12
C01054,Mysore,Organic,2025-07-06
C01055,Bangalore,Influencer,2024-12-04
C01056,Thrissur,Influencer,2025-03-06
C01057,Kochi,Instagram,2024-08-26
C01058,Mumbai,Referral,2025-10-08
C01059,Calicut,Referral,2024-09-12
C01060,Hyderabad,Influencer,2025-01-14
C01061,TVM,Organic,2024-07-22
C01062,Calicut,,2024-09-27
C01063,Hyderabad,Influencer,2025-02-09
C01064,Calicut,Influencer,2025-03-01
C01065,Chennai,Instagram,2024-11-13
C01066,TVM,Instagram,2025-12-08
C01067,Mysore,Influencer,2025-04-29
C01068,Hyderabad,Influencer,2025-10-13
C01069,Mumbai,Referral,2025-10-08
C01070,Coimbatore,Referral,2024-08-14
C01071,Mumbai,Organic,2025-04-25
C01072,Mumbai,Referral,2024-12-25
C01073,Coimbatore,Organic,2025-12-17
C01074,Hyderabad,Instagram,2024-08-05
C01075,TVM,Referral,2025-03-09
C01076,Kottayam,Organic,2025-08-21
C01077,Kottayam,Instagram,2025-04-17
C01078,Calicut,Influencer,2024-08-04
C01079,TVM,Organic,2024-07-09
C01080,Kollam,Influencer,2025-12-05
C01081,Kollam,Organic,2025-03-17
C01082,Calicut,Instagram,2025-11-05
C01083,TVM,Organic,2025-10-13
C01084,Chennai,Instagram,2025-06-03
C01085,Thrissur,Influencer,2025-02-07
C01086,Hyderabad,Instagram,2025-03-30
C01087,Thrissur,Organic,2025-09-10
C01088,Kottayam,Instagram,2025-08-30
C01089,Coimbatore,Instagram,2024-12-13
C01090,Calicut,Referral,2024-08-06
C01091,TVM,Organic,2025-07-20
C01092,Calicut,Instagram,2025-03-16
C01093,Coimbatore,Influencer,2024-12-18
C01094,Bangalore,Instagram,2024-08-27
C01095,Kollam,Influencer,2025-10-30
C01096,Kottayam,Referral,2025-08-11
C01097,Kollam,Instagram,2025-04-12
C01098,Chennai,Instagram,2025-03-21
C01099,Mysore,Instagram,2024-08-30
C01100,Kochi,Instagram,2025-11-05
C01101,Thrissur,Influencer,2025-03-30
C01102,Bangalore,Influencer,2025-10-30
C01103,Mysore,Influencer,2024-10-10
C01104,Hyderabad,Instagram,2025-11-26
C01105,Hyderabad,Instagram,2025-12-02
C01106,Kottayam,Referral,2025-08-07
C01107,Chennai,Referral,2024-07-12
C01108,Kottayam,Influencer,2024-07-31
C01109,Mysore,Instagram,2025-12-31
C01110,Kottayam,Referral,2025-07-24
C01111,Coimbatore,Referral,2024-10-23
C01112,Mumbai,Instagram,2025-06-30
C01113,Kollam,Organic,2024-08-25
C01114,Kollam,,2025-09-13
C01115,Mumbai,Referral,2024-09-03
C01116,TVM,Referral,2025-11-21
C01117,Bangalore,Referral,2025-12-25
C01118,Cochin,Organic,2025-07-05
C01119,TVM,Organic,2025-07-22
C01120,Coimbatore,Instagram,2024-12-31
C01121,Hyderabad,Influencer,2025-08-31
C01122,Thrissur,Referral,2024-08-06
C01123,Kollam,Influencer,2025-03-21
C01124,Mumbai,Organic,2025-02-27
C01125,Kollam,Instagram,2024-12-05
C01126,Kochi,Instagram,2025-06-03
C01127,Mysore,Instagram,2025-04-29
C01128,Chennai,Instagram,2024-10-04
C01129,TVM,Organic,2025-06-09
C01130,Kottayam,Organic,2024-12-08
C01131,Calicut,Influencer,2024-11-21
C01132,Chennai,Referral,2025-01-14
C01133,Coimbatore,Influencer,2025-08-15
C01134,Thrissur,Influencer,2025-04-27
C01135,TVM,Referral,2025-11-16
C01136,Thrissur,Influencer,2025-01-06
C01137,Kochi,Organic,2025-09-30
C01138,Coimbatore,Organic,2025-12-18
C01139,Hyderabad,Organic,2024-11-30
C01140,Mumbai,Referral,2024-11-09
C01141,Kollam,Influencer,2024-10-14
C01142,TVM,Referral,2025-08-12
C01143,Kottayam,Organic,2025-09-10
C01144,Chennai,Instagram,2025-06-20
C01145,Chennai,Influencer,2025-09-04
C01146,Mumbai,Instagram,2025-11-03
C01147,Hyderabad,Organic,2025-09-03
C01148,Kottayam,Referral,2024-09-07
C01149,Bangalore,,2025-07-12
C01150,Calicut,Organic,2024-07-23
C01151,Kollam,Instagram,2025-04-09
C01152,Coimbatore,Organic,2025-11-19
C01153,Chennai,Referral,2024-12-07
C01154,Chennai,Referral,2025-08-13
C01155,Calicut,Referral,2024-09-27
C01156,Kochi,Instagram,2025-04-24
C01157,Chennai,Influencer,2024-08-15
C01158,Bangalore,Instagram,2024-12-13
C01159,Bangalore,Referral,2024-10-29
C01160,Mumbai,Referral,2025-02-22
C01161,Hyderabad,Referral,2024-10-04
C01162,TVM,Organic,2025-02-18
C01163,Chennai,Organic,2025-09-28
C01164,Kottayam,Influencer,2025-03-26
C01165,Kollam,Referral,2024-12-29
C01166,Hyderabad,Referral,2025-06-08
C01167,Thrissur,Organic,2025-03-16
C01168,Mumbai,Influencer,2025-06-30
C01169,Chennai,Instagram,2024-07-28
C01170,Coimbatore,Organic,2025-08-24
C01171,Calicut,Instagram,2025-05-13
C01172,Thrissur,Referral,2025-02-12
C01173,Thrissur,Influencer,2025-03-06
C01174,Kochi,Instagram,2024-11-13
C01175,Mumbai,Organic,2025-08-29
C01176,Calicut,Influencer,2025-12-01
C01177,Chennai,Referral,2025-06-05
C01178,Chennai,Referral,2024-09-27
C01179,Calicut,Referral,2025-01-04
C01180,TVM,Organic,2025-07-20
C01181,Calicut,Organic,2025-12-21
C01182,Calicut,Organic,2024-11-16
C01183,Calicut,Referral,2025-04-24
C01184,Hyderabad,Influencer,2025-04-26
C01185,Mysore,Influencer,2024-08-31
C01186,Mumbai,,2024-08-04
C01187,Kollam,Influencer,2025-10-07
C01188,Mysore,Organic,2025-11-29
C01189,Kochi,Organic,2025-11-26
C01190,Bangalore,Instagram,2025-11-09
C01191,Thrissur,Referral,2024-07-26
C01192,Bangalore,Influencer,2024-09-02
C01193,Kochi,Referral,2025-01-09
C01194,Thrissur,Referral,2024-12-13
C01195,Mumbai,Instagram,2025-07-18
C01196,Thrissur,Organic,2025-05-09
C01197,Mysore,Instagram,2025-07-21
C01198,Kottayam,Referral,2024-08-12
C01199,Kochi,Organic,2024-11-29
C01200,Mysore,Organic,2025-09-13
C01201,TVM,Referral,2025-09-04
C01202,Kochi,Organic,2025-01-13
C01203,Kottayam,Organic,2025-05-09
C01204,Mumbai,Instagram,2024-08-04
C01205,Cochin,Influencer,2025-10-26
C01206,Mysore,Influencer,2024-09-04
C01207,Chennai,Organic,2025-08-15
C01208,Bangalore,Referral,2025-06-03
C01209,Mysore,Referral,2024-11-07
C01210,Bangalore,Referral,2024-11-17
C01211,Bangalore,Instagram,2025-04-14
C01212,Kottayam,Influencer,2024-07-15
C01213,Kochi,Referral,2025-09-06
C01214,Coimbatore,,2025-12-02
C01215,Chennai,Referral,2025-02-02
C01216,Kottayam,Instagram,2025-09-18
C01217,Mumbai,Influencer,2024-09-07
C01218,Bangalore,Referral,2024-10-08
C01219,TVM,Influencer,2025-07-12
C01220,Mysore,Instagram,2025-07-20
C01221,Calicut,Referral,2025-01-03
C01222,Kottayam,Instagram,2025-01-28
C01223,Chennai,Influencer,2024-09-16
C01224,Thrissur,Referral,2025-03-25
C01225,Bangalore,Influencer,2025-08-16
C01226,Mumbai,Referral,2024-12-08
C01227,TVM,Referral,2025-10-03
C01228,Mysore,Referral,2024-12-31
C01229,Chennai,Instagram,2025-05-26
C01230,Thrissur,Instagram,2025-05-23
C01231,Calicut,Influencer,2025-11-09
C01232,Thrissur,Referral,2025-11-16
C01233,Calicut,Influencer,2024-10-14
C01234,Kottayam,Influencer,2025-01-21
C01235,Calicut,Referral,2025-08-25
C01236,Mysore,Referral,2025-08-23
C01237,TVM,Instagram,2025-05-28
C01238,Calicut,Organic,2025-12-09
C01239,Mysore,Organic,2025-12-08
C01240,Kochi,Organic,2024-11-03
C01241,Thrissur,Instagram,2025-07-11
C01242,Bangalore,Organic,2025-09-29
C01243,Kochi,Organic,2025-07-29
C01244,Mysore,Influencer,2025-10-07
C01245,Coimbatore,Organic,2024-12-24
C01246,Mumbai,Referral,2024-10-05
C01247,Thrissur,Influencer,2024-12-25
C01248,Bangalore,Organic,2025-10-13
C01249,Chennai,Referral,2025-09-01
C01250,Mysore,Organic,2025-09-20
C01251,Kochi,Organic,2024-11-17
C01252,Thrissur,,2025-04-05
C01253,Bangalore,Instagram,2025-09-03
C01254,Kochi,Referral,2025-07-30
C01255,Cochin,Referral,2025-10-01
C01256,Calicut,Influencer,2025-11-26
C01257,Coimbatore,Referral,2024-12-01
C01258,Chennai,Influencer,2024-09-11
C01259,Kochi,Organic,2025-06-03
C01260,Kottayam,Referral,2025-03-06
C01261,Mysore,Influencer,2025-09-03
C01262,Coimbatore,Influencer,2025-07-14
C01263,Coimbatore,Influencer,2025-05-26
C01264,Hyderabad,Influencer,2025-10-15
C01265,Cochin,Referral,2025-05-10
C01266,Chennai,Referral,2025-06-30
C01267,Bangalore,Influencer,2025-08-04
C01268,Thrissur,Organic,2024-12-06
C01269,Mysore,Instagram,2024-12-26
C01270,Coimbatore,Influencer,2024-09-09
C01271,Mysore,Organic,2024-08-22
C01272,Bangalore,Influencer,2025-09-18
C01273,Hyderabad,Referral,2024-12-31
C01274,Cochin,Influencer,2024-07-11
C01275,Calicut,Referral,2025-09-09
C01276,Coimbatore,Instagram,2024-10-13
C01277,Kochi,Referral,2024-10-23
C01278,TVM,Referral,2024-08-21
C01279,Calicut,Referral,2024-12-21
C01280,Kollam,,2025-09-20
C01281,Bangalore,Referral,2025-08-24
C01282,Chennai,Instagram,2025-04-20
C01283,Kollam,Organic,2025-10-29
C01284,Chennai,Referral,2025-06-20
C01285,Mysore,Instagram,2024-07-29
C01286,Calicut,Organic,2025-09-12
C01287,Bangalore,Instagram,2025-06-12
C01288,Coimbatore,Influencer,2025-09-15
C01289,Mumbai,Influencer,2025-05-15
C01290,Bangalore,Instagram,2025-01-07
C01291,Mumbai,Referral,2025-11-25
C01292,Mumbai,Instagram,2024-09-04
C01293,Coimbatore,Organic,2024-07-02
C01294,TVM,Referral,2025-07-23
C01295,TVM,Referral,2025-11-30
C01296,Coimbatore,Instagram,2025-08-29
C01297,Coimbatore,Organic,2025-07-10
C01298,Coimbatore,Referral,2024-11-14
C01299,TVM,Organic,2025-10-20
C01300,Chennai,Organic,2025-08-14
C01301,Coimbatore,Organic,2025-06-23
C01302,Chennai,Organic,2024-07-10
C01303,Chennai,Influencer,2025-11-29
C01304,Kottayam,Referral,2025-02-21
C01305,Kochi,Instagram,2024-07-28
C01306,Kochi,Influencer,2024-10-20
C01307,Kochi,Referral,2025-05-23
C01308,Hyderabad,Instagram,2025-09-26
C01309,Kochi,Instagram,2025-05-04
C01310,Kochi,Referral,2024-09-13
C01311,Chennai,Referral,2025-10-15
C01312,Coimbatore,Instagram,2025-06-05
C01313,TVM,Influencer,2024-11-01
C01314,Kottayam,Influencer,2024-12-14
C01315,Kochi,Influencer,2025-06-21
C01316,Cochin,Influencer,2025-05-02
C01317,Mysore,Organic,2024-10-22
C01318,Kottayam,Influencer,2025-01-29
C01319,Mumbai,Organic,2025-07-17
C01320,Coimbatore,Influencer,2024-09-16
C01321,Coimbatore,Organic,2024-11-26
C01322,Kochi,Organic,2025-07-06
C01323,TVM,Organic,2025-07-18
C01324,Hyderabad,Influencer,2025-07-23
C01325,Coimbatore,Organic,2024-07-31
C01326,Mumbai,Organic,2025-12-01
C01327,Bangalore,Instagram,2024-09-13
C01328,Chennai,Instagram,2025-05-18
C01329,Bangalore,Organic,2025-10-26
C01330,Kollam,Organic,2025-10-24
C01331,Mysore,Influencer,2025-07-30
C01332,Hyderabad,Organic,2024-10-27
C01333,Coimbatore,Referral,2025-06-09
C01334,Hyderabad,Organic,2025-04-16
C01335,Cochin,Instagram,2024-10-08
C01336,Hyderabad,Instagram,2024-08-13
C01337,Kochi,Referral,2025-07-25
C01338,Calicut,Instagram,2024-12-16
C01339,Thrissur,Instagram,2025-08-06
C01340,Kochi,Organic,2025-08-31
C01341,Bangalore,Instagram,2025-12-29
C01342,Cochin,Influencer,2025-05-17
C01343,Mumbai,Referral,2024-10-18
C01344,Coimbatore,Influencer,2025-08-06
C01345,Chennai,Influencer,2025-12-22
C01346,Bangalore,Influencer,2025-01-03
C01347,Kochi,Instagram,2025-11-19
C01348,Thrissur,Instagram,2024-11-04
C01349,Mysore,Instagram,2024-11-22
C01350,Hyderabad,Referral,2025-02-24
C01351,Bangalore,Influencer,2025-02-01
C01352,Coimbatore,Instagram,2024-07-05
C01353,Kollam,Influencer,2024-07-12
C01354,Kottayam,Organic,2024-09-06
C01355,TVM,Organic,2025-01-06
C01356,Calicut,Influencer,2024-11-05
C01357,Hyderabad,Organic,2025-02-13
C01358,Calicut,Instagram,2024-11-27
C01359,Mysore,Referral,2025-03-07
C01360,Kochi,Instagram,2025-11-30
C01361,Mumbai,Influencer,2025-02-27
C01362,Chennai,Influencer,2025-03-31
C01363,Thrissur,Influencer,2024-12-07
C01364,Bangalore,Organic,2025-02-01
C01365,Calicut,Organic,2025-11-07
C01366,Hyderabad,Instagram,2025-06-19
C01367,Calicut,Influencer,2025-08-31
C01368,Thrissur,Referral,2025-03-22
C01369,Kochi,Influencer,2025-10-30
C01370,Kochi,Instagram,2024-09-19
C01371,Kottayam,Influencer,2024-10-08
C01372,Kollam,Influencer,2024-07-31
C01373,Chennai,Instagram,2024-12-06
C01374,Bangalore,Organic,2025-05-31
C01375,Mumbai,Organic,2024-12-09
C01376,Mumbai,Instagram,2025-05-04
C01377,Mysore,Influencer,2025-01-21
C01378,Bangalore,Instagram,2025-10-13
C01379,Kochi,Organic,2025-12-09
C01380,Calicut,Organic,2024-08-05
C01381,Thrissur,Referral,2025-11-23
C01382,Kochi,Referral,2025-05-03
C01383,Cochin,Referral,2025-08-20
C01384,Bangalore,Influencer,2025-07-29
C01385,Coimbatore,Referral,2025-03-24
C01386,Hyderabad,Organic,2025-02-13
C01387,Mysore,Influencer,2025-05-17
C01388,TVM,Influencer,2025-11-02
C01389,Thrissur,Referral,2025-01-05
C01390,Kochi,Organic,2025-04-19
C01391,Kottayam,Instagram,2025-11-26
C01392,Kollam,Organic,2024-07-19
C01393,Mysore,Organic,2025-06-22
C01394,Kochi,Organic,2024-12-21
C01395,Chennai,Instagram,2025-04-17
C01396,Kollam,Referral,2024-12-22
C01397,Mysore,Referral,2024-10-30
C01398,Kollam,Instagram,2025-03-30
C01399,Thrissur,Influencer,2025-07-30
C01400,Calicut,Organic,2025-06-13
C01401,Mysore,Instagram,2025-11-29
C01402,Kollam,Referral,2025-03-11
C01403,Chennai,Influencer,2024-07-25
C01404,Thrissur,Influencer,2024-09-06
C01405,Kottayam,Organic,2024-11-17
C01406,Kochi,Influencer,2025-07-27
C01407,Kottayam,Instagram,2025-08-10
C01408,Cochin,Referral,2024-08-15
C01409,Hyderabad,Influencer,2025-09-05
C01410,Coimbatore,Influencer,2025-11-27
C01411,Hyderabad,Influencer,2025-12-25
C01412,Bangalore,Instagram,2025-11-23
C01413,Mysore,Influencer,2024-11-04
C01414,Kollam,Organic,2024-07-12
C01415,Chennai,Influencer,2024-07-05
C01416,Mysore,Influencer,2025-04-27
C01417,Calicut,Influencer,2025-01-17
C01418,Mumbai,Referral,2025-04-27
C01419,TVM,Organic,2025-11-02
C01420,Hyderabad,Referral,2024-10-16
C01421,Kottayam,Referral,2025-11-18
C01422,Mysore,Referral,2025-06-11
C01423,Kottayam,Instagram,2024-09-07
C01424,Thrissur,Influencer,2025-01-10
C01425,Kottayam,Instagram,2025-07-21
C01426,Mysore,Referral,2025-02-28
C01427,Thrissur,Referral,2024-11-05
C01428,Kochi,,2025-05-13
C01429,TVM,Organic,2025-02-25
C01430,TVM,Instagram,2024-11-14
C01431,Kollam,Influencer,2024-11-25
C01432,Cochin,Referral,2024-10-09
C01433,Kochi,Organic,2025-03-23
C01434,Chennai,Instagram,2025-08-21
C01435,Thrissur,Instagram,2025-02-03
C01436,Kollam,Instagram,2025-12-31
C01437,Kochi,Influencer,2025-06-09
C01438,TVM,Organic,2025-08-27
C01439,Kochi,Influencer,2025-12-25
C01440,Mumbai,Influencer,2025-01-29
C01441,Mysore,,2025-06-24
C01442,Mumbai,Instagram,2025-09-20
C01443,Hyderabad,Instagram,2024-10-22
C01444,Thrissur,Influencer,2024-08-13
C01445,Mysore,Instagram,2025-07-01
C01446,Thrissur,Referral,2025-02-24
C01447,Kottayam,Organic,2025-01-06
C01448,Kollam,Referral,2025-11-17
C01449,Thrissur,Instagram,2025-01-01
C01450,Kottayam,Organic,2025-06-05
C01451,Kollam,Influencer,2025-03-15
C01452,Bangalore,Referral,2025-02-09
C01453,Hyderabad,Organic,2024-10-20
C01454,TVM,Referral,2025-12-23
C01455,Chennai,Instagram,2025-02-05
C01456,Chennai,Referral,2024-10-11
C01457,TVM,Instagram,2025-02-06
C01458,Kochi,Referral,2025-09-23
C01459,Kochi,Referral,2024-11-30
C01460,TVM,Influencer,2024-08-20
C01461,Calicut,Instagram,2025-11-29
C01462,Mumbai,Organic,2025-07-19
C01463,Chennai,Organic,2025-12-16
C01464,Cochin,Influencer,2025-12-26
C01465,Kottayam,Organic,2025-06-14
C01466,Kottayam,Referral,2025-01-05
C01467,Thrissur,Influencer,2024-09-27
C01468,Kottayam,Referral,2024-08-27
C01469,Thrissur,Influencer,2024-12-03
C01470,Calicut,Influencer,2025-02-26
C01471,Coimbatore,Instagram,2025-04-27
C01472,TVM,Instagram,2025-07-18
C01473,Kollam,Instagram,2025-06-15
C01474,Kottayam,Influencer,2024-11-29
C01475,Mumbai,Referral,2025-12-02
C01476,Calicut,Referral,2024-07-23
C01477,Bangalore,Instagram,2025-08-30
C01478,Mysore,Referral,2024-10-29
C01479,Kollam,Influencer,2025-06-10
C01480,Thrissur,Influencer,2025-09-09
C01481,Kollam,Organic,2025-10-01
C01482,Cochin,Organic,2025-11-12
C01483,Coimbatore,Referral,2024-12-27
C01484,Calicut,Organic,2025-12-06
C01485,Thrissur,Referral,2024-12-24
C01486,Chennai,Instagram,2025-09-28
C01487,Kochi,Instagram,2024-11-18
C01488,Kochi,Referral,2025-08-09
C01489,Kottayam,Influencer,2025-07-24
C01490,TVM,Organic,2025-04-09
C01491,Coimbatore,Organic,2025-03-03
C01492,Kollam,Referral,2025-04-21
C01493,Mumbai,Influencer,2024-08-20
C01494,Bangalore,,2025-10-25
C01495,Bangalore,Instagram,2024-12-21
C01496,TVM,Influencer,2024-12-01
C01497,Kollam,Organic,2024-09-12
C01498,Bangalore,Organic,2024-10-05
C01499,Kollam,Referral,2025-03-06
C01500,Hyderabad,Organic,2025-02-08
C01501,Chennai,Instagram,2025-12-04
C01502,Chennai,Organic,2024-07-16
C01503,Kottayam,Instagram,2025-08-08
C01504,Kochi,Instagram,2024-09-24
C01505,Mysore,Referral,2025-11-28
C01506,Cochin,Referral,2025-10-04
C01507,Kollam,Influencer,2025-08-07
C01508,Kollam,Instagram,2024-08-29
C01509,Mysore,Organic,2024-11-15
C01510,Mysore,Referral,2025-04-24
C01511,Thrissur,Instagram,2025-05-28
C01512,Calicut,Referral,2025-07-17
C01513,Calicut,Organic,2025-01-19
C01514,Bangalore,Referral,2024-09-16
C01515,Hyderabad,,2025-06-11
C01516,Mumbai,Influencer,2025-03-28
C01517,Kollam,Influencer,2025-01-16
C01518,Chennai,Referral,2025-01-11
C01519,Mumbai,Referral,2025-01-05
C01520,Bangalore,Referral,2025-03-12
C01521,Hyderabad,Referral,2025-07-06
C01522,Mumbai,Instagram,2024-11-14
C01523,Hyderabad,Referral,2025-08-28
C01524,Bangalore,Influencer,2025-04-18
C01525,Mumbai,Influencer,2025-01-04
C01526,Thrissur,Instagram,2024-10-04
C01527,Mysore,Influencer,2024-08-11
C01528,Kochi,Instagram,2024-08-22
C01529,TVM,Influencer,2024-11-29
C01530,Kochi,Instagram,2025-06-22
C01531,Hyderabad,Instagram,2024-08-23
C01532,Mumbai,Referral,2025-11-27
C01533,Kochi,Organic,2024-07-07
C01534,TVM,Organic,2025-07-16
C01535,Hyderabad,Influencer,2024-08-14
C01536,Mysore,Instagram,2024-07-14
C01537,Chennai,Organic,2025-05-21
C01538,TVM,Referral,2024-07-02
C01539,Kochi,Influencer,2025-04-19
C01540,Kollam,Instagram,2024-08-17
C01541,Mumbai,Referral,2025-02-02
C01542,Mumbai,Referral,2024-09-03
C01543,Mysore,Instagram,2024-08-04
C01544,Coimbatore,Influencer,2025-05-11
C01545,Thrissur,Referral,2025-12-07
C01546,TVM,Instagram,2024-10-15
C01547,Coimbatore,Referral,2025-01-25
C01548,Kollam,Organic,2025-07-25
C01549,Mumbai,Referral,2025-12-29
C01550,Chennai,,2024-07-19
C01551,TVM,Instagram,2025-08-23
C01552,Mumbai,Organic,2024-09-04
C01553,Bangalore,Instagram,2025-03-10
C01554,Hyderabad,Organic,2025-11-20
C01555,Kottayam,Instagram,2024-10-05
C01556,Coimbatore,Organic,2025-01-01
C01557,Coimbatore,Referral,2025-03-08
C01558,Chennai,Instagram,2025-10-10
C01559,Kollam,Organic,2024-08-15
C01560,Bangalore,Referral,2025-02-14
C01561,Mumbai,Organic,2024-08-27
C01562,Hyderabad,Referral,2024-08-03
C01563,Chennai,Organic,2025-04-12
C01564,Hyderabad,Instagram,2024-07-18
C01565,Bangalore,Instagram,2025-10-10
C01566,Mysore,Instagram,2024-08-01
C01567,Kottayam,Instagram,2024-09-04
C01568,Bangalore,Referral,2024-07-18
C01569,Bangalore,Organic,2025-09-07
C01570,Bangalore,Influencer,2024-11-26
C01571,Coimbatore,Influencer,2025-11-21
C01572,Mumbai,Influencer,2025-10-03
C01573,Calicut,Organic,2024-10-26
C01574,Coimbatore,Organic,2024-08-04
C01575,Mysore,Referral,2025-10-09
C01576,Hyderabad,Influencer,2025-05-02
C01577,Coimbatore,Instagram,2025-02-16
C01578,Mumbai,Referral,2025-05-20
C01579,Hyderabad,Referral,2025-08-13
C01580,Mysore,Referral,2024-08-13
C01581,Mysore,Referral,2025-11-15
C01582,Mumbai,Organic,2025-05-19
C01583,TVM,Influencer,2025-06-21
C01584,TVM,Referral,2025-07-20
C01585,Mysore,Influencer,2024-07-23
C01586,TVM,Referral,2024-12-30
C01587,Chennai,Referral,2025-05-11
C01588,Thrissur,Influencer,2025-01-31
C01589,Thrissur,Organic,2025-05-04
C01590,Kochi,Referral,2025-12-06
C01591,Coimbatore,Influencer,2024-07-24
C01592,Coimbatore,Instagram,2024-12-05
C01593,Chennai,Instagram,2025-09-27
C01594,Chennai,Influencer,2025-02-03
C01595,Chennai,Referral,2025-10-31
C01596,Mumbai,Referral,2024-12-19
C01597,Kollam,Referral,2025-01-05
C01598,TVM,Organic,2024-09-28
C01599,TVM,Organic,2025-08-10
C01600,Mysore,Instagram,2025-04-17
C01601,Bangalore,Organic,2025-04-22
C01602,Mysore,,2025-06-04
C01603,Thrissur,Influencer,2024-10-07
C01604,Thrissur,Organic,2025-11-16
C01605,Kochi,Influencer,2025-05-01
C01606,Mysore,Influencer,2025-12-26
C01607,Kottayam,Instagram,2024-09-24
C01608,Mysore,Influencer,2025-04-29
C01609,TVM,Instagram,2025-12-08
C01610,Kottayam,Referral,2025-02-04
C01611,Bangalore,Instagram,2024-10-29
C01612,Coimbatore,Instagram,2025-01-20
C01613,Calicut,Referral,2024-11-12
C01614,Chennai,Influencer,2025-01-22
C01615,Chennai,Influencer,2025-04-04
C01616,Mumbai,Referral,2024-09-29
C01617,Kochi,Organic,2024-07-06
C01618,Chennai,Organic,2025-12-09
C01619,Chennai,Instagram,2025-01-14
C01620,Kollam,Referral,2025-08-25
C01621,Calicut,Influencer,2025-06-26
C01622,Kottayam,Referral,2025-06-14
C01623,Cochin,Organic,2024-09-22
C01624,Mumbai,Organic,2025-04-15
C01625,Mumbai,Organic,2025-03-03
C01626,Bangalore,Instagram,2024-10-23
C01627,Calicut,Referral,2025-06-24
C01628,Chennai,Influencer,2025-01-15
C01629,Kochi,Referral,2025-11-21
C01630,Bangalore,Referral,2024-11-19
C01631,Hyderabad,Organic,2024-09-13
C01632,Thrissur,Organic,2025-04-08
C01633,Kollam,Organic,2025-01-20
C01634,Kollam,Referral,2024-11-14
C01635,Mysore,Referral,2025-07-03
C01636,Kochi,Organic,2024-11-03
C01637,TVM,Referral,2025-08-17
C01638,TVM,Instagram,2024-11-22
C01639,Hyderabad,Referral,2025-06-11
C01640,Thrissur,Organic,2025-02-06
C01641,Calicut,Instagram,2025-04-20
C01642,Kochi,Organic,2025-10-31
C01643,Chennai,Organic,2024-12-12
C01644,Bangalore,Organic,2025-06-12
C01645,Hyderabad,Instagram,2025-04-03
C01646,Kollam,,2025-05-25
C01647,Kottayam,Referral,2025-08-25
C01648,Kottayam,Instagram,2025-03-18
C01649,Mysore,Referral,2025-10-28
C01650,Thrissur,Influencer,2025-06-25
C01651,Mysore,Influencer,2025-09-30
C01652,Chennai,Instagram,2025-08-16
C01653,Coimbatore,Organic,2024-12-21
C01654,TVM,Instagram,2025-03-10
C01655,TVM,Organic,2025-07-13
C01656,Hyderabad,Instagram,2025-07-20
C01657,Thrissur,Organic,2025-10-28
C01658,Coimbatore,Referral,2025-02-10
C01659,Mysore,Influencer,2025-12-01
C01660,Kollam,Referral,2025-12-20
C01661,Bangalore,Influencer,2024-09-16
C01662,Coimbatore,Instagram,2025-02-16
C01663,Coimbatore,Organic,2025-07-26
C01664,Thrissur,Instagram,2025-12-08
C01665,Kochi,Instagram,2024-10-07
C01666,Mumbai,Influencer,2025-01-25
C01667,Mumbai,Influencer,2024-09-05
C01668,Mumbai,Organic,2025-04-01
C01669,Kottayam,Influencer,2024-11-23
C01670,Kochi,Instagram,2025-05-31
C01671,Chennai,Referral,2025-04-18
C01672,Chennai,Influencer,2024-08-21
C01673,Thrissur,Organic,2025-01-16
C01674,Hyderabad,Influencer,2025-09-26
C01675,Chennai,Referral,2025-06-22
C01676,Calicut,Organic,2025-01-26
C01677,Calicut,Organic,2024-07-04
C01678,Mysore,Influencer,2025-07-11
C01679,Coimbatore,Influencer,2025-07-16
C01680,Bangalore,Organic,2024-12-23
C01681,Calicut,Referral,2025-01-01
C01682,Coimbatore,Influencer,2025-01-11
C01683,Chennai,Organic,2025-06-04
C01684,Chennai,Influencer,2025-05-15
C01685,Mysore,Referral,2024-08-15
C01686,Kottayam,,2024-08-05
C01687,Mumbai,Referral,2024-12-03
C01688,Hyderabad,Referral,2024-07-06
C01689,Calicut,Referral,2024-10-08
C01690,Hyderabad,Instagram,2025-06-17
C01691,Chennai,Instagram,2025-07-07
C01692,Kollam,Influencer,2024-10-23
C01693,Kottayam,Instagram,2025-05-09
C01694,Hyderabad,Instagram,2025-12-22
C01695,Hyderabad,Influencer,2025-01-15
C01696,Thrissur,Influencer,2025-06-20
C01697,Bangalore,Organic,2025-08-12
C01698,Mumbai,Organic,2025-09-13
C01699,Thrissur,Referral,2025-12-23
C01700,Hyderabad,Referral,2025-11-06
C01701,Coimbatore,Influencer,2025-02-20
C01702,Cochin,Organic,2025-06-30
C01703,Thrissur,Instagram,2025-03-02
C01704,Bangalore,Referral,2025-11-22
C01705,Coimbatore,Referral,2025-03-15
C01706,Kochi,Instagram,2024-08-18
C01707,Calicut,Organic,2025-11-10
C01708,Hyderabad,Instagram,2025-01-12
C01709,Kochi,Referral,2025-02-05
C01710,Kollam,Influencer,2025-08-03
C01711,Mysore,Referral,2025-01-09
C01712,Mumbai,Referral,2025-03-03
C01713,Kochi,Influencer,2025-01-13
C01714,Hyderabad,Referral,2025-03-05
C01715,Kollam,Referral,2024-10-06
C01716,Calicut,Organic,2024-09-10
C01717,TVM,Instagram,2025-11-08
C01718,Mumbai,Organic,2025-08-08
C01719,Coimbatore,Instagram,2025-10-19
C01720,Calicut,Influencer,2025-07-01
C01721,Coimbatore,Organic,2024-08-13
C01722,Mumbai,Referral,2025-05-25
C01723,Kottayam,Organic,2025-06-24
C01724,Mysore,Influencer,2025-10-18
C01725,Bangalore,Instagram,2024-07-06
C01726,Cochin,Influencer,2025-06-26
C01727,Thrissur,Organic,2025-12-09
C01728,Bangalore,Organic,2025-05-27
C01729,TVM,Instagram,2025-09-22
C01730,TVM,Instagram,2025-12-16
C01731,Thrissur,Instagram,2025-06-09
C01732,Coimbatore,Instagram,2024-10-08
C01733,Thrissur,Influencer,2024-12-02
C01734,Kochi,Organic,2024-11-16
C01735,Calicut,Organic,2024-09-12
C01736,Bangalore,Instagram,2024-11-23
C01737,Coimbatore,Influencer,2025-12-13
C01738,TVM,Organic,2025-08-30
C01739,Kollam,Influencer,2024-12-27
C01740,TVM,Referral,2024-08-01
C01741,Kochi,Referral,2025-10-04
C01742,Kochi,Influencer,2024-11-19
C01743,Mumbai,Instagram,2024-08-09
C01744,Kollam,Influencer,2024-10-15
C01745,Kottayam,Referral,2025-03-26
C01746,Coimbatore,Influencer,2025-01-24
C01747,Bangalore,Organic,2024-07-23
C01748,TVM,Organic,2025-10-14
C01749,Mysore,Organic,2025-05-26
C01750,Mumbai,Organic,2025-03-23
C01751,Chennai,Influencer,2025-08-05
C01752,Thrissur,Referral,2025-05-11
C01753,Kollam,Referral,2025-01-16
C01754,Coimbatore,Influencer,2025-10-04
C01755,Cochin,Referral,2024-12-16
C01756,Mumbai,Organic,2025-05-11
C01757,Mysore,Influencer,2024-09-13
C01758,Calicut,,2025-01-23
C01759,Mumbai,Referral,2025-11-09
C01760,Mumbai,Instagram,2025-07-27
C01761,Mumbai,Organic,2025-11-01
C01762,Coimbatore,Influencer,2024-07-15
C01763,Calicut,Organic,2024-12-16
C01764,Kottayam,Referral,2025-08-15
C01765,Chennai,Organic,2024-09-29
C01766,Mysore,Instagram,2025-08-28
C01767,Mumbai,Referral,2025-04-16
C01768,Hyderabad,Instagram,2024-10-24
C01769,Kollam,Instagram,2024-09-04
C01770,Bangalore,Instagram,2025-06-13
C01771,Chennai,Influencer,2025-07-08
C01772,Kollam,Organic,2024-09-13
C01773,Thrissur,Referral,2025-01-09
C01774,Kochi,Influencer,2024-07-02
C01775,Chennai,Influencer,2024-07-28
C01776,Mumbai,Influencer,2025-10-06
C01777,Thrissur,Influencer,2024-12-10
C01778,Coimbatore,Instagram,2025-01-12
C01779,Hyderabad,Referral,2025-07-18
C01780,TVM,Instagram,2025-10-25
C01781,Calicut,Influencer,2025-08-17
C01782,Mumbai,Instagram,2025-01-14
C01783,Hyderabad,Instagram,2025-03-09
C01784,Mumbai,Instagram,2024-11-16
C01785,Calicut,Referral,2025-04-03
C01786,Coimbatore,Referral,2024-09-30
C01787,Kollam,Referral,2025-12-19
C01788,TVM,Referral,2025-12-21
C01789,Chennai,Organic,2025-10-01
C01790,TVM,Organic,2024-08-16
C01791,Bangalore,Influencer,2025-05-17
C01792,Calicut,Influencer,2025-08-21
C01793,Hyderabad,Influencer,2025-04-13
C01794,Bangalore,Referral,2025-01-31
C01795,TVM,Influencer,2025-09-30
C01796,Calicut,Organic,2025-09-19
C01797,Thrissur,Organic,2025-12-18
C01798,Kochi,Influencer,2025-11-02
C01799,Thrissur,Instagram,2025-12-05
C01800,Hyderabad,Instagram,2025-02-21
C01801,Thrissur,Referral,2025-08-22
C01802,Mumbai,Referral,2025-09-08
C01803,Hyderabad,Organic,2024-10-09
C01804,Kollam,Organic,2025-03-12
C01805,Kollam,Instagram,2024-09-02
C01806,Calicut,Organic,2025-03-15
C01807,Cochin,Referral,2025-06-14
C01808,Calicut,Influencer,2025-09-16
C01809,Kochi,Instagram,2024-12-25
C01810,Calicut,Organic,2024-08-09
C01811,TVM,Referral,2025-06-12
C01812,Kottayam,Organic,2025-02-07
C01813,Bangalore,Instagram,2025-07-05
C01814,Kollam,Referral,2025-08-11
C01815,Mysore,Organic,2024-09-12
C01816,Thrissur,Referral,2025-01-07
C01817,Calicut,,2025-12-25
C01818,Bangalore,Referral,2025-11-13
C01819,TVM,Instagram,2024-11-12
C01820,Kollam,Referral,2025-12-15
C01821,Chennai,Organic,2025-09-18
C01822,Calicut,Organic,2025-03-11
C01823,Hyderabad,Influencer,2025-12-02
C01824,Mysore,Instagram,2025-03-19
C01825,Calicut,Influencer,2025-09-02
C01826,Mysore,Referral,2025-02-15
C01827,Hyderabad,Instagram,2024-12-17
C01828,Coimbatore,Organic,2024-11-15
C01829,Cochin,Referral,2024-07-29
C01830,Mumbai,Instagram,2025-01-02
C01831,Mumbai,Instagram,2024-09-23
C01832,Cochin,Organic,2024-10-19
C01833,Mysore,Instagram,2025-09-13
C01834,Mysore,Instagram,2025-03-30
C01835,Mysore,Instagram,2025-06-13
C01836,Thrissur,Organic,2024-08-22
C01837,Bangalore,Organic,2024-11-30
C01838,TVM,Organic,2025-10-30
C01839,Bangalore,Referral,2024-10-31
C01840,Kollam,Organic,2025-07-16
C01841,Bangalore,Referral,2025-04-06
C01842,Kochi,Instagram,2025-03-31
C01843,TVM,Instagram,2024-11-12
C01844,Kollam,Instagram,2025-07-26
C01845,Calicut,Influencer,2025-10-19
C01846,Cochin,Influencer,2024-10-23
C01847,Bangalore,Referral,2025-05-01
C01848,Calicut,Influencer,2025-07-07
C01849,Bangalore,Organic,2025-05-25
C01850,Hyderabad,Referral,2025-08-28
C01851,Kottayam,Referral,2024-12-06
C01852,Chennai,Influencer,2025-03-07
C01853,Calicut,Influencer,2025-01-08
C01854,Mumbai,Referral,2025-01-19
C01855,Coimbatore,Instagram,2025-04-29
C01856,Chennai,Influencer,2025-06-03
C01857,Mysore,Organic,2024-09-04
C01858,Bangalore,Influencer,2025-12-13
C01859,Mumbai,Instagram,2025-03-08
C01860,Mysore,Influencer,2024-07-03
C01861,Coimbatore,Influencer,2025-12-12
C01862,Calicut,Influencer,2024-09-06
C01863,Thrissur,Influencer,2025-06-29
C01864,TVM,Instagram,2025-07-29
C01865,Thrissur,,2025-05-08
C01866,Bangalore,Influencer,2025-07-15
C01867,Chennai,Referral,2025-07-12
C01868,TVM,Referral,2024-09-04
C01869,Thrissur,Influencer,2025-09-04
C01870,Kollam,Instagram,2024-08-21
C01871,Hyderabad,Instagram,2025-11-01
C01872,Hyderabad,Referral,2025-06-26
C01873,Mumbai,Referral,2025-06-13
C01874,Hyderabad,Organic,2025-09-01
C01875,Coimbatore,Referral,2024-07-20
C01876,TVM,Organic,2024-10-05
C01877,Mumbai,Referral,2025-11-11
C01878,Hyderabad,Referral,2024-08-21
C01879,Kochi,Organic,2025-04-25
C01880,Bangalore,Influencer,2025-09-04
C01881,Kottayam,Instagram,2025-07-21
C01882,Bangalore,Instagram,2025-03-17
C01883,Kottayam,Instagram,2025-12-26
C01884,Calicut,Instagram,2025-04-16
C01885,Mumbai,Influencer,2025-02-12
C01886,Mumbai,Organic,2025-07-07
C01887,Kochi,Organic,2025-04-22
C01888,Kollam,Influencer,2025-01-06
C01889,Kochi,Influencer,2025-01-23
C01890,TVM,Instagram,2024-08-27
C01891,Hyderabad,Organic,2025-03-05
C01892,Calicut,Organic,2024-09-09
C01893,Kottayam,Organic,2024-08-05
C01894,Coimbatore,Instagram,2025-10-04
C01895,Kottayam,Influencer,2025-01-03
C01896,Bangalore,Instagram,2025-07-03
C01897,Thrissur,Organic,2025-10-16
C01898,Calicut,Organic,2024-10-12
C01899,Kottayam,Organic,2025-10-04
C01900,Mysore,Referral,2024-08-12
C01901,Kottayam,Instagram,2024-09-28
C01902,Kottayam,Organic,2025-03-03
C01903,Kollam,Referral,2024-10-05
C01904,Kochi,Organic,2025-08-29
C01905,Calicut,Referral,2025-01-01
C01906,Kottayam,Referral,2025-04-10
C01907,Hyderabad,Referral,2025-07-04
C01908,Chennai,Instagram,2025-04-20
C01909,Thrissur,Influencer,2025-10-25
C01910,Bangalore,Organic,2024-08-07
C01911,Mumbai,Instagram,2025-07-21
C01912,Mysore,Referral,2024-10-30
C01913,Kochi,Influencer,2025-12-12
C01914,Bangalore,Referral,2025-12-09
C01915,Mysore,Instagram,2025-06-14
C01916,Coimbatore,Organic,2024-12-15
C01917,Mumbai,Instagram,2025-06-04
C01918,Thrissur,Influencer,2024-11-29
C01919,Chennai,Instagram,2024-10-19
C01920,Coimbatore,Influencer,2024-09-17
C01921,Kochi,Referral,2025-09-27
C01922,Mumbai,Influencer,2024-12-10
C01923,Kottayam,Referral,2025-05-02
C01924,Hyderabad,Organic,2025-06-16
C01925,Thrissur,Influencer,2024-11-16
C01926,Mumbai,Influencer,2025-10-11
C01927,Thrissur,Instagram,2025-03-08
C01928,Kollam,Referral,2025-12-09
C01929,Thrissur,Influencer,2025-10-13
C01930,Kollam,Referral,2025-10-18
C01931,Bangalore,Referral,2025-10-24
C01932,Mysore,Referral,2024-10-05
C01933,Kollam,Organic,2025-06-27
C01934,TVM,Organic,2024-10-27
C01935,Calicut,Instagram,2025-12-19
C01936,Mysore,Referral,2025-06-06
C01937,Chennai,Referral,2025-10-17
C01938,Kottayam,Organic,2025-01-09
C01939,Chennai,Referral,2025-10-31
C01940,Kottayam,Instagram,2024-08-31
C01941,Kollam,Influencer,2025-01-23
C01942,Mysore,Influencer,2025-01-21
C01943,Chennai,Instagram,2025-10-10
C01944,Mumbai,Instagram,2024-10-29
C01945,Mysore,Referral,2025-08-18
C01946,Thrissur,Instagram,2024-07-18
C01947,Thrissur,Referral,2025-12-17
C01948,Kochi,Organic,2024-08-06
C01949,Kollam,Instagram,2024-08-09
C01950,Mumbai,Organic,2025-09-28
C01951,Mumbai,Referral,2024-08-24
C01952,TVM,Influencer,2025-07-01
C01953,Kochi,Organic,2025-04-03
C01954,Kollam,Instagram,2024-07-28
C01955,TVM,Referral,2024-07-25
C01956,Bangalore,Influencer,2025-03-31
C01957,Bangalore,Referral,2024-07-29
C01958,Chennai,Influencer,2025-10-10
C01959,Chennai,Organic,2025-06-22
C01960,Mysore,Organic,2025-01-08
C01961,Kochi,Organic,2025-07-02
C01962,Coimbatore,Instagram,2025-07-22
C01963,Chennai,Organic,2025-01-06
C01964,Chennai,Organic,2025-03-25
C01965,Chennai,Instagram,2025-08-26
C01966,Kottayam,Organic,2025-08-02
C01967,Bangalore,Referral,2025-02-14
C01968,Kollam,Influencer,2025-01-02
C01969,Mumbai,Referral,2025-11-16
C01970,Mysore,Referral,2025-12-24
C01971,Hyderabad,Influencer,2025-05-01
C01972,Hyderabad,Organic,2025-07-24
C01973,Mysore,Organic,2025-10-13
C01974,Kottayam,Influencer,2025-12-01
C01975,Cochin,Instagram,2025-02-05
C01976,Mysore,Referral,2024-10-12
C01977,Kollam,Instagram,2025-09-04
C01978,Hyderabad,Referral,2025-10-21
C01979,Kottayam,Referral,2025-01-24
C01980,Mysore,Influencer,2025-11-22
C01981,Mysore,Instagram,2025-08-17
C01982,Bangalore,Influencer,2025-04-24
C01983,Mumbai,Referral,2024-11-25
C01984,Coimbatore,Organic,2024-11-23
C01985,TVM,Organic,2025-03-07
C01986,Calicut,Instagram,2025-09-15
C01987,Kottayam,Instagram,2025-06-10
C01988,Bangalore,Influencer,2024-11-24
C01989,Coimbatore,Organic,2025-05-18
C01990,Kochi,Influencer,2025-07-19
C01991,Kottayam,Referral,2025-11-29
C01992,Mysore,Instagram,2025-11-18
C01993,Coimbatore,Organic,2024-11-10
C01994,Cochin,Organic,2024-12-07
C01995,Kollam,Instagram,2025-10-22
C01996,Hyderabad,Referral,2025-03-23
C01997,Calicut,Referral,2025-03-23
C01998,Mumbai,Instagram,2025-04-11
C01999,TVM,Influencer,2024-10-29
C02000,Coimbatore,Influencer,2025-05-24
C02001,Calicut,Influencer,2025-02-17
C02002,Kochi,Organic,2025-03-20
C02003,Bangalore,Influencer,2025-06-21
C02004,Mysore,Referral,2024-07-08
C02005,Kottayam,Influencer,2025-04-29
C02006,TVM,Instagram,2025-10-26
C02007,Thrissur,Instagram,2024-08-29
C02008,Kollam,Organic,2025-09-29
C02009,Kollam,Influencer,2025-11-24
C02010,Kottayam,Influencer,2024-07-04
C02011,Calicut,Organic,2025-02-27
C02012,Mumbai,,2025-07-18
C02013,Thrissur,Referral,2025-05-01
C02014,Bangalore,Referral,2024-12-28
C02015,Bangalore,Influencer,2024-10-18
C02016,Calicut,Influencer,2024-09-23
C02017,Chennai,Organic,2025-10-29
C02018,Coimbatore,Organic,2024-12-08
C02019,Mysore,Influencer,2024-10-17
C02020,Coimbatore,Referral,2025-01-11
C02021,Kochi,Instagram,2024-12-22
C02022,Calicut,Organic,2024-09-12
C02023,Kollam,Organic,2024-07-12
C02024,Chennai,Instagram,2025-03-22
C02025,TVM,Organic,2025-06-02
C02026,Bangalore,Instagram,2024-08-28
C02027,Hyderabad,Referral,2025-12-19
C02028,Bangalore,Instagram,2024-11-19
C02029,Kottayam,Instagram,2025-12-23
C02030,Kochi,Influencer,2024-07-08
C02031,Mysore,,2024-12-14
C02032,Mumbai,Organic,2025-12-21
C02033,TVM,Influencer,2025-03-26
C02034,Chennai,Influencer,2024-10-07
C02035,Thrissur,Organic,2025-09-04
C02036,Calicut,Referral,2025-06-20
C02037,TVM,Influencer,2025-06-26
C02038,Kochi,Instagram,2025-12-20
C02039,Thrissur,Influencer,2025-07-28
C02040,Kottayam,Instagram,2025-02-10
C02041,Bangalore,Referral,2024-12-13
C02042,Kottayam,Referral,2025-07-19
C02043,TVM,Referral,2024-08-18
C02044,Mumbai,Influencer,2024-11-22
C02045,Coimbatore,Instagram,2025-02-27
C02046,Thrissur,Organic,2024-08-08
C02047,Hyderabad,Influencer,2025-03-26
C02048,Kottayam,Influencer,2025-03-31
C02049,Cochin,Instagram,2025-03-17
C02050,Cochin,Instagram,2025-01-20
C02051,Kollam,Referral,2025-12-28
C02052,Kollam,Instagram,2024-09-21
C02053,Mysore,,2024-12-23
C02054,Hyderabad,Referral,2024-08-16
C02055,Bangalore,Organic,2025-04-07
C02056,Cochin,Influencer,2025-06-06
C02057,Kottayam,Referral,2025-03-26
C02058,Kollam,Referral,2025-04-30
C02059,Hyderabad,Instagram,2024-10-27
C02060,Kottayam,Influencer,2025-11-26
C02061,Calicut,Organic,2025-10-10
C02062,Chennai,Organic,2024-10-03
C02063,TVM,Referral,2024-08-16
C02064,Thrissur,Referral,2024-10-15
C02065,Mumbai,Influencer,2025-05-13
C02066,Coimbatore,Referral,2025-04-01
C02067,Calicut,Instagram,2025-12-07
C02068,Hyderabad,Organic,2025-06-19
C02069,Kollam,Organic,2024-12-15
C02070,Bangalore,Organic,2024-09-02
C02071,Bangalore,Referral,2024-11-03
C02072,Coimbatore,Instagram,2025-08-10
C02073,TVM,Organic,2025-06-06
C02074,Mysore,Referral,2024-10-03
C02075,Calicut,Instagram,2025-02-18
C02076,Coimbatore,Referral,2025-05-08
C02077,Hyderabad,Referral,2025-12-29
C02078,Coimbatore,Influencer,2024-08-11
C02079,Chennai,Instagram,2024-09-19
C02080,Cochin,Instagram,2025-10-12
C02081,Chennai,Influencer,2025-08-26
C02082,TVM,Instagram,2025-04-16
C02083,Cochin,Organic,2024-07-23
C02084,Chennai,Referral,2025-10-07
C02085,TVM,Instagram,2025-09-18
C02086,Calicut,Instagram,2025-07-08
C02087,Calicut,Instagram,2025-07-02
C02088,Chennai,,2024-11-13
C02089,Mysore,Instagram,2025-09-23
C02090,Mumbai,Instagram,2025-11-23
C02091,Kottayam,Instagram,2025-06-05
C02092,TVM,Instagram,2025-01-10
C02093,TVM,Instagram,2025-05-29
C02094,Calicut,Referral,2025-01-21
C02095,Cochin,Influencer,2025-01-14
C02096,Thrissur,Organic,2025-01-18
C02097,Kochi,Organic,2024-09-11
C02098,Coimbatore,,2025-04-17
C02099,TVM,Organic,2025-04-10
C02100,Bangalore,Influencer,2024-11-10
C02101,Coimbatore,Influencer,2025-10-27
C02102,Kottayam,Referral,2025-03-30
C02103,Thrissur,Organic,2025-04-11
C02104,Mysore,Organic,2025-09-04
C02105,Mumbai,Instagram,2025-02-03
C02106,Coimbatore,Influencer,2025-09-30
C02107,Hyderabad,Referral,2025-01-12
C02108,Cochin,Organic,2024-10-31
C02109,Bangalore,Organic,2024-07-14
C02110,Mumbai,Influencer,2024-11-21
C02111,Hyderabad,Influencer,2025-08-08
C02112,Thrissur,Organic,2024-11-20
C02113,Calicut,Organic,2025-01-13
C02114,Calicut,Organic,2024-10-19
C02115,Kottayam,Influencer,2025-01-17
C02116,Kochi,Instagram,2024-09-01
C02117,Mysore,Instagram,2025-06-26
C02118,Coimbatore,Referral,2024-12-24
C02119,Kochi,Instagram,2025-02-14
C02120,TVM,Influencer,2025-08-21
C02121,Hyderabad,Organic,2025-02-20
C02122,Kottayam,Referral,2024-08-06
C02123,Thrissur,Instagram,2025-06-11
C02124,Coimbatore,Influencer,2025-02-08
C02125,Kochi,Instagram,2024-12-12
C02126,Mumbai,Instagram,2025-07-08
C02127,Chennai,Instagram,2025-02-18
C02128,Cochin,Organic,2025-03-22
C02129,Kochi,Referral,2024-07-03
C02130,Chennai,Organic,2024-08-23
C02131,Chennai,Referral,2024-12-02
C02132,TVM,Organic,2024-11-06
C02133,Kochi,Influencer,2025-07-05
C02134,Kottayam,Organic,2025-07-30
C02135,Bangalore,Instagram,2025-01-26
C02136,Thrissur,Organic,2025-09-10
C02137,Thrissur,Influencer,2025-12-03
C02138,Kochi,Influencer,2024-10-28
C02139,Kottayam,Influencer,2025-09-13
C02140,Kochi,Instagram,2025-06-21
C02141,Hyderabad,,2025-01-07
C02142,Mysore,Organic,2025-12-28
C02143,Mysore,Instagram,2024-11-03
C02144,Kottayam,Organic,2025-04-30
C02145,Hyderabad,Referral,2024-08-02
C02146,Kochi,Instagram,2024-09-05
C02147,Thrissur,Organic,2025-10-24
C02148,Chennai,Referral,2025-08-27
C02149,Bangalore,Influencer,2025-07-10
C02150,Chennai,Influencer,2024-07-07
C02151,TVM,Organic,2025-08-16
C02152,Hyderabad,Organic,2025-03-13
C02153,Chennai,Organic,2024-12-11
C02154,Calicut,Organic,2025-02-22
C02155,Mumbai,Instagram,2025-08-15
C02156,Cochin,Influencer,2025-02-19
C02157,Hyderabad,Instagram,2025-06-26
C02158,TVM,Influencer,2024-12-05
C02159,Chennai,Referral,2025-03-04
C02160,Thrissur,Referral,2025-08-31
C02161,Mumbai,Instagram,2025-02-03
C02162,TVM,Organic,2024-09-27
C02163,Kochi,Instagram,2025-09-19
C02164,Bangalore,Influencer,2025-04-21
C02165,Chennai,Influencer,2024-11-17
C02166,Mysore,Influencer,2024-10-09
C02167,Thrissur,Organic,2025-06-13
C02168,Kollam,Referral,2025-03-05
C02169,Kochi,Referral,2025-12-28
C02170,Kollam,Influencer,2025-05-25
C02171,Thrissur,Influencer,2024-09-25
C02172,Mumbai,Organic,2024-07-27
C02173,Kollam,Organic,2025-08-28
C02174,Mysore,Influencer,2025-06-05
C02175,Bangalore,Referral,2025-12-13
C02176,Kollam,Organic,2024-10-24
C02177,Coimbatore,Instagram,2024-08-21
C02178,Mumbai,Instagram,2024-09-06
C02179,Kottayam,Influencer,2025-01-08
C02180,Hyderabad,Referral,2025-07-17
C02181,Kottayam,Referral,2024-11-18
C02182,Thrissur,Influencer,2025-03-14
C02183,Thrissur,Referral,2024-11-20
C02184,Coimbatore,Referral,2025-08-26
C02185,Kollam,Instagram,2024-10-10
C02186,Mumbai,Influencer,2024-10-20
C02187,Mysore,Organic,2024-07-26
C02188,Coimbatore,Influencer,2025-01-06
C02189,Coimbatore,Referral,2024-07-23
C02190,TVM,Instagram,2025-04-01
C02191,Kottayam,Influencer,2025-11-05
C02192,Cochin,Organic,2024-10-23
C02193,Kottayam,Influencer,2025-04-21
C02194,Cochin,Organic,2025-02-20
C02195,Mumbai,Organic,2025-08-17
C02196,Hyderabad,Organic,2025-06-15
C02197,Chennai,Influencer,2025-02-07
C02198,Kollam,Instagram,2024-07-11
C02199,TVM,Influencer,2025-02-16
C02200,Chennai,Referral,2025-06-04
C02201,Calicut,Instagram,2025-07-16
C02202,Coimbatore,Influencer,2024-08-30
C02203,Calicut,Organic,2025-03-03
C02204,Mumbai,,2025-08-16
C02205,Bangalore,Referral,2024-11-12
C02206,Calicut,Organic,2025-11-16
C02207,Kottayam,Instagram,2024-08-19
C02208,Thrissur,Referral,2025-07-18
C02209,Kollam,Referral,2025-07-18
C02210,Mumbai,Organic,2024-08-01
C02211,Mumbai,,2025-08-14
C02212,Kollam,Referral,2025-11-27
C02213,Hyderabad,Influencer,2024-08-03
C02214,Kochi,Organic,2024-12-04
C02215,Thrissur,Instagram,2025-08-07
C02216,TVM,Instagram,2024-10-25
C02217,Chennai,Influencer,2025-08-27
C02218,Mumbai,Instagram,2025-04-23
C02219,Chennai,,2025-09-19
C02220,Coimbatore,Referral,2025-04-17
C02221,Hyderabad,Organic,2024-11-17
C02222,Coimbatore,Influencer,2024-10-26
C02223,Mumbai,Instagram,2025-01-19
C02224,Coimbatore,Influencer,2024-09-10
C02225,Kottayam,Referral,2024-09-06
C02226,Mysore,Referral,2025-12-14
C02227,Kottayam,Organic,2025-06-08
C02228,Thrissur,Influencer,2024-07-28
C02229,Mumbai,Referral,2024-11-15
C02230,Calicut,Influencer,2025-12-12
C02231,Kottayam,Organic,2024-10-04
C02232,Calicut,Influencer,2025-09-16
C02233,Kottayam,Organic,2025-05-05
C02234,Kottayam,Organic,2025-01-08
C02235,Kottayam,Instagram,2025-09-21
C02236,Mysore,Instagram,2025-05-24
C02237,Calicut,Instagram,2025-01-18
C02238,Kottayam,Organic,2025-02-16
C02239,TVM,Instagram,2025-12-28
C02240,TVM,Referral,2025-04-17
C02241,Coimbatore,Instagram,2025-01-14
C02242,Coimbatore,Instagram,2024-08-20
C02243,Hyderabad,Referral,2025-05-26
C02244,Chennai,Organic,2025-10-18
C02245,Kollam,,2025-01-18
C02246,Bangalore,Referral,2025-06-05
C02247,Bangalore,Organic,2024-10-28
C02248,Kottayam,Influencer,2025-01-17
C02249,Mysore,Referral,2025-12-27
C02250,Kochi,Instagram,2025-01-09
C02251,Thrissur,Influencer,2024-08-02
C02252,Kollam,Organic,2025-10-10
C02253,Kollam,Instagram,2025-06-20
C02254,Coimbatore,Influencer,2025-11-11
C02255,Kottayam,Organic,2025-01-01
C02256,Mumbai,Referral,2025-05-29
C02257,Mumbai,Organic,2025-04-21
C02258,Kottayam,Organic,2024-07-28
C02259,Mumbai,Influencer,2025-09-06
C02260,Calicut,Instagram,2024-10-23
C02261,Kochi,Instagram,2025-03-29
C02262,Kochi,Organic,2025-12-29
C02263,Kottayam,Referral,2025-04-26
C02264,TVM,Organic,2024-08-03
C02265,Mumbai,Instagram,2024-10-26
C02266,Mysore,Organic,2025-07-06
C02267,Cochin,Organic,2025-11-04
C02268,Mysore,Instagram,2024-11-27
C02269,Chennai,Influencer,2025-03-06
C02270,Coimbatore,Instagram,2024-12-03
C02271,Kochi,Instagram,2025-10-10
C02272,Coimbatore,Organic,2025-07-16
C02273,Chennai,Organic,2024-09-08
C02274,TVM,Influencer,2024-07-18
C02275,Cochin,Instagram,2025-06-05
C02276,Kollam,Referral,2025-08-31
C02277,Hyderabad,Referral,2025-02-06
C02278,Kottayam,Organic,2024-10-12
C02279,Coimbatore,Organic,2025-11-08
C02280,Cochin,Organic,2025-08-27
C02281,Coimbatore,Influencer,2025-05-22
C02282,Chennai,Influencer,2024-10-16
C02283,Kottayam,Organic,2024-09-12
C02284,Thrissur,Referral,2025-01-25
C02285,Kochi,Instagram,2025-03-10
C02286,Bangalore,Influencer,2025-05-28
C02287,Kottayam,Influencer,2024-09-03
C02288,Hyderabad,Organic,2025-01-01
C02289,Bangalore,Referral,2024-07-21
C02290,Hyderabad,Instagram,2024-10-16
C02291,Kottayam,Organic,2024-10-31
C02292,Mumbai,Organic,2024-08-22
C02293,Mysore,Referral,2025-06-26
C02294,Kottayam,Instagram,2025-10-11
C02295,Mumbai,Instagram,2025-12-06
C02296,Kottayam,Organic,2025-04-04
C02297,TVM,Organic,2025-04-01
C02298,Kochi,Instagram,2025-05-18
C02299,TVM,Instagram,2025-10-23
C02300,Kottayam,Referral,2024-10-26
C02301,Hyderabad,Referral,2024-07-31
C02302,Kottayam,Influencer,2025-02-05
C02303,Bangalore,,2025-02-16
C02304,Bangalore,Instagram,2024-08-12
C02305,Cochin,Referral,2025-09-25
C02306,Chennai,Instagram,2025-09-23
C02307,Kottayam,Instagram,2025-10-01
C02308,Kochi,Organic,2024-11-10
C02309,Bangalore,Referral,2024-12-11
C02310,Kollam,Organic,2025-07-27
C02311,Calicut,Influencer,2025-01-02
C02312,Kollam,Influencer,2025-05-05
C02313,Kochi,Referral,2025-02-01
C02314,Mumbai,Instagram,2024-10-25
C02315,Kottayam,Referral,2024-12-13
C02316,Kottayam,Organic,2025-04-10
C02317,Kochi,Referral,2024-11-29
C02318,Mumbai,Influencer,2025-08-20
C02319,Kottayam,Organic,2024-10-23
C02320,Mumbai,Organic,2024-09-16
C02321,Kottayam,Instagram,2024-09-04
C02322,Mumbai,Referral,2024-10-23
C02323,Kollam,Organic,2024-07-29
C02324,Kottayam,Referral,2024-10-03
C02325,TVM,Influencer,2025-08-05
C02326,Chennai,Influencer,2024-11-23
C02327,TVM,Organic,2024-10-23
C02328,Coimbatore,Instagram,2025-10-03
C02329,Mysore,Influencer,2024-09-02
C02330,Hyderabad,Referral,2025-02-25
C02331,Coimbatore,Organic,2025-06-05
C02332,Coimbatore,Instagram,2025-11-06
C02333,Hyderabad,Influencer,2025-05-21
C02334,TVM,Instagram,2025-04-24
C02335,Mumbai,Influencer,2025-12-26
C02336,Calicut,Organic,2024-12-18
C02337,Calicut,Influencer,2025-06-04
C02338,Hyderabad,Instagram,2025-04-12
C02339,Kochi,Influencer,2024-11-20
C02340,Chennai,Influencer,2025-11-21
C02341,TVM,Organic,2024-09-14
C02342,Kochi,Influencer,2025-04-20
C02343,Mumbai,Referral,2025-10-19
C02344,Thrissur,Influencer,2025-10-23
C02345,Chennai,Instagram,2025-12-21
C02346,Calicut,Referral,2024-11-23
C02347,Coimbatore,Referral,2025-12-17
C02348,Hyderabad,Organic,2025-03-05
C02349,Hyderabad,Influencer,2025-05-08
C02350,Hyderabad,Instagram,2025-09-12
C02351,Coimbatore,Organic,2024-07-11
C02352,Kochi,Instagram,2025-01-08
C02353,Bangalore,Influencer,2025-12-22
C02354,Hyderabad,Influencer,2025-08-18
C02355,Kottayam,Organic,2025-05-28
C02356,Hyderabad,Organic,2024-10-24
C02357,Bangalore,Referral,2025-07-05
C02358,Kollam,Referral,2025-11-21
C02359,Calicut,Instagram,2024-10-16
C02360,Mumbai,Influencer,2025-05-16
C02361,Hyderabad,Organic,2025-09-14
C02362,Cochin,Organic,2025-10-15
C02363,Calicut,Influencer,2024-10-29
C02364,Calicut,Organic,2025-12-26
C02365,Coimbatore,Influencer,2025-03-24
C02366,Kollam,Instagram,2024-11-04
C02367,Mumbai,Referral,2024-09-09
C02368,Mumbai,Organic,2025-12-28
C02369,Hyderabad,Referral,2025-08-04
C02370,Mysore,Referral,2024-11-22
C02371,Mysore,Influencer,2025-07-11
C02372,Kottayam,Influencer,2025-08-31
C02373,Chennai,Influencer,2024-10-26
C02374,Mumbai,Instagram,2025-03-25
C02375,Thrissur,Organic,2024-09-14
C02376,Kottayam,Organic,2024-07-18
C02377,Hyderabad,Referral,2025-12-27
C02378,Kochi,Instagram,2025-05-09
C02379,Calicut,Referral,2025-12-03
C02380,TVM,Influencer,2025-02-03
C02381,Coimbatore,Influencer,2025-05-14
C02382,Bangalore,Referral,2025-04-20
C02383,Kollam,Referral,2025-09-16
C02384,Bangalore,Referral,2025-12-22
C02385,Kochi,Instagram,2024-09-04
C02386,Mumbai,Instagram,2024-11-18
C02387,Mumbai,Influencer,2025-12-04
C02388,Calicut,Instagram,2025-03-25
C02389,TVM,Referral,2024-08-14
C02390,Mumbai,Organic,2025-12-14
C02391,Hyderabad,Influencer,2025-03-21
C02392,Kochi,Instagram,2025-02-05
C02393,Thrissur,Instagram,2025-03-10
C02394,Thrissur,Organic,2025-04-21
C02395,Calicut,Referral,2024-07-28
C02396,Kollam,Influencer,2024-11-12
C02397,Mysore,Organic,2025-02-13
C02398,Thrissur,Referral,2025-08-24
C02399,Bangalore,Influencer,2025-07-01
C02400,Chennai,Influencer,2025-07-17
C02401,Mysore,Instagram,2025-10-30
C02402,Mysore,Organic,2025-12-11
C02403,Mysore,Referral,2024-07-12
C02404,Mumbai,Organic,2025-03-09
C02405,Chennai,Instagram,2025-04-15
C02406,Hyderabad,Influencer,2025-12-23
C02407,Bangalore,Referral,2025-07-04
C02408,Chennai,Influencer,2024-09-14
C02409,Mumbai,Referral,2024-08-04
C02410,Mysore,Influencer,2025-06-26
C02411,Kottayam,Instagram,2024-09-05
C02412,Kochi,Organic,2025-11-16
C02413,Bangalore,Influencer,2025-08-14
C02414,TVM,Influencer,2024-12-31
C02415,Chennai,Referral,2025-02-16
C02416,TVM,Organic,2025-08-27
C02417,Calicut,,2025-09-27
C02418,Kochi,Influencer,2025-08-30
C02419,Bangalore,Referral,2025-06-18
C02420,Chennai,Influencer,2025-02-05
C02421,Calicut,Referral,2025-09-05
C02422,TVM,Instagram,2025-11-01
C02423,Calicut,Referral,2025-08-18
C02424,Hyderabad,Influencer,2024-12-02
C02425,Kochi,Referral,2024-10-08
C02426,Calicut,Instagram,2025-11-27
C02427,Kochi,Organic,2025-01-21
C02428,Hyderabad,Influencer,2025-10-12
C02429,Calicut,Referral,2024-10-03
C02430,Thrissur,Referral,2024-08-18
C02431,Chennai,Instagram,2025-07-04
C02432,Thrissur,Referral,2024-08-05
C02433,Mumbai,Referral,2025-12-20
C02434,Kollam,Instagram,2025-02-08
C02435,Hyderabad,Influencer,2025-03-24
C02436,Kollam,Influencer,2024-11-22
C02437,Calicut,Influencer,2025-10-29
C02438,Thrissur,Instagram,2025-11-12
C02439,Mumbai,Influencer,2024-10-11
C02440,Mumbai,Referral,2025-11-30
C02441,Kollam,Influencer,2025-02-15
C02442,Mysore,,2025-06-30
C02443,Mumbai,Influencer,2024-09-22
C02444,Bangalore,Organic,2025-12-10
C02445,Kollam,,2025-07-25
C02446,Kochi,Organic,2025-11-06
C02447,Coimbatore,Instagram,2024-08-13
C02448,Bangalore,Organic,2024-11-09
C02449,Hyderabad,Influencer,2024-08-19
C02450,Mumbai,Instagram,2024-07-28
C02451,Mumbai,Referral,2025-07-04
C02452,Kottayam,Referral,2025-12-16
C02453,Hyderabad,,2025-02-11
C02454,Coimbatore,Influencer,2024-11-11
C02455,Kottayam,Influencer,2025-09-18
C02456,Chennai,Organic,2025-10-01
C02457,Mysore,Referral,2025-04-22
C02458,Mumbai,Organic,2025-09-21
C02459,Thrissur,Influencer,2025-03-18
C02460,Calicut,Referral,2025-10-02
C02461,Kollam,Instagram,2024-11-18
C02462,Kollam,Influencer,2025-08-10
C02463,Kottayam,Referral,2025-04-12
C02464,Calicut,Organic,2024-09-16
C02465,Kottayam,Organic,2025-12-16
C02466,Coimbatore,Referral,2024-10-10
C02467,Kottayam,Influencer,2025-01-11
C02468,Mysore,Referral,2025-07-28
C02469,Chennai,Referral,2024-09-02
C02470,Thrissur,Instagram,2025-05-07
C02471,Chennai,Referral,2025-04-30
C02472,Chennai,Referral,2025-08-12
C02473,TVM,Influencer,2025-09-09
C02474,Kochi,Influencer,2025-07-05
C02475,Coimbatore,Referral,2024-09-14
C02476,Mysore,Influencer,2024-11-17
C02477,Bangalore,Organic,2025-06-29
C02478,Mumbai,Influencer,2024-10-23
C02479,Thrissur,Organic,2024-07-15
C02480,Kochi,Instagram,2025-05-16
C02481,Bangalore,Referral,2024-09-18
C02482,Bangalore,Organic,2025-04-01
C02483,Bangalore,Influencer,2025-04-02
C02484,Kochi,Influencer,2024-12-28
C02485,Kochi,Influencer,2024-07-22
C02486,Calicut,Referral,2025-11-24
C02487,Thrissur,Instagram,2025-08-25
C02488,TVM,Instagram,2024-08-02
C02489,Kochi,Organic,2024-09-16
C02490,Thrissur,Referral,2024-10-28
C02491,Mumbai,Referral,2025-07-17
C02492,Thrissur,Influencer,2025-03-16
C02493,Kollam,Influencer,2025-05-27
C02494,Hyderabad,Organic,2025-09-30
C02495,Bangalore,Organic,2024-11-03
C02496,Chennai,Organic,2024-11-24
C02497,Coimbatore,Organic,2025-12-06
C02498,Kochi,,2025-08-20
C02499,Mysore,Instagram,2025-11-28
C02500,Kollam,Organic,2025-09-13
C02501,Bangalore,Organic,2024-10-20
C02502,Mumbai,Instagram,2025-06-11
C02503,Cochin,Referral,2024-12-30
C02504,Kollam,Organic,2024-12-26
C02505,Mumbai,Influencer,2024-12-04
C02506,Cochin,Organic,2024-08-08
C02507,Kochi,Organic,2025-05-18
C02508,Kochi,Organic,2025-05-05
C02509,Mysore,Referral,2024-12-08
C02510,Coimbatore,Influencer,2025-07-06
C02511,Chennai,Influencer,2024-08-02
C02512,Bangalore,Instagram,2025-06-29
C02513,Hyderabad,Influencer,2024-09-27
C02514,Calicut,Organic,2024-08-06
C02515,Calicut,Organic,2025-01-27
C02516,Mysore,Instagram,2024-10-18
C02517,TVM,Instagram,2024-12-19
C02518,Thrissur,Instagram,2024-12-13
C02519,Hyderabad,Instagram,2025-04-21
C02520,Bangalore,Organic,2025-10-17
C02521,Kochi,Referral,2025-12-30
C02522,Calicut,Instagram,2025-04-15
C02523,Coimbatore,Influencer,2025-11-14
C02524,Mumbai,Instagram,2024-07-01
C02525,Kollam,Organic,2025-06-08
C02526,Mysore,Referral,2025-09-26
C02527,Kochi,Influencer,2025-08-10
C02528,Thrissur,Instagram,2025-05-13
C02529,TVM,Organic,2025-03-05
C02530,Thrissur,Organic,2025-11-07
C02531,TVM,Influencer,2024-11-27
C02532,Kochi,Organic,2025-01-10
C02533,Hyderabad,Referral,2024-08-22
C02534,Kochi,Referral,2025-02-19
C02535,Kottayam,Influencer,2024-11-14
C02536,Coimbatore,Influencer,2024-08-24
C02537,Cochin,Influencer,2025-05-18
C02538,Kochi,Organic,2025-09-05
C02539,Mysore,Instagram,2025-07-21
C02540,Chennai,Referral,2025-09-20
C02541,Coimbatore,Organic,2025-06-17
C02542,Kollam,,2025-06-17
C02543,Bangalore,Referral,2025-10-01
C02544,Coimbatore,Influencer,2025-06-22
C02545,TVM,Organic,2025-10-15
C02546,Hyderabad,Organic,2025-12-06
C02547,Bangalore,Instagram,2025-12-26
C02548,Kochi,Influencer,2025-09-24
C02549,Hyderabad,Organic,2025-09-26
C02550,Kollam,Influencer,2024-11-26
C02551,Mumbai,Instagram,2025-05-22
C02552,Calicut,Influencer,2025-10-21
C02553,Coimbatore,Instagram,2024-11-17
C02554,Mumbai,Organic,2025-08-24
C02555,TVM,Influencer,2025-01-20
C02556,Coimbatore,Organic,2025-04-13
C02557,Bangalore,Instagram,2025-02-25
C02558,Chennai,Instagram,2024-12-26
C02559,Kottayam,Referral,2025-11-05
C02560,TVM,Influencer,2024-07-20
C02561,Thrissur,Influencer,2025-08-25
C02562,Kottayam,Organic,2024-07-04
C02563,Kollam,Referral,2024-12-30
C02564,Kollam,Instagram,2024-08-11
C02565,Kochi,Influencer,2025-06-16
C02566,Coimbatore,Organic,2024-09-23
C02567,Coimbatore,Referral,2024-09-21
C02568,Coimbatore,Influencer,2024-09-20
C02569,Kottayam,Referral,2024-11-25
C02570,Mysore,Influencer,2024-11-10
C02571,Thrissur,Influencer,2025-01-20
C02572,Cochin,Organic,2025-02-18
C02573,Mysore,Instagram,2025-08-13
C02574,Chennai,Organic,2025-08-10
C02575,TVM,Instagram,2025-10-12
C02576,Kollam,Referral,2025-04-19
C02577,Kollam,Influencer,2025-12-05
C02578,TVM,Organic,2025-05-16
C02579,Cochin,Instagram,2025-12-28
C02580,Mysore,Organic,2025-04-07
C02581,Bangalore,Influencer,2024-11-28
C02582,Kollam,Instagram,2025-12-12
C02583,Mumbai,Organic,2024-07-16
C02584,Kottayam,Instagram,2025-08-17
C02585,Thrissur,Organic,2025-04-23
C02586,TVM,Referral,2025-06-21
C02587,Calicut,Instagram,2025-09-15
C02588,Calicut,Influencer,2025-11-10
C02589,Calicut,Referral,2025-09-07
C02590,Kottayam,Instagram,2025-11-09
C02591,Thrissur,Influencer,2024-08-15
C02592,Chennai,Referral,2024-08-05
C02593,Kochi,Influencer,2025-06-27
C02594,Coimbatore,Referral,2024-11-03
C02595,Kollam,Referral,2025-12-14
C02596,Mysore,Referral,2024-10-20
C02597,Coimbatore,Organic,2024-12-22
C02598,Hyderabad,Influencer,2025-11-13
C02599,TVM,Instagram,2025-10-03
C02600,Hyderabad,Instagram,2024-08-18
C02601,Thrissur,Instagram,2024-12-11
C02602,Bangalore,Organic,2024-08-12
C02603,Mumbai,Organic,2025-11-21
C02604,Mysore,Organic,2024-09-30
C02605,Kottayam,Instagram,2025-07-25
C02606,Kollam,Instagram,2025-06-26
C02607,Mumbai,Organic,2024-10-05
C02608,Mysore,Referral,2024-10-30
C02609,Calicut,Influencer,2025-05-02
C02610,Cochin,Referral,2025-07-12
C02611,Hyderabad,Instagram,2024-09-13
C02612,Cochin,Organic,2024-07-15
C02613,Mumbai,Organic,2024-12-10
C02614,Bangalore,Influencer,2025-11-01
C02615,Mumbai,Influencer,2025-07-18
C02616,Coimbatore,Instagram,2025-01-29
C02617,Hyderabad,Referral,2025-09-21
C02618,Bangalore,Instagram,2025-08-18
C02619,TVM,,2024-09-26
C02620,Mumbai,Instagram,2024-12-08
C02621,Cochin,Referral,2024-11-13
C02622,Hyderabad,Organic,2024-11-07
C02623,Coimbatore,Influencer,2025-08-12
C02624,Kottayam,Organic,2025-10-18
C02625,Kollam,Influencer,2025-12-28
C02626,Calicut,Organic,2025-09-05
C02627,Chennai,Instagram,2025-05-13
C02628,Chennai,Influencer,2025-04-25
C02629,TVM,Referral,2024-11-16
C02630,TVM,Instagram,2025-11-09
C02631,Kochi,Referral,2024-09-26
C02632,TVM,Influencer,2024-09-11
C02633,Calicut,Instagram,2025-02-03
C02634,Mumbai,Referral,2025-11-05
C02635,Mumbai,Referral,2025-03-18
C02636,Bangalore,Referral,2024-11-07
C02637,Coimbatore,Instagram,2025-11-23
C02638,Mumbai,Referral,2025-02-23
C02639,Hyderabad,Organic,2024-11-12
C02640,Kottayam,Referral,2025-12-07
C02641,Thrissur,Organic,2024-07-27
C02642,Chennai,Referral,2024-12-08
C02643,Mumbai,Referral,2025-06-29
C02644,Kochi,Influencer,2024-08-03
C02645,Hyderabad,Instagram,2024-07-19
C02646,Mysore,Referral,2025-12-07
C02647,Thrissur,Organic,2024-10-09
C02648,Coimbatore,Referral,2025-04-16
C02649,Kochi,Organic,2025-03-15
C02650,Hyderabad,Organic,2025-01-29
C02651,Chennai,Instagram,2025-05-17
C02652,Thrissur,Referral,2025-06-25
C02653,Bangalore,Referral,2025-01-08
C02654,Mumbai,Organic,2025-09-19
C02655,Bangalore,Instagram,2025-08-07
C02656,Mumbai,Referral,2024-09-30
C02657,Kollam,Referral,2025-07-31
C02658,Kottayam,Influencer,2024-11-30
C02659,Chennai,Influencer,2024-07-08
C02660,Kochi,Instagram,2025-04-21
C02661,Mysore,Referral,2025-06-29
C02662,Mysore,Referral,2025-06-18
C02663,Chennai,Referral,2024-11-04
C02664,Calicut,Organic,2025-08-28
C02665,Kottayam,Instagram,2025-11-24
C02666,Bangalore,Influencer,2024-10-20
C02667,TVM,Instagram,2024-09-05
C02668,Mumbai,Instagram,2025-05-31
C02669,Mysore,Organic,2025-07-13
C02670,Hyderabad,Influencer,2024-09-17
C02671,Coimbatore,Influencer,2024-11-15
C02672,Chennai,Influencer,2024-07-20
C02673,Mumbai,Organic,2024-08-23
C02674,Mysore,Influencer,2024-12-11
C02675,Kollam,,2025-01-27
C02676,Kochi,Organic,2025-03-13
C02677,Thrissur,Referral,2024-09-08
C02678,Kottayam,Instagram,2024-12-07
C02679,Kollam,Referral,2025-12-25
C02680,Mumbai,Organic,2024-10-27
C02681,Chennai,Influencer,2025-01-19
C02682,Calicut,Influencer,2025-10-27
C02683,Mumbai,Instagram,2024-08-10
C02684,Kochi,Organic,2024-07-24
C02685,Kollam,Referral,2025-05-09
C02686,Hyderabad,Organic,2025-04-29
C02687,Chennai,Referral,2025-09-20
C02688,Chennai,Instagram,2024-11-26
C02689,Chennai,Instagram,2025-05-16
C02690,TVM,Instagram,2025-11-21
C02691,Kollam,Referral,2025-05-14
C02692,Calicut,Organic,2025-01-11
C02693,Mumbai,Referral,2025-01-05
C02694,Thrissur,Instagram,2024-10-08
C02695,Kollam,Organic,2025-04-07
C02696,Bangalore,Influencer,2024-12-10
C02697,Kottayam,Referral,2024-08-11
C02698,Hyderabad,Organic,2024-10-20
C02699,Bangalore,Referral,2025-08-29
C02700,Kottayam,Influencer,2025-06-05
C02701,Bangalore,Organic,2025-01-22
C02702,TVM,,2025-12-31
C02703,Bangalore,,2025-09-11
C02704,Coimbatore,Organic,2025-03-06
C02705,Bangalore,Influencer,2024-12-05
C02706,Kollam,Instagram,2025-05-29
C02707,Mumbai,Referral,2024-08-18
C02708,Bangalore,Influencer,2024-12-08
C02709,TVM,Organic,2025-09-02
C02710,Bangalore,Organic,2024-08-25
C02711,Chennai,Referral,2025-05-16
C02712,Calicut,Instagram,2024-11-11
C02713,Kochi,Organic,2025-06-18
C02714,TVM,Influencer,2024-10-15
C02715,Coimbatore,Influencer,2024-10-01
C02716,Kottayam,Instagram,2025-09-14
C02717,Bangalore,Organic,2024-07-20
C02718,Kottayam,Organic,2025-11-07
C02719,Mysore,Organic,2025-09-04
C02720,TVM,Organic,2024-10-13
C02721,Mumbai,Instagram,2025-12-19
C02722,Chennai,,2025-01-08
C02723,Coimbatore,Instagram,2025-03-01
C02724,Cochin,Referral,2025-11-05
C02725,Bangalore,Influencer,2025-05-23
C02726,Hyderabad,Instagram,2025-12-22
C02727,TVM,Organic,2025-02-27
C02728,Cochin,Referral,2025-09-12
C02729,Kollam,Organic,2025-02-16
C02730,Mumbai,Referral,2024-09-29
C02731,Hyderabad,Referral,2025-10-05
C02732,Hyderabad,Referral,2025-05-25
C02733,Mumbai,Organic,2024-07-11
C02734,Kollam,Instagram,2025-02-10
C02735,Coimbatore,Instagram,2025-04-27
C02736,Kollam,Influencer,2025-01-10
C02737,TVM,Organic,2024-08-26
C02738,Thrissur,Instagram,2025-10-14
C02739,Kochi,Influencer,2024-11-15
C02740,Calicut,Instagram,2025-01-12
C02741,Hyderabad,Influencer,2025-11-29
C02742,Kollam,Instagram,2024-07-11
C02743,Bangalore,Organic,2025-10-19
C02744,Mumbai,Instagram,2025-11-23
C02745,Kollam,Influencer,2025-09-05
C02746,Chennai,Organic,2025-10-24
C02747,TVM,Instagram,2024-10-29
C02748,Mysore,Instagram,2024-11-29
C02749,Hyderabad,Organic,2024-10-25
C02750,Hyderabad,Influencer,2024-12-29
C02751,Chennai,Instagram,2024-08-23
C02752,Mysore,Instagram,2025-12-21
C02753,Calicut,Influencer,2024-07-05
C02754,Mumbai,Influencer,2025-09-12
C02755,Kollam,Organic,2025-04-13
C02756,Kottayam,Referral,2025-05-02
C02757,Kollam,Organic,2025-09-22
C02758,Calicut,Referral,2024-11-25
C02759,Bangalore,Instagram,2024-12-20
C02760,Kottayam,Referral,2025-01-28
C02761,Hyderabad,Influencer,2024-07-06
C02762,Coimbatore,Instagram,2024-07-10
C02763,Kochi,Organic,2025-10-10
C02764,Thrissur,Organic,2025-12-14
C02765,Calicut,Organic,2024-10-21
C02766,TVM,Organic,2025-12-04
C02767,Kottayam,Influencer,2025-12-03
C02768,Calicut,Influencer,2025-05-12
C02769,Thrissur,Instagram,2025-05-09
C02770,Kollam,Instagram,2024-08-26
C02771,Hyderabad,Organic,2024-07-16
C02772,Mumbai,Organic,2025-11-20
C02773,TVM,Influencer,2024-07-10
C02774,Mysore,Influencer,2024-11-13
C02775,Coimbatore,Influencer,2025-12-04
C02776,Coimbatore,Organic,2025-03-21
C02777,Kollam,Organic,2024-11-12
C02778,Bangalore,Organic,2024-07-19
C02779,Kollam,Instagram,2024-08-05
C02780,Kottayam,Organic,2024-09-05
C02781,TVM,Influencer,2025-01-29
C02782,Chennai,Referral,2024-08-19
C02783,Chennai,Referral,2024-11-21
C02784,Calicut,Organic,2024-12-19
C02785,Calicut,Instagram,2024-09-23
C02786,Hyderabad,Instagram,2025-09-10
C02787,Calicut,Instagram,2024-10-07
C02788,TVM,Referral,2025-01-07
C02789,Cochin,Influencer,2025-11-25
C02790,Coimbatore,Instagram,2024-08-13
C02791,Coimbatore,Influencer,2025-05-07
C02792,Chennai,Referral,2025-02-08
C02793,Kottayam,Influencer,2025-01-08
C02794,Thrissur,Instagram,2025-08-13
C02795,Kochi,Influencer,2024-12-30
C02796,Kottayam,Referral,2025-05-16
C02797,Kottayam,Influencer,2024-07-27
C02798,Coimbatore,Referral,2024-07-14
C02799,Chennai,Influencer,2024-09-04
C02800,Kottayam,Organic,2024-07-25
C02801,Kollam,Referral,2024-08-07
C02802,Chennai,Organic,2025-08-24
C02803,Mumbai,Instagram,2025-09-13
C02804,Chennai,Organic,2024-09-07
C02805,Bangalore,Referral,2025-03-02
C02806,Calicut,Referral,2025-02-07
C02807,Kottayam,Instagram,2025-01-31
C02808,Thrissur,Influencer,2024-11-29
C02809,Bangalore,Referral,2025-03-03
C02810,Hyderabad,Referral,2024-09-02
C02811,Calicut,Organic,2025-10-06
C02812,Hyderabad,,2024-10-31
C02813,Chennai,Instagram,2025-04-07
C02814,Hyderabad,Instagram,2025-12-26
C02815,Kollam,Referral,2025-08-20
C02816,Kollam,Influencer,2025-07-24
C02817,Cochin,Referral,2024-10-15
C02818,Bangalore,Instagram,2024-12-25
C02819,Kochi,Referral,2024-08-03
C02820,Mumbai,Influencer,2025-11-19
C02821,Kochi,Organic,2025-09-24
C02822,Hyderabad,Organic,2025-01-28
C02823,Calicut,Referral,2025-01-06
C02824,Coimbatore,Organic,2024-10-30
C02825,Thrissur,Referral,2024-10-08
C02826,Calicut,Organic,2025-04-20
C02827,Mysore,Influencer,2025-09-20
C02828,Cochin,Organic,2025-10-13
C02829,Thrissur,Referral,2025-10-31
C02830,Kollam,Organic,2025-04-01
C02831,Bangalore,Organic,2025-07-28
C02832,Calicut,Referral,2024-11-22
C02833,Chennai,Influencer,2025-12-05
C02834,Kottayam,Organic,2025-09-19
C02835,Kottayam,,2024-08-01
C02836,Coimbatore,Instagram,2025-01-21
C02837,Mumbai,,2024-07-14
C02838,Chennai,Organic,2025-08-16
C02839,Calicut,Influencer,2025-07-12
C02840,Coimbatore,Organic,2025-02-20
C02841,Mumbai,Referral,2025-03-02
C02842,Mysore,Organic,2024-10-23
C02843,Thrissur,Instagram,2025-02-11
C02844,Kollam,Organic,2025-09-01
C02845,Mysore,Organic,2024-09-04
C02846,Hyderabad,,2025-04-22
C02847,Mysore,Organic,2025-12-16
C02848,Hyderabad,Referral,2024-08-11
C02849,Cochin,Instagram,2025-11-05
C02850,Kollam,Instagram,2025-06-09
C02851,Kochi,Organic,2025-06-03
C02852,Mumbai,Referral,2024-10-27
C02853,Mysore,Instagram,2024-07-21
C02854,Calicut,Instagram,2024-09-09
C02855,Kollam,Organic,2025-08-31
C02856,Kochi,Organic,2025-11-04
C02857,Bangalore,Influencer,2025-04-09
C02858,Calicut,Organic,2024-12-18
C02859,Coimbatore,Referral,2025-07-21
C02860,Bangalore,Influencer,2025-11-10
C02861,Calicut,Referral,2025-08-14
C02862,Mysore,Influencer,2025-12-20
C02863,Kottayam,Influencer,2025-07-11
C02864,Bangalore,Referral,2025-10-07
C02865,Chennai,Instagram,2024-12-03
C02866,Bangalore,Organic,2025-01-02
C02867,Bangalore,Influencer,2025-11-12
C02868,TVM,Influencer,2025-04-14
C02869,TVM,Influencer,2024-12-15
C02870,TVM,Influencer,2025-06-09
C02871,Kochi,Influencer,2025-05-25
C02872,Mysore,Referral,2025-02-19
C02873,Calicut,Organic,2025-03-21
C02874,Mumbai,Organic,2024-12-11
C02875,Kottayam,Instagram,2025-07-14
C02876,Chennai,Referral,2025-01-22
C02877,Kochi,Influencer,2025-10-05
C02878,Kottayam,Influencer,2024-07-16
C02879,Chennai,Organic,2025-02-17
C02880,Mysore,Instagram,2024-10-04
C02881,Calicut,Influencer,2025-02-17
C02882,Calicut,Influencer,2025-06-03
C02883,Thrissur,Influencer,2025-03-24
C02884,Hyderabad,Referral,2025-11-15
C02885,Kollam,Influencer,2025-08-05
C02886,Kochi,Instagram,2025-10-29
C02887,Kochi,Instagram,2025-03-25
C02888,Mysore,Instagram,2025-01-07
C02889,Thrissur,Influencer,2025-03-28
C02890,Hyderabad,Instagram,2025-10-12
C02891,Mysore,Influencer,2025-11-24
C02892,Kollam,Organic,2024-09-11
C02893,Chennai,Influencer,2024-12-20
C02894,Kochi,,2024-12-09
C02895,Bangalore,Organic,2025-12-04
C02896,TVM,Referral,2024-08-31
C02897,TVM,Influencer,2024-09-16
C02898,TVM,Influencer,2025-10-30
C02899,Chennai,Instagram,2025-04-13
C02900,Kochi,Instagram,2025-07-20
C02901,TVM,Influencer,2025-03-04
C02902,Kollam,Influencer,2025-09-22
C02903,Mumbai,Organic,2025-08-01
C02904,Mumbai,Referral,2025-09-25
C02905,Chennai,Instagram,2025-05-09
C02906,TVM,Instagram,2025-08-30
C02907,Kottayam,Organic,2025-12-02
C02908,Mumbai,Influencer,2025-06-28
C02909,Mumbai,Instagram,2025-12-19
C02910,Thrissur,Referral,2025-03-18
C02911,Bangalore,Referral,2025-06-01
C02912,Thrissur,Influencer,2024-08-26
C02913,Kollam,Influencer,2025-12-12
C02914,Chennai,Referral,2025-10-17
C02915,Kochi,Organic,2025-01-14
C02916,Kochi,Instagram,2025-01-05
C02917,Calicut,Organic,2024-11-15
C02918,Kochi,Instagram,2024-12-11
C02919,Mumbai,Organic,2025-12-13
C02920,Kollam,Instagram,2025-07-03
C02921,Mysore,Instagram,2025-11-24
C02922,Kottayam,,2025-04-08
C02923,Mumbai,Referral,2025-10-22
C02924,Mysore,Instagram,2024-11-27
C02925,Kochi,Influencer,2025-06-28
C02926,Thrissur,Influencer,2024-10-28
C02927,Hyderabad,Organic,2025-10-08
C02928,Kottayam,,2025-11-24
C02929,Mumbai,Instagram,2025-01-26
C02930,Kollam,Instagram,2024-08-19
C02931,Coimbatore,Instagram,2025-06-11
C02932,Calicut,Influencer,2024-08-26
C02933,Kottayam,Influencer,2025-05-01
C02934,Mysore,Organic,2025-01-20
C02935,Coimbatore,Influencer,2024-12-29
C02936,Kochi,Influencer,2025-02-17
C02937,Coimbatore,Instagram,2025-08-02
C02938,Thrissur,Organic,2025-09-10
C02939,Calicut,Instagram,2025-04-15
C02940,Kottayam,Instagram,2024-09-24
C02941,TVM,Instagram,2024-10-16
C02942,Kollam,Influencer,2025-08-08
C02943,Kottayam,Instagram,2025-12-04
C02944,Bangalore,Instagram,2025-09-30
C02945,Kochi,Referral,2024-07-30
C02946,Coimbatore,Influencer,2025-01-12
C02947,Chennai,Organic,2024-12-25
C02948,Mumbai,Organic,2025-01-31
C02949,Coimbatore,Instagram,2025-04-21
C02950,Thrissur,Instagram,2024-10-15
C02951,Coimbatore,Organic,2024-12-08
C02952,Kottayam,Instagram,2025-05-11
C02953,Chennai,Instagram,2025-06-02
C02954,Thrissur,Organic,2025-08-10
C02955,Bangalore,Influencer,2025-01-25
C02956,Kochi,Influencer,2024-07-16
C02957,Coimbatore,Instagram,2025-04-14
C02958,Kochi,Influencer,2024-07-14
C02959,TVM,Referral,2024-08-07
C02960,Coimbatore,Referral,2024-07-09
C02961,Bangalore,Organic,2025-07-03
C02962,Calicut,Influencer,2025-07-08
C02963,TVM,Influencer,2025-10-12
C02964,Calicut,Instagram,2025-06-14
C02965,Chennai,Organic,2024-09-23
C02966,Hyderabad,Instagram,2025-10-14
C02967,Calicut,Instagram,2025-08-23
C02968,Thrissur,Referral,2024-10-07
C02969,Thrissur,Organic,2025-10-05
C02970,Chennai,Organic,2025-10-29
C02971,TVM,Referral,2024-11-06
C02972,Bangalore,Referral,2024-08-12
C02973,Hyderabad,Referral,2025-01-10
C02974,Thrissur,Organic,2025-10-23
C02975,Chennai,Influencer,2025-01-16
C02976,Thrissur,Referral,2025-08-07
C02977,Kottayam,Instagram,2025-01-23
C02978,Coimbatore,Referral,2025-01-09
C02979,Bangalore,Instagram,2025-02-13
C02980,Thrissur,Instagram,2025-12-23
C02981,Kollam,Organic,2025-04-12
C02982,Mumbai,Influencer,2025-04-01
C02983,Mumbai,Organic,2025-08-24
C02984,Thrissur,Instagram,2025-03-27
C02985,Kochi,Organic,2024-10-16
C02986,Cochin,Influencer,2024-11-06
C02987,Chennai,Influencer,2025-07-12
C02988,Calicut,Referral,2025-04-17
C02989,Chennai,Referral,2025-12-24
C02990,TVM,Instagram,2024-10-08
C02991,Coimbatore,Referral,2025-10-20
C02992,Chennai,Referral,2025-03-08
C02993,Bangalore,Instagram,2025-08-24
C02994,Mysore,Referral,2024-08-05
C02995,TVM,Instagram,2024-10-20
C02996,Kollam,Instagram,2024-08-03
C02997,Kochi,Instagram,2025-09-12
C02998,Kottayam,Organic,2024-08-11
C02999,Chennai,Referral,2024-09-04
C03000,Kochi,Influencer,2025-03-22
C03001,Mysore,Referral,2025-12-25
C03002,Mysore,,2024-12-10
C03003,TVM,Organic,2025-07-31
C03004,Kollam,Referral,2025-04-05
C03005,Calicut,Referral,2024-09-22
C03006,Mysore,Instagram,2024-12-03
C03007,Kollam,Referral,2024-07-13
C03008,Coimbatore,Organic,2025-05-06
C03009,Hyderabad,Referral,2025-12-12
C03010,Coimbatore,Referral,2025-03-15
C03011,Chennai,Instagram,2024-09-06
C03012,Kottayam,Referral,2025-05-13
C03013,Calicut,Organic,2024-09-30
C03014,TVM,Organic,2025-03-10
C03015,Chennai,Referral,2025-11-01
C03016,Kottayam,Influencer,2024-11-30
C03017,Kottayam,Instagram,2025-12-13
C03018,Mysore,Organic,2024-10-25
C03019,Hyderabad,Referral,2024-07-07
C03020,Mumbai,Influencer,2025-05-06
C03021,Chennai,Organic,2025-10-22
C03022,Kottayam,Instagram,2025-03-21
C03023,Hyderabad,Influencer,2024-09-16
C03024,Kottayam,Influencer,2025-08-16
C03025,Thrissur,Instagram,2025-05-29
C03026,TVM,Instagram,2025-04-08
C03027,Chennai,Referral,2025-10-30
C03028,Hyderabad,Instagram,2025-11-28
C03029,Kochi,Organic,2024-07-23
C03030,Mysore,Organic,2024-12-07
C03031,TVM,Influencer,2024-09-09
C03032,Mysore,Organic,2024-08-10
C03033,Cochin,Organic,2025-05-08
C03034,Kochi,Referral,2025-10-16
C03035,Bangalore,Referral,2024-07-29
C03036,Bangalore,Organic,2025-07-04
C03037,Thrissur,Influencer,2025-08-24
C03038,Hyderabad,Influencer,2025-12-04
C03039,Kottayam,,2025-01-05
C03040,TVM,Organic,2025-02-22
C03041,Bangalore,Organic,2025-01-26
C03042,Kochi,Instagram,2025-08-26
C03043,TVM,Organic,2025-10-30
C03044,Kottayam,Organic,2025-05-05
C03045,Thrissur,Instagram,2025-08-20
C03046,Chennai,Instagram,2025-04-02
C03047,Thrissur,Instagram,2024-07-05
C03048,Mumbai,Referral,2025-04-19
C03049,Thrissur,Instagram,2025-08-31
C03050,Coimbatore,Organic,2024-12-25
C03051,Bangalore,,2024-07-19
C03052,Kochi,Organic,2025-01-18
C03053,Mumbai,Referral,2024-10-05
C03054,Kottayam,Organic,2025-11-12
C03055,Hyderabad,Influencer,2025-12-28
C03056,Kottayam,Organic,2024-12-28
C03057,Calicut,Influencer,2025-06-23
C03058,Kollam,Influencer,2024-10-01
C03059,Hyderabad,Influencer,2025-07-23
C03060,Thrissur,Instagram,2025-08-01
C03061,Kottayam,Influencer,2024-09-02
C03062,Thrissur,Instagram,2025-05-27
C03063,Bangalore,Referral,2024-09-29
C03064,Coimbatore,Referral,2025-01-20
C03065,TVM,Referral,2025-08-12
C03066,Kollam,Organic,2025-07-01
C03067,TVM,Instagram,2025-08-24
C03068,Calicut,Referral,2024-07-27
C03069,Coimbatore,Instagram,2025-07-02
C03070,Mysore,Organic,2025-09-21
C03071,Bangalore,Instagram,2025-05-17
C03072,Bangalore,Instagram,2025-01-28
C03073,Bangalore,Referral,2025-02-02
C03074,Mumbai,Referral,2024-09-18
C03075,Kollam,Referral,2025-05-13
C03076,Hyderabad,Organic,2024-12-22
C03077,Mysore,Organic,2025-08-14
C03078,Coimbatore,Referral,2025-07-19
C03079,Mumbai,Instagram,2024-09-15
C03080,Kollam,Instagram,2025-12-18
C03081,TVM,Organic,2025-07-31
C03082,Mysore,Influencer,2024-10-22
C03083,Coimbatore,Influencer,2024-08-23
C03084,Mumbai,Instagram,2025-07-04
C03085,Kottayam,Referral,2025-01-16
C03086,Kollam,Instagram,2025-07-15
C03087,Kottayam,Organic,2025-08-16
C03088,Bangalore,Influencer,2025-06-18
C03089,Mumbai,Influencer,2024-07-18
C03090,TVM,Referral,2025-11-08
C03091,Kottayam,Influencer,2024-07-01
C03092,Mysore,Instagram,2025-05-30
C03093,Kochi,Instagram,2024-12-27
C03094,Mumbai,Instagram,2025-08-01
C03095,TVM,Referral,2025-10-18
C03096,Calicut,Instagram,2025-12-10
C03097,Thrissur,Referral,2025-10-15
C03098,Kollam,Influencer,2025-02-24
C03099,TVM,Influencer,2024-08-21
C03100,Calicut,Influencer,2024-07-02
C03101,Mumbai,Organic,2025-05-29
C03102,Kochi,Influencer,2025-11-14
C03103,Kochi,Instagram,2025-06-05
C03104,Kollam,Referral,2024-11-25
C03105,Kottayam,Instagram,2025-03-03
C03106,Thrissur,Referral,2025-12-22
C03107,Hyderabad,Influencer,2024-11-18
C03108,TVM,Referral,2025-11-07
C03109,Kochi,Referral,2025-12-06
C03110,Kollam,Organic,2025-08-06
C03111,Kochi,Influencer,2024-11-02
C03112,Kottayam,Influencer,2025-06-25
C03113,TVM,Instagram,2024-08-27
C03114,Bangalore,Instagram,2025-06-15
C03115,Hyderabad,Referral,2024-07-04
C03116,Chennai,Referral,2024-11-30
C03117,Kochi,Referral,2025-05-27
C03118,Thrissur,Instagram,2025-08-25
C03119,Mysore,Instagram,2025-07-16
C03120,Kochi,Influencer,2025-02-21
C03121,Kollam,Referral,2024-07-27
C03122,Mysore,Influencer,2025-06-30
C03123,Hyderabad,Instagram,2024-08-09
C03124,Coimbatore,Influencer,2024-11-18
C03125,TVM,Instagram,2025-12-18
C03126,Calicut,Instagram,2025-12-05
C03127,Thrissur,Instagram,2025-11-22
C03128,Kochi,Influencer,2025-08-14
C03129,Mysore,Organic,2025-04-14
C03130,Kochi,Instagram,2024-10-20
C03131,Thrissur,Instagram,2025-12-29
C03132,Coimbatore,Instagram,2025-04-29
C03133,Coimbatore,Instagram,2025-07-17
C03134,Kottayam,Instagram,2025-10-03
C03135,Mumbai,Referral,2024-07-23
C03136,Coimbatore,Instagram,2025-08-13
C03137,Kochi,Influencer,2024-08-21
C03138,Bangalore,Referral,2025-06-26
C03139,Chennai,Influencer,2025-06-18
C03140,Chennai,Instagram,2024-07-19
C03141,Coimbatore,Organic,2024-12-11
C03142,Kollam,Influencer,2025-05-10
C03143,Kollam,Organic,2025-10-21
C03144,Kollam,Instagram,2024-09-18
C03145,TVM,Influencer,2024-09-20
C03146,TVM,,2025-03-15
C03147,Coimbatore,Instagram,2025-08-12
C03148,Calicut,Influencer,2024-10-22
C03149,Hyderabad,Instagram,2025-06-02
C03150,Mumbai,Influencer,2024-10-14
C03151,Coimbatore,Influencer,2025-03-09
C03152,Kochi,Instagram,2024-12-14
C03153,TVM,Instagram,2025-06-12
C03154,Kollam,Organic,2024-12-21
C03155,Kochi,Organic,2024-12-24
C03156,Kochi,,2025-09-11
C03157,Kottayam,Instagram,2024-07-07
C03158,Mysore,Influencer,2024-08-11
C03159,Kottayam,Instagram,2024-08-20
C03160,Mumbai,Organic,2025-11-13
C03161,Cochin,Influencer,2024-08-06
C03162,Kottayam,Instagram,2025-09-21
C03163,Mumbai,Referral,2025-08-27
C03164,Mysore,Instagram,2025-05-21
C03165,TVM,Organic,2025-01-24
C03166,Kochi,Influencer,2024-10-19
C03167,Mysore,Referral,2025-05-13
C03168,Calicut,Instagram,2024-08-06
C03169,Thrissur,Influencer,2025-02-27
C03170,Kottayam,Referral,2024-09-10
C03171,Mysore,Influencer,2024-11-28
C03172,Mysore,Instagram,2025-07-13
C03173,Hyderabad,Organic,2024-12-25
C03174,TVM,Instagram,2025-01-11
C03175,Kollam,Organic,2025-11-04
C03176,Kochi,Influencer,2024-07-04
C03177,Coimbatore,Influencer,2025-09-01
C03178,Kochi,Organic,2024-10-07
C03179,Mysore,Referral,2025-07-09
C03180,Kollam,Referral,2025-05-14
C03181,Kochi,Instagram,2024-08-06
C03182,Hyderabad,Instagram,2024-09-03
C03183,TVM,Instagram,2025-03-03
C03184,Chennai,Referral,2025-05-29
C03185,Kollam,Instagram,2025-07-22
C03186,Calicut,Referral,2025-02-05
C03187,Chennai,Referral,2025-09-28
C03188,TVM,Instagram,2024-11-13
C03189,Calicut,Influencer,2025-08-24
C03190,Hyderabad,Instagram,2025-09-20
C03191,Coimbatore,Instagram,2024-09-20
C03192,Mumbai,Referral,2025-07-23
C03193,Mysore,Referral,2025-11-06
C03194,Kochi,Instagram,2024-11-11
C03195,Calicut,Organic,2024-12-23
C03196,Mumbai,Influencer,2024-09-03
C03197,Mumbai,Organic,2025-09-30
C03198,Bangalore,Organic,2024-10-24
C03199,Chennai,Instagram,2025-01-08
C03200,Bangalore,Influencer,2025-07-17
C03201,Kottayam,Organic,2025-12-24
C03202,TVM,Influencer,2025-04-01
C03203,Kollam,Instagram,2025-01-28
C03204,Kochi,Instagram,2025-04-02
C03205,Mumbai,Instagram,2025-11-14
C03206,Thrissur,Instagram,2025-01-28
C03207,Mumbai,Influencer,2025-07-12
C03208,Kottayam,Instagram,2024-09-08
C03209,Thrissur,Organic,2025-03-14
C03210,Mysore,Instagram,2025-07-28
C03211,Chennai,Influencer,2025-09-23
C03212,Bangalore,Organic,2025-11-26
C03213,Thrissur,Instagram,2024-09-14
C03214,Calicut,Referral,2025-02-03
C03215,Hyderabad,Influencer,2025-02-13
C03216,Coimbatore,,2025-12-24
C03217,Bangalore,Organic,2025-08-26
C03218,Bangalore,Influencer,2025-06-19
C03219,Calicut,Instagram,2025-06-08
C03220,Chennai,Influencer,2025-10-05
C03221,Calicut,Instagram,2025-05-08
C03222,Kollam,Referral,2024-12-02
C03223,Hyderabad,Instagram,2025-11-25
C03224,Mumbai,Referral,2025-02-15
C03225,Bangalore,Influencer,2024-09-04
C03226,Calicut,Instagram,2024-11-14
C03227,Mumbai,Organic,2024-08-24
C03228,TVM,Influencer,2025-03-31
C03229,Calicut,Referral,2024-09-02
C03230,Mumbai,Influencer,2024-11-04
C03231,Coimbatore,Influencer,2025-08-31
C03232,Coimbatore,Instagram,2025-11-26
C03233,Kollam,Influencer,2025-01-14
C03234,Mumbai,Instagram,2025-05-21
C03235,Mysore,Referral,2025-01-14
C03236,Hyderabad,Instagram,2024-10-05
C03237,Mysore,Influencer,2024-07-24
C03238,Calicut,Instagram,2025-02-25
C03239,Kochi,Organic,2025-09-25
C03240,TVM,Influencer,2025-09-25
C03241,TVM,Organic,2024-09-18
C03242,Kottayam,Referral,2025-05-16
C03243,Bangalore,Organic,2025-07-26
C03244,Bangalore,Instagram,2025-04-06
C03245,Coimbatore,Organic,2025-08-28
C03246,Bangalore,Referral,2024-07-08
C03247,Hyderabad,Referral,2025-10-14
C03248,Chennai,Instagram,2025-05-12
C03249,Mumbai,Referral,2025-04-19
C03250,Chennai,Instagram,2025-10-21
C03251,Kochi,Organic,2024-08-04
C03252,Coimbatore,Influencer,2025-02-24
C03253,Kollam,Influencer,2024-12-20
C03254,Coimbatore,Influencer,2025-07-22
C03255,Mumbai,Referral,2025-01-31
C03256,Kollam,Instagram,2025-09-15
C03257,Thrissur,Organic,2025-02-15
C03258,Kollam,Referral,2025-03-26
C03259,Thrissur,Organic,2025-07-21
C03260,Hyderabad,Influencer,2024-08-22
C03261,Kottayam,Influencer,2024-07-15
C03262,Kochi,Influencer,2024-10-20
C03263,Calicut,Referral,2025-05-29
C03264,Coimbatore,Influencer,2025-06-03
C03265,Coimbatore,Influencer,2024-12-08
C03266,Coimbatore,Organic,2024-10-22
C03267,Kollam,Instagram,2025-12-28
C03268,Bangalore,Instagram,2025-07-10
C03269,Thrissur,Influencer,2025-04-09
C03270,Kochi,Instagram,2024-09-06
C03271,Bangalore,,2025-05-26
C03272,Kottayam,Instagram,2025-03-05
C03273,Thrissur,Influencer,2025-03-23
C03274,Kollam,Instagram,2024-10-28
C03275,Chennai,Influencer,2025-09-13
C03276,Kochi,Organic,2025-09-08
C03277,Hyderabad,Referral,2024-10-28
C03278,Kochi,Influencer,2025-01-04
C03279,TVM,Organic,2024-08-05
C03280,Kochi,Referral,2025-02-22
C03281,Calicut,Instagram,2024-08-27
C03282,Bangalore,Organic,2025-05-16
C03283,Hyderabad,Organic,2025-10-22
C03284,Hyderabad,Instagram,2024-07-14
C03285,Chennai,Influencer,2024-12-26
C03286,Coimbatore,Organic,2024-12-11
C03287,Coimbatore,Organic,2024-08-05
C03288,Kochi,Referral,2025-02-10
C03289,Mysore,Organic,2025-10-07
C03290,TVM,Influencer,2025-03-06
C03291,Mumbai,Influencer,2024-08-30
C03292,Mumbai,Instagram,2025-12-25
C03293,Calicut,Influencer,2025-01-16
C03294,Chennai,Referral,2025-08-12
C03295,Mysore,Instagram,2025-08-06
C03296,Hyderabad,Instagram,2025-02-24
C03297,Chennai,Instagram,2024-07-24
C03298,Chennai,Referral,2025-11-26
C03299,Chennai,Influencer,2025-10-22
C03300,Kottayam,Referral,2025-11-11
C03301,Kottayam,Referral,2025-08-04
C03302,Mumbai,Instagram,2024-08-28
C03303,Kochi,Influencer,2025-09-13
C03304,Thrissur,Referral,2025-12-23
C03305,Calicut,Referral,2025-06-27
C03306,Thrissur,Influencer,2024-08-22
C03307,Kochi,Referral,2025-05-28
C03308,Hyderabad,Organic,2024-12-07
C03309,TVM,Instagram,2024-09-10
C03310,Mysore,Organic,2025-07-22
C03311,Chennai,Referral,2025-05-08
C03312,Chennai,Instagram,2025-05-13
C03313,Thrissur,Referral,2024-11-23
C03314,Thrissur,Instagram,2025-07-24
C03315,Mumbai,Referral,2024-07-15
C03316,Kollam,Organic,2024-12-25
C03317,Hyderabad,Influencer,2024-10-22
C03318,Hyderabad,Instagram,2024-12-30
C03319,TVM,Organic,2024-07-13
C03320,Kottayam,Organic,2025-01-27
C03321,Mysore,Referral,2024-12-02
C03322,Cochin,Instagram,2025-02-01
C03323,Bangalore,Organic,2025-12-01
C03324,Coimbatore,Influencer,2025-01-04
C03325,Kottayam,Organic,2025-06-12
C03326,Mysore,Referral,2024-07-24
C03327,Chennai,Influencer,2024-08-28
C03328,Thrissur,Referral,2025-04-14
C03329,Kollam,Organic,2025-02-09
C03330,Coimbatore,Influencer,2025-12-08
C03331,Chennai,Referral,2025-03-29
C03332,Mumbai,Referral,2025-12-01
C03333,Kottayam,Influencer,2024-07-04
C03334,Thrissur,Organic,2025-05-23
C03335,Thrissur,Influencer,2024-07-06
C03336,Mumbai,Organic,2025-06-18
C03337,Kochi,Instagram,2025-12-23
C03338,Coimbatore,Instagram,2025-04-08
C03339,Kochi,Influencer,2025-07-11
C03340,Kochi,,2024-07-22
C03341,Hyderabad,Referral,2024-08-07
C03342,Mysore,Referral,2025-07-10
C03343,Kollam,Organic,2025-11-05
C03344,Kollam,Referral,2025-04-09
C03345,Mumbai,Instagram,2024-08-03
C03346,Chennai,Referral,2025-12-12
C03347,Mysore,Instagram,2024-11-10
C03348,Mumbai,Influencer,2024-08-06
C03349,Hyderabad,Referral,2025-09-24
C03350,Coimbatore,Influencer,2025-10-04
C03351,Chennai,Instagram,2025-09-21
C03352,Bangalore,Referral,2024-12-18
C03353,TVM,Instagram,2025-11-08
C03354,Thrissur,Instagram,2025-07-21
C03355,Bangalore,Instagram,2025-11-08
C03356,Thrissur,Referral,2025-07-04
C03357,Kollam,Referral,2025-03-16
C03358,Kottayam,Organic,2025-07-26
C03359,Bangalore,Referral,2025-02-08
C03360,Kottayam,Instagram,2025-10-19
C03361,TVM,Instagram,2025-10-21
C03362,Calicut,Referral,2025-03-15
C03363,Kollam,Organic,2025-01-03
C03364,Mysore,Organic,2024-09-28
C03365,Cochin,Organic,2024-10-16
C03366,Kochi,Organic,2024-09-23
C03367,Kollam,Organic,2025-01-11
C03368,Mumbai,Organic,2025-04-30
C03369,Kollam,Organic,2024-07-12
C03370,TVM,Organic,2024-09-24
C03371,Mysore,Influencer,2024-11-07
C03372,Kottayam,Organic,2025-12-18
C03373,Mysore,Referral,2025-04-27
C03374,Kollam,Organic,2024-12-21
C03375,Cochin,Instagram,2024-12-13
C03376,Kollam,Organic,2024-10-16
C03377,Cochin,Instagram,2025-03-18
C03378,Hyderabad,Influencer,2025-06-08
C03379,Mumbai,Influencer,2025-07-02
C03380,Cochin,Influencer,2025-09-01
C03381,Kochi,Influencer,2025-10-19
C03382,TVM,Organic,2025-08-05
C03383,Kottayam,Organic,2025-11-18
C03384,Bangalore,Referral,2024-08-15
C03385,Mumbai,Organic,2024-10-06
C03386,Hyderabad,Organic,2024-09-19
C03387,Mumbai,Instagram,2024-11-22
C03388,Coimbatore,Influencer,2025-10-24
C03389,Thrissur,Instagram,2024-08-06
C03390,Kochi,Instagram,2025-12-11
C03391,Cochin,,2025-07-07
C03392,TVM,Referral,2025-08-17
C03393,Cochin,Organic,2025-06-24
C03394,Bangalore,Referral,2024-08-18
C03395,Kochi,Organic,2025-01-10
C03396,Chennai,Organic,2025-12-12
C03397,TVM,Organic,2024-08-07
C03398,Mysore,Instagram,2025-07-30
C03399,Chennai,Referral,2025-06-30
C03400,Chennai,Influencer,2025-05-16
C03401,Kottayam,Influencer,2025-11-16
C03402,Hyderabad,Referral,2025-09-11
C03403,Bangalore,Instagram,2025-11-14
C03404,Kochi,Instagram,2025-10-31
C03405,TVM,Instagram,2024-10-16
C03406,Thrissur,Influencer,2024-12-29
C03407,Thrissur,Instagram,2025-01-23
C03408,Coimbatore,Influencer,2024-10-18
C03409,Bangalore,Influencer,2025-03-01
C03410,TVM,Referral,2025-09-06
C03411,Kottayam,Influencer,2025-10-26
C03412,Kottayam,Organic,2024-07-28
C03413,Chennai,Instagram,2025-12-22
C03414,Kottayam,Organic,2025-12-29
C03415,Coimbatore,Organic,2025-11-29
C03416,Bangalore,Organic,2025-10-25
C03417,Kottayam,Influencer,2025-03-20
C03418,TVM,Instagram,2025-11-14
C03419,Calicut,Organic,2024-12-07
C03420,Mysore,Referral,2025-08-06
C03421,TVM,Organic,2025-06-25
C03422,Coimbatore,Instagram,2025-03-04
C03423,Chennai,Influencer,2025-12-01
C03424,Mumbai,Instagram,2025-06-30
C03425,Chennai,Organic,2024-12-11
C03426,Calicut,Instagram,2024-09-17
C03427,Mumbai,Organic,2025-09-05
C03428,Thrissur,Instagram,2025-09-20
C03429,TVM,Instagram,2025-11-07
C03430,Kottayam,Referral,2024-07-24
C03431,Mumbai,Influencer,2025-08-31
C03432,Kollam,Influencer,2025-11-02
C03433,Kochi,Influencer,2024-08-23
C03434,TVM,Influencer,2025-05-20
C03435,Coimbatore,Influencer,2025-09-21
C03436,Calicut,Organic,2024-07-06
C03437,Kochi,Influencer,2024-08-24
C03438,Calicut,Instagram,2025-12-16
C03439,TVM,Organic,2024-08-20
C03440,Mysore,Organic,2025-08-08
C03441,TVM,Organic,2024-07-20
C03442,Mumbai,Organic,2025-12-23
C03443,Kochi,Instagram,2025-01-25
C03444,Bangalore,Referral,2025-03-16
C03445,TVM,Instagram,2025-08-17
C03446,TVM,Organic,2025-02-18
C03447,Cochin,Referral,2024-07-29
C03448,Mumbai,Influencer,2024-10-04
C03449,Cochin,,2025-11-16
C03450,Mysore,Instagram,2025-10-01
C03451,Bangalore,Influencer,2024-11-16
C03452,Hyderabad,Organic,2024-08-19
C03453,Bangalore,Organic,2024-12-13
C03454,TVM,Instagram,2025-10-07
C03455,Hyderabad,Influencer,2024-09-22
C03456,Kochi,Organic,2025-01-23
C03457,Kollam,Instagram,2024-09-09
C03458,Thrissur,Influencer,2025-05-04
C03459,Hyderabad,,2025-10-05
C03460,Mumbai,Organic,2025-12-05
C03461,Thrissur,Instagram,2024-07-10
C03462,Kottayam,Instagram,2025-05-27
C03463,Calicut,Organic,2025-11-25
C03464,Hyderabad,Organic,2025-11-20
C03465,Cochin,Referral,2024-10-31
C03466,Thrissur,Instagram,2024-11-10
C03467,Coimbatore,Influencer,2024-12-10
C03468,Hyderabad,Influencer,2024-09-22
C03469,Thrissur,,2025-03-10
C03470,Kochi,Influencer,2025-10-31
C03471,Kochi,Influencer,2024-09-12
C03472,Cochin,Influencer,2024-07-02
C03473,Kochi,Referral,2025-04-02
C03474,Coimbatore,Organic,2025-02-26
C03475,Hyderabad,Instagram,2025-01-24
C03476,Hyderabad,Instagram,2025-07-26
C03477,Hyderabad,Organic,2024-11-05
C03478,Mumbai,Influencer,2024-12-06
C03479,Kollam,Organic,2025-01-30
C03480,Kollam,Referral,2025-10-11
C03481,Hyderabad,Referral,2025-04-02
C03482,Thrissur,Referral,2025-11-28
C03483,Kochi,Instagram,2025-04-15
C03484,Calicut,Instagram,2025-09-26
C03485,Thrissur,Instagram,2025-10-16
C03486,Coimbatore,Influencer,2025-09-21
C03487,TVM,Referral,2025-07-12
C03488,Kottayam,Influencer,2025-11-16
C03489,TVM,Organic,2024-12-14
C03490,Kottayam,Instagram,2025-11-24
C03491,TVM,Referral,2025-05-18
C03492,Thrissur,Organic,2025-08-17
C03493,Bangalore,Instagram,2024-12-21
C03494,TVM,Influencer,2024-09-07
C03495,Kottayam,Referral,2025-01-13
C03496,TVM,Referral,2025-02-22
C03497,Chennai,Organic,2024-12-20
C03498,Calicut,Influencer,2025-03-09
C03499,Mysore,Influencer,2024-07-19
C03500,Bangalore,Referral,2025-05-30
C03501,Hyderabad,Organic,2025-12-03
C03502,Kottayam,Referral,2024-11-11
C03503,Bangalore,Influencer,2024-07-28
C03504,TVM,Instagram,2025-08-19
C03505,Chennai,Instagram,2025-02-04
C03506,Bangalore,Influencer,2024-12-11
C03507,Kochi,Instagram,2025-07-08
C03508,Kollam,Organic,2025-06-20
C03509,Hyderabad,Influencer,2025-07-13
C03510,Hyderabad,Referral,2025-08-06
C03511,Mumbai,Instagram,2025-01-16
C03512,Kollam,Referral,2025-08-30
C03513,Kollam,Organic,2025-04-18
C03514,Hyderabad,Influencer,2024-12-05
C03515,Calicut,Instagram,2024-09-08
C03516,Chennai,Organic,2025-04-17
C03517,Mysore,Instagram,2024-10-26
C03518,Thrissur,Referral,2024-08-06
C03519,Kochi,Instagram,2025-04-09
C03520,TVM,Organic,2025-06-10
C03521,Thrissur,Influencer,2024-09-17
C03522,Kochi,Referral,2024-11-24
C03523,Thrissur,Organic,2025-07-26
C03524,Thrissur,Organic,2025-02-12
C03525,Coimbatore,Referral,2024-09-03
C03526,Mumbai,Influencer,2025-05-01
C03527,Calicut,Organic,2024-10-21
C03528,Calicut,Instagram,2025-09-12
C03529,Chennai,,2024-12-30
C03530,Thrissur,Instagram,2025-09-29
C03531,Thrissur,Organic,2024-07-03
C03532,Mumbai,Organic,2025-07-15
C03533,Mysore,Organic,2024-07-05
C03534,Kollam,Referral,2025-08-19
C03535,Mumbai,Instagram,2024-09-17
C03536,Coimbatore,Instagram,2025-03-29
C03537,Mysore,Organic,2024-12-16
C03538,Mumbai,Instagram,2025-02-04
C03539,Coimbatore,Referral,2025-10-30
C03540,Mysore,Organic,2024-09-19
C03541,TVM,Organic,2025-07-14
C03542,Mysore,Influencer,2025-10-08
C03543,Chennai,Referral,2025-01-26
C03544,Calicut,Referral,2024-10-06
C03545,Kottayam,Instagram,2024-09-27
C03546,Mysore,Referral,2024-10-12
C03547,Calicut,Influencer,2024-10-07
C03548,Mysore,Instagram,2025-04-11
C03549,Chennai,Instagram,2025-12-02
C03550,Calicut,Referral,2024-09-01
C03551,Hyderabad,Organic,2024-07-31
C03552,Mysore,Instagram,2025-08-13
C03553,Kottayam,Organic,2024-07-09
C03554,Mumbai,Referral,2025-01-08
C03555,Kochi,Organic,2025-12-22
C03556,Mumbai,Referral,2025-11-28
C03557,Thrissur,Instagram,2025-03-01
C03558,Coimbatore,Referral,2024-10-15
C03559,Kochi,Instagram,2025-01-13
C03560,Bangalore,Influencer,2025-12-29
C03561,Hyderabad,Influencer,2024-08-15
C03562,Kochi,Influencer,2024-10-10
C03563,Kollam,Organic,2025-01-20
C03564,Chennai,Organic,2025-02-01
C03565,Thrissur,Organic,2025-03-24
C03566,Cochin,Influencer,2025-02-06
C03567,Mysore,Referral,2024-10-28
C03568,Hyderabad,Referral,2025-12-05
C03569,Coimbatore,Referral,2025-09-19
C03570,Kochi,Instagram,2025-05-24
C03571,Hyderabad,Influencer,2025-09-18
C03572,TVM,Referral,2025-08-13
C03573,Coimbatore,Influencer,2025-07-02
C03574,Bangalore,Referral,2025-09-20
C03575,Mumbai,Referral,2025-06-14
C03576,Thrissur,Organic,2024-07-20
C03577,Bangalore,Influencer,2025-04-20
C03578,Chennai,Organic,2025-06-29
C03579,Kochi,Organic,2025-09-26
C03580,Mysore,,2025-10-07
C03581,Kochi,Instagram,2024-08-31
C03582,Chennai,Influencer,2024-10-13
C03583,Coimbatore,Influencer,2025-09-28
C03584,Kochi,Referral,2024-08-08
C03585,Mumbai,Instagram,2025-02-19
C03586,Kottayam,Instagram,2024-10-30
C03587,Mysore,Referral,2025-03-30
C03588,Calicut,Organic,2025-02-03
C03589,Kochi,Referral,2025-05-27
C03590,Mysore,Influencer,2025-10-03
C03591,Kollam,Organic,2024-12-14
C03592,Mumbai,Influencer,2025-06-03
C03593,Kollam,Referral,2025-01-11
C03594,Coimbatore,Instagram,2025-10-11
C03595,Mumbai,Influencer,2025-04-20
C03596,Mumbai,Referral,2025-05-01
C03597,Bangalore,Organic,2025-06-08
C03598,Mysore,Influencer,2025-07-05
C03599,Thrissur,Influencer,2025-09-03
C03600,Calicut,Instagram,2025-02-17
C03601,Kottayam,Influencer,2024-07-22
C03602,Chennai,Instagram,2024-09-28
C03603,Kollam,Referral,2024-08-18
C03604,Kochi,Instagram,2025-03-09
C03605,TVM,Organic,2025-08-27
C03606,Hyderabad,Organic,2025-10-31
C03607,Kochi,Referral,2025-01-21
C03608,Hyderabad,Instagram,2024-10-02
C03609,Kochi,Referral,2025-08-18
C03610,Kochi,Referral,2025-03-22
C03611,Thrissur,Organic,2024-11-13
C03612,Kottayam,Instagram,2025-11-19
C03613,Thrissur,Instagram,2024-09-12
C03614,Hyderabad,Referral,2025-12-19
C03615,Coimbatore,Instagram,2024-07-20
C03616,Mumbai,Instagram,2025-12-25
C03617,Calicut,Organic,2025-03-03
C03618,Kottayam,Instagram,2024-12-08
C03619,Coimbatore,Organic,2025-07-31
C03620,Bangalore,,2024-08-29
C03621,Kochi,Instagram,2024-11-19
C03622,Chennai,Referral,2025-12-31
C03623,Kochi,Organic,2025-08-11
C03624,Coimbatore,Instagram,2025-02-18
C03625,Kollam,Referral,2025-02-28
C03626,TVM,Referral,2025-03-09
C03627,Cochin,Organic,2025-08-30
C03628,Chennai,Referral,2025-12-28
C03629,Calicut,Organic,2025-06-29
C03630,Coimbatore,Referral,2025-03-01
C03631,Kollam,Instagram,2025-04-26
C03632,Bangalore,Organic,2025-01-30
C03633,Thrissur,Influencer,2024-08-02
C03634,TVM,Instagram,2025-03-31
C03635,Hyderabad,Influencer,2025-03-24
C03636,Chennai,Instagram,2025-11-26
C03637,Thrissur,Referral,2025-04-02
C03638,TVM,Organic,2024-10-18
C03639,Chennai,Instagram,2025-08-11
C03640,Calicut,Instagram,2024-07-10
C03641,Kottayam,Influencer,2025-09-27
C03642,Hyderabad,Influencer,2025-10-31
C03643,TVM,Influencer,2024-11-17
C03644,Bangalore,Influencer,2025-07-27
C03645,Coimbatore,Organic,2025-03-27
C03646,Thrissur,Instagram,2025-04-06
C03647,Chennai,Referral,2025-03-12
C03648,Hyderabad,Instagram,2025-11-29
C03649,Thrissur,Influencer,2025-08-10
C03650,TVM,Referral,2024-08-17
C03651,Mysore,Instagram,2025-11-14
C03652,Kochi,Instagram,2025-10-28
C03653,Mysore,Referral,2025-05-25
C03654,Kochi,Influencer,2025-03-21
C03655,Coimbatore,Instagram,2025-08-23
C03656,Cochin,Organic,2024-11-28
C03657,Bangalore,Influencer,2025-01-06
C03658,TVM,Organic,2025-01-27
C03659,Mumbai,Instagram,2025-08-02
C03660,Kollam,Instagram,2024-09-14
C03661,Hyderabad,Referral,2025-02-05
C03662,Mumbai,Referral,2025-09-05
C03663,Mysore,Referral,2025-08-01
C03664,Mysore,Instagram,2025-04-27
C03665,Mumbai,Instagram,2025-03-25
C03666,Coimbatore,Influencer,2024-07-18
C03667,Cochin,Influencer,2024-07-28
C03668,Bangalore,Organic,2025-10-30
C03669,Kochi,Organic,2025-11-08
C03670,Chennai,Influencer,2024-12-31
C03671,Coimbatore,Influencer,2025-09-02
C03672,Bangalore,,2024-10-05
C03673,Mysore,Organic,2025-01-21
C03674,Coimbatore,Referral,2024-07-11
C03675,Bangalore,Organic,2025-03-22
C03676,Kollam,Influencer,2024-10-16
C03677,Calicut,Influencer,2024-11-07
C03678,Coimbatore,Referral,2025-06-06
C03679,Thrissur,Organic,2025-10-26
C03680,Coimbatore,Organic,2025-08-19
C03681,TVM,Organic,2025-02-11
C03682,Kochi,Organic,2025-02-11
C03683,Thrissur,Instagram,2025-06-28
C03684,Kochi,Instagram,2025-08-09
C03685,TVM,,2024-10-05
C03686,Calicut,Influencer,2025-03-17
C03687,Mysore,Influencer,2025-06-04
C03688,Chennai,Organic,2025-04-17
C03689,Cochin,Influencer,2025-05-28
C03690,Kottayam,Instagram,2025-07-02
C03691,Coimbatore,Instagram,2025-08-14
C03692,Mysore,Instagram,2025-10-01
C03693,Mumbai,Organic,2024-07-27
C03694,Kottayam,Influencer,2025-10-11
C03695,Mysore,Organic,2024-12-07
C03696,Calicut,Instagram,2025-11-26
C03697,Mumbai,Organic,2025-09-20
C03698,Mumbai,Organic,2025-12-29
C03699,Calicut,Instagram,2024-10-04
C03700,Mumbai,Organic,2025-05-02
C03701,Hyderabad,Referral,2025-08-31
C03702,Kochi,Organic,2025-10-23
C03703,Chennai,Referral,2025-09-10
C03704,Chennai,Instagram,2025-05-25
C03705,Kochi,Instagram,2025-08-05
C03706,Mumbai,Organic,2025-01-18
C03707,Kottayam,Organic,2024-11-08
C03708,Thrissur,Referral,2025-06-19
C03709,Kottayam,Instagram,2025-06-06
C03710,Kottayam,Referral,2025-08-01
C03711,Mumbai,Instagram,2024-09-02
C03712,Coimbatore,Organic,2024-11-04
C03713,Mumbai,Influencer,2025-05-01
C03714,Kollam,Influencer,2025-03-15
C03715,Chennai,Organic,2025-07-02
C03716,Coimbatore,Influencer,2024-11-02
C03717,Calicut,Instagram,2025-06-11
C03718,Bangalore,Organic,2024-09-01
C03719,Chennai,Organic,2025-03-25
C03720,Mumbai,Influencer,2024-12-22
C03721,Mumbai,Influencer,2025-11-29
C03722,Thrissur,Influencer,2024-07-31
C03723,Kochi,Referral,2024-07-25
C03724,Cochin,Influencer,2025-01-01
C03725,Kollam,Organic,2025-10-08
C03726,Mumbai,Organic,2024-09-14
C03727,Bangalore,Referral,2024-12-12
C03728,Chennai,Referral,2025-12-24
C03729,Thrissur,Referral,2024-11-01
C03730,Kottayam,Influencer,2025-06-03
C03731,Kollam,Influencer,2024-09-14
C03732,TVM,Instagram,2025-05-15
C03733,Kochi,Organic,2025-12-02
C03734,Cochin,Influencer,2024-11-12
C03735,Kottayam,Influencer,2025-07-10
C03736,Calicut,Referral,2025-08-04
C03737,Chennai,Referral,2025-02-13
C03738,Mumbai,Instagram,2025-04-24
C03739,Mysore,Instagram,2025-12-13
C03740,Hyderabad,Instagram,2025-08-04
C03741,Kochi,Organic,2025-07-14
C03742,Mysore,Instagram,2025-11-15
C03743,TVM,Organic,2024-08-03
C03744,Bangalore,Organic,2025-12-23
C03745,Mumbai,Organic,2025-02-13
C03746,Kottayam,Organic,2025-12-28
C03747,Coimbatore,Referral,2024-11-07
C03748,Chennai,Instagram,2025-07-19
C03749,Coimbatore,Referral,2025-11-05
C03750,Kollam,Organic,2024-12-13
C03751,Kottayam,Referral,2024-11-14
C03752,Hyderabad,Organic,2024-07-19
C03753,Kottayam,Organic,2024-12-26
C03754,TVM,Referral,2024-08-16
C03755,Cochin,Organic,2025-06-16
C03756,Kottayam,Referral,2024-09-30
C03757,Bangalore,Instagram,2024-07-10
C03758,Hyderabad,Instagram,2025-04-13
C03759,Coimbatore,Organic,2025-07-31
C03760,Thrissur,Organic,2024-12-30
C03761,Hyderabad,Influencer,2025-04-19
C03762,Mysore,Instagram,2024-08-24
C03763,Hyderabad,Influencer,2025-08-23
C03764,Thrissur,Influencer,2025-06-26
C03765,TVM,Referral,2025-05-29
C03766,Kottayam,Organic,2024-09-15
C03767,Coimbatore,Influencer,2025-08-26
C03768,Thrissur,Organic,2025-03-31
C03769,Chennai,Referral,2024-11-05
C03770,Mysore,Influencer,2025-05-06
C03771,Calicut,Referral,2025-03-01
C03772,Bangalore,Influencer,2025-11-24
C03773,Kollam,Organic,2024-12-17
C03774,Kochi,Referral,2025-03-09
C03775,Kollam,Referral,2025-06-03
C03776,Calicut,Instagram,2025-06-25
C03777,Mysore,Influencer,2024-11-24
C03778,Coimbatore,Organic,2025-09-04
C03779,Thrissur,Influencer,2025-10-19
C03780,TVM,Referral,2025-03-30
C03781,Hyderabad,Influencer,2025-08-28
C03782,Thrissur,Referral,2025-11-13
C03783,Kochi,Influencer,2024-12-08
C03784,Calicut,Organic,2024-10-23
C03785,Kollam,Influencer,2024-11-22
C03786,Cochin,Influencer,2024-09-08
C03787,Bangalore,Instagram,2025-05-25
C03788,Hyderabad,Organic,2025-06-19
C03789,Kottayam,Organic,2025-05-30
C03790,Mysore,Influencer,2025-07-03
C03791,Calicut,Organic,2025-12-24
C03792,Chennai,Organic,2025-04-24
C03793,Kochi,Instagram,2025-03-15
C03794,Kochi,Instagram,2025-11-29
C03795,Kollam,Organic,2025-07-04
C03796,Kochi,Organic,2024-09-29
C03797,Kottayam,Organic,2024-08-28
C03798,Kollam,Instagram,2025-04-08
C03799,Mumbai,Influencer,2024-11-04
C03800,Chennai,Referral,2025-04-03
C03801,Coimbatore,Influencer,2025-03-03
C03802,Kottayam,Instagram,2024-11-05
C03803,Coimbatore,Influencer,2025-05-29
C03804,Kollam,Influencer,2024-07-26
C03805,Coimbatore,Instagram,2025-01-25
C03806,Bangalore,Referral,2024-11-25
C03807,Cochin,Organic,2024-08-13
C03808,Hyderabad,Organic,2025-04-21
C03809,Coimbatore,Referral,2025-11-24
C03810,Mysore,Instagram,2025-06-17
C03811,Hyderabad,Organic,2024-07-28
C03812,Kochi,Organic,2024-10-09
C03813,Kochi,Organic,2025-08-12
C03814,Coimbatore,Organic,2025-07-17
C03815,Hyderabad,Instagram,2025-09-20
C03816,Kollam,Organic,2024-11-23
C03817,Mumbai,Referral,2024-09-05
C03818,Hyderabad,Referral,2024-12-09
C03819,Kottayam,Referral,2024-08-09
C03820,Hyderabad,Influencer,2024-12-14
C03821,Kottayam,Influencer,2025-09-29
C03822,Kochi,Influencer,2024-07-22
C03823,Calicut,Organic,2024-11-10
C03824,Cochin,Organic,2025-06-28
C03825,Kottayam,Referral,2025-05-11
C03826,Coimbatore,Instagram,2025-06-20
C03827,Calicut,Organic,2024-12-13
C03828,Calicut,Instagram,2024-12-15
C03829,TVM,Influencer,2025-05-12
C03830,Bangalore,Instagram,2024-11-24
C03831,Kollam,Influencer,2024-10-09
C03832,Kollam,Referral,2025-08-06
C03833,Bangalore,Organic,2025-12-27
C03834,Chennai,Instagram,2025-06-27
C03835,Bangalore,Referral,2025-07-29
C03836,Chennai,Organic,2024-08-16
C03837,Kochi,Influencer,2025-05-05
C03838,Kollam,Influencer,2025-12-28
C03839,Thrissur,Referral,2025-09-24
C03840,Calicut,Referral,2025-09-04
C03841,Calicut,Instagram,2025-02-16
C03842,TVM,Instagram,2025-08-30
C03843,Coimbatore,Organic,2025-01-15
C03844,Kochi,Organic,2025-09-23
C03845,TVM,Instagram,2024-10-10
C03846,Bangalore,Referral,2025-08-25
C03847,Chennai,Organic,2024-10-29
C03848,Coimbatore,Organic,2025-10-20
C03849,Kottayam,Influencer,2025-06-30
C03850,Hyderabad,Organic,2024-11-26
C03851,Kottayam,Organic,2025-01-31
C03852,Bangalore,Referral,2025-01-31
C03853,Thrissur,Referral,2025-10-13
C03854,Cochin,Referral,2024-08-20
C03855,Mysore,Influencer,2025-12-25
C03856,Bangalore,Organic,2024-10-11
C03857,Hyderabad,Instagram,2024-07-20
C03858,Mumbai,Influencer,2025-11-19
C03859,Chennai,Organic,2025-01-18
C03860,Kollam,Instagram,2025-08-14
C03861,Kochi,Influencer,2025-11-16
C03862,Kochi,Organic,2025-01-17
C03863,Kottayam,Influencer,2025-12-29
C03864,Kollam,Referral,2024-12-04
C03865,Coimbatore,Organic,2024-10-18
C03866,Thrissur,Influencer,2024-07-12
C03867,Kollam,Organic,2025-05-06
C03868,TVM,Instagram,2025-10-28
C03869,Chennai,Instagram,2025-12-16
C03870,Coimbatore,Referral,2024-12-11
C03871,Calicut,Instagram,2025-07-13
C03872,Kochi,Instagram,2024-10-20
C03873,Thrissur,Influencer,2024-12-19
C03874,Hyderabad,Instagram,2025-11-21
C03875,Kottayam,Instagram,2025-10-04
C03876,Hyderabad,Referral,2025-10-07
C03877,Hyderabad,Referral,2025-04-29
C03878,Kottayam,Instagram,2025-02-23
C03879,Coimbatore,Influencer,2025-04-07
C03880,Kochi,Instagram,2025-08-20
C03881,Calicut,Referral,2024-07-28
C03882,TVM,Influencer,2025-04-12
C03883,Chennai,Referral,2024-09-24
C03884,Kottayam,Organic,2025-05-26
C03885,Calicut,Referral,2025-10-12
C03886,Thrissur,Influencer,2025-07-17
C03887,Coimbatore,Referral,2024-09-25
C03888,Hyderabad,Influencer,2025-08-13
C03889,Cochin,Influencer,2024-10-01
C03890,Kochi,Influencer,2024-07-28
C03891,Chennai,Organic,2025-07-29
C03892,Kochi,Referral,2025-06-20
C03893,Thrissur,Influencer,2024-08-01
C03894,Bangalore,Referral,2024-11-19
C03895,Kottayam,Instagram,2025-09-05
C03896,Kottayam,Referral,2025-07-29
C03897,Chennai,Organic,2024-11-21
C03898,Mysore,Influencer,2025-12-28
C03899,Hyderabad,Organic,2025-06-08
C03900,Kochi,Organic,2024-10-07
C03901,Coimbatore,Organic,2024-08-17
C03902,Coimbatore,Organic,2024-10-23
C03903,Chennai,Instagram,2025-09-29
C03904,Mumbai,Organic,2025-03-01
C03905,Calicut,Organic,2025-01-03
C03906,Chennai,Influencer,2025-10-24
C03907,Mysore,Instagram,2025-04-14
C03908,Coimbatore,Referral,2025-12-24
C03909,Mysore,Instagram,2025-07-03
C03910,Thrissur,Organic,2025-07-13
C03911,Coimbatore,Influencer,2025-12-14
C03912,Bangalore,Instagram,2025-05-07
C03913,Kottayam,Organic,2025-06-06
C03914,Thrissur,Instagram,2024-11-12
C03915,Kollam,Referral,2025-03-15
C03916,Kollam,Referral,2025-09-15
C03917,Mumbai,Instagram,2025-02-20
C03918,Coimbatore,Instagram,2025-05-28
C03919,Kollam,Instagram,2025-07-17
C03920,Mysore,Influencer,2025-12-10
C03921,Thrissur,Influencer,2025-11-28
C03922,Kochi,Influencer,2025-12-13
C03923,Chennai,Referral,2025-11-14
C03924,Kochi,Organic,2025-12-02
C03925,TVM,Instagram,2024-10-11
C03926,Chennai,Organic,2025-06-28
C03927,Mumbai,Organic,2025-08-05
C03928,Kottayam,Instagram,2025-11-08
C03929,Coimbatore,Influencer,2025-10-23
C03930,Chennai,Influencer,2024-08-07
C03931,Chennai,Instagram,2024-10-12
C03932,Hyderabad,Organic,2025-04-10
C03933,TVM,Influencer,2025-02-17
C03934,Thrissur,Instagram,2024-08-28
C03935,Bangalore,Organic,2024-12-03
C03936,Mumbai,Instagram,2025-08-05
C03937,Kollam,Referral,2024-11-13
C03938,Chennai,,2024-07-17
C03939,Chennai,Organic,2024-09-03
C03940,Mumbai,Organic,2024-08-08
C03941,Mysore,Referral,2025-05-30
C03942,Kochi,,2025-03-07
C03943,Calicut,Referral,2025-10-07
C03944,Kottayam,Organic,2024-11-28
C03945,Mumbai,Influencer,2024-12-24
C03946,Kollam,Instagram,2025-06-04
C03947,TVM,Organic,2024-12-19
C03948,Thrissur,Instagram,2025-04-10
C03949,Mumbai,Organic,2025-04-08
C03950,Thrissur,Instagram,2024-12-02
C03951,Bangalore,Influencer,2024-08-11
C03952,Hyderabad,Influencer,2025-05-07
C03953,Kochi,Organic,2025-01-20
C03954,Coimbatore,Organic,2024-11-27
C03955,Chennai,Influencer,2025-02-28
C03956,Coimbatore,Referral,2025-08-29
C03957,Mumbai,Referral,2025-07-16
C03958,Thrissur,Referral,2025-06-11
C03959,Mumbai,Influencer,2025-03-13
C03960,Mysore,Influencer,2024-07-23
C03961,Chennai,Referral,2024-10-20
C03962,Bangalore,Instagram,2025-01-29
C03963,Kochi,Referral,2025-01-23
C03964,Chennai,Organic,2024-07-03
C03965,Mumbai,Organic,2025-07-23
C03966,Kottayam,Influencer,2025-02-21
C03967,Bangalore,Referral,2025-01-23
C03968,Kollam,Referral,2025-05-28
C03969,Kottayam,Referral,2025-08-17
C03970,Coimbatore,Influencer,2024-10-30
C03971,Thrissur,Organic,2025-08-02
C03972,Bangalore,Instagram,2025-02-10
C03973,Bangalore,Instagram,2025-09-24
C03974,TVM,Instagram,2025-02-18
C03975,Hyderabad,Referral,2024-12-19
C03976,Mysore,Referral,2025-01-10
C03977,Mumbai,Instagram,2024-12-21
C03978,Kochi,Organic,2025-03-23
C03979,Calicut,Organic,2025-04-15
C03980,Kollam,Influencer,2025-06-10
C03981,Bangalore,Instagram,2025-10-22
C03982,Mysore,Influencer,2025-02-11
C03983,Coimbatore,Influencer,2025-09-13
C03984,Coimbatore,Referral,2025-05-27
C03985,Cochin,,2025-07-22
C03986,Bangalore,Influencer,2025-04-13
C03987,Thrissur,Instagram,2025-08-31
C03988,Kollam,Organic,2024-09-14
C03989,Chennai,Referral,2025-07-18
C03990,TVM,Influencer,2025-08-28
C03991,TVM,Influencer,2025-03-08
C03992,Kollam,Referral,2024-10-16
C03993,Kochi,Influencer,2024-10-16
C03994,Mumbai,Referral,2025-06-19
C03995,Thrissur,Instagram,2024-07-30
C03996,Kollam,Organic,2025-01-24
C03997,Calicut,Influencer,2025-10-14
C03998,Mumbai,Instagram,2025-07-23
C03999,Thrissur,Influencer,2025-08-31
C04000,Mysore,Influencer,2024-11-03
C04001,Coimbatore,Influencer,2024-10-27
C04002,Kollam,Organic,2024-08-25
C04003,Hyderabad,Referral,2025-01-16
C04004,Mumbai,Referral,2025-10-25
C04005,Mumbai,Influencer,2025-04-03
C04006,Cochin,Referral,2025-01-22
C04007,Kottayam,Influencer,2024-12-27
C04008,Bangalore,Influencer,2024-10-21
C04009,TVM,Organic,2024-09-20
C04010,Coimbatore,Referral,2025-09-24
C04011,Chennai,Organic,2025-10-31
C04012,Coimbatore,Instagram,2025-10-21
C04013,Bangalore,Influencer,2025-09-19
C04014,Coimbatore,Influencer,2025-09-02
C04015,Hyderabad,Influencer,2025-01-13
C04016,Coimbatore,Influencer,2025-03-21
C04017,Thrissur,Referral,2024-07-26
C04018,Kollam,Influencer,2024-12-11
C04019,Kollam,Organic,2025-10-26
C04020,Chennai,Organic,2024-09-15
C04021,Thrissur,Instagram,2025-07-25
C04022,Kollam,Organic,2025-10-03
C04023,Kottayam,Influencer,2025-11-14
C04024,Calicut,Instagram,2025-01-26
C04025,Hyderabad,Organic,2024-10-07
C04026,Bangalore,Referral,2025-05-29
C04027,TVM,Influencer,2025-03-16
C04028,Thrissur,Referral,2024-08-05
C04029,Chennai,,2025-06-13
C04030,Hyderabad,Instagram,2024-10-03
C04031,TVM,Referral,2025-01-21
C04032,Bangalore,Influencer,2025-02-23
C04033,Mumbai,Organic,2024-10-16
C04034,Kochi,Referral,2025-01-06
C04035,Bangalore,Instagram,2025-10-12
C04036,Kollam,Organic,2024-11-01
C04037,Kollam,Influencer,2025-12-19
C04038,Mumbai,Organic,2025-12-20
C04039,Kottayam,Referral,2025-02-15
C04040,Kottayam,Instagram,2025-03-17
C04041,Hyderabad,Organic,2024-07-29
C04042,Thrissur,Organic,2025-08-09
C04043,Mumbai,Referral,2024-09-29
C04044,Hyderabad,Instagram,2024-11-18
C04045,TVM,Influencer,2024-10-03
C04046,TVM,Instagram,2025-09-02
C04047,TVM,Referral,2025-06-13
C04048,Kochi,Organic,2025-05-14
C04049,Calicut,Instagram,2025-05-09
C04050,Chennai,Instagram,2025-12-25
C04051,Coimbatore,Referral,2025-10-24
C04052,TVM,Referral,2024-07-28
C04053,Kottayam,Instagram,2024-08-16
C04054,TVM,Influencer,2025-09-22
C04055,Mysore,Organic,2025-02-22
C04056,Calicut,Instagram,2024-12-02
C04057,Calicut,Referral,2024-11-24
C04058,Hyderabad,Referral,2025-02-04
C04059,Mumbai,Instagram,2025-02-21
C04060,Chennai,Referral,2024-08-09
C04061,Kottayam,Organic,2025-05-03
C04062,Thrissur,Referral,2025-10-04
C04063,Hyderabad,Influencer,2025-04-13
C04064,Kottayam,Organic,2025-07-26
C04065,Coimbatore,Organic,2025-12-29
C04066,Hyderabad,Instagram,2024-08-15
C04067,Thrissur,Organic,2024-09-02
C04068,Thrissur,Influencer,2025-09-28
C04069,Kochi,Organic,2024-11-26
C04070,Calicut,Influencer,2025-07-09
C04071,Hyderabad,Influencer,2024-11-29
C04072,Kollam,Influencer,2025-06-11
C04073,Kottayam,Instagram,2025-03-26
C04074,Chennai,Organic,2025-04-01
C04075,Kottayam,Referral,2025-03-22
C04076,Kollam,Influencer,2025-08-03
C04077,Mumbai,Influencer,2024-11-06
C04078,Hyderabad,Instagram,2024-08-09
C04079,Kollam,Organic,2025-07-11
C04080,Mumbai,Instagram,2024-08-21
C04081,Coimbatore,Referral,2024-08-12
C04082,Thrissur,Influencer,2025-10-16
C04083,Bangalore,Instagram,2025-10-31
C04084,Mysore,Organic,2025-04-17
C04085,Coimbatore,Instagram,2025-07-28
C04086,Kochi,Referral,2025-10-19
C04087,Kochi,Influencer,2024-10-25
C04088,Coimbatore,Instagram,2024-08-20
C04089,Calicut,Instagram,2024-11-05
C04090,TVM,,2024-09-14
C04091,Chennai,Influencer,2025-04-09
C04092,Chennai,Instagram,2024-10-19
C04093,TVM,Organic,2025-06-29
C04094,Hyderabad,Referral,2025-03-27
C04095,Cochin,Referral,2024-08-18
C04096,TVM,Instagram,2025-08-18
C04097,Mumbai,Influencer,2024-07-02
C04098,TVM,Instagram,2025-07-06
C04099,Kollam,Influencer,2025-04-16
C04100,Bangalore,Influencer,2024-11-29
C04101,Coimbatore,Influencer,2025-05-14
C04102,Mumbai,Organic,2024-07-06
C04103,Bangalore,Influencer,2025-09-19
C04104,Mysore,Referral,2025-01-08
C04105,Bangalore,Organic,2025-04-05
C04106,Mumbai,Organic,2024-09-27
C04107,Thrissur,Influencer,2024-10-09
C04108,Bangalore,Referral,2025-11-25
C04109,Coimbatore,Referral,2024-10-12
C04110,Thrissur,Instagram,2024-08-16
C04111,Thrissur,Organic,2025-10-18
C04112,TVM,Organic,2024-07-18
C04113,Kottayam,Influencer,2024-08-02
C04114,Coimbatore,Instagram,2025-05-29
C04115,Kottayam,Organic,2024-12-02
C04116,Hyderabad,Organic,2024-10-26
C04117,Kollam,,2025-02-13
C04118,Kollam,Referral,2025-03-26
C04119,Coimbatore,Instagram,2025-08-09
C04120,TVM,Organic,2025-12-16
C04121,Kottayam,Referral,2024-12-22
C04122,Mysore,Referral,2024-07-16
C04123,Calicut,Referral,2025-10-17
C04124,Chennai,Instagram,2025-02-24
C04125,Kottayam,Referral,2024-10-17
C04126,TVM,Instagram,2025-12-20
C04127,Kottayam,Referral,2025-08-28
C04128,Thrissur,Influencer,2024-12-30
C04129,Mysore,Influencer,2024-08-09
C04130,TVM,Influencer,2025-04-10
C04131,Chennai,Influencer,2025-10-02
C04132,Chennai,Instagram,2024-11-21
C04133,Mysore,Referral,2025-03-23
C04134,TVM,Organic,2024-09-15
C04135,Kollam,Referral,2024-12-25
C04136,Coimbatore,Instagram,2024-12-10
C04137,Kochi,Influencer,2025-04-15
C04138,Calicut,Instagram,2025-11-18
C04139,TVM,Instagram,2025-09-10
C04140,Calicut,Referral,2025-01-09
C04141,Bangalore,Organic,2024-09-07
C04142,Kochi,Influencer,2025-08-08
C04143,Calicut,Influencer,2024-11-20
C04144,Bangalore,Influencer,2025-09-08
C04145,Mysore,Organic,2025-02-21
C04146,TVM,Organic,2025-11-06
C04147,Kochi,Organic,2025-07-19
C04148,Cochin,Referral,2025-07-26
C04149,TVM,Influencer,2025-07-07
C04150,Chennai,Organic,2025-06-03
C04151,Calicut,Influencer,2025-06-28
C04152,Chennai,Influencer,2025-04-23
C04153,Mysore,Organic,2024-10-12
C04154,Mysore,Influencer,2024-07-01
C04155,Hyderabad,Referral,2025-02-15
C04156,Mumbai,Instagram,2025-04-21
C04157,Coimbatore,Influencer,2025-12-13
C04158,Hyderabad,Organic,2024-08-15
C04159,Kochi,Organic,2025-03-16
C04160,Kochi,Instagram,2025-07-09
C04161,Cochin,Influencer,2025-03-02
C04162,Kochi,Organic,2025-04-03
C04163,Coimbatore,Influencer,2024-10-26
C04164,Coimbatore,Instagram,2025-11-09
C04165,Kollam,Organic,2025-02-25
C04166,Kollam,Influencer,2024-09-18
C04167,Kollam,Referral,2025-10-10
C04168,Kochi,Referral,2024-10-29
C04169,Chennai,Influencer,2024-12-24
C04170,Cochin,Organic,2025-12-15
C04171,Cochin,Organic,2025-01-25
C04172,Calicut,Instagram,2025-01-08
C04173,Kollam,Organic,2025-02-25
C04174,Mysore,Instagram,2025-03-18
C04175,Chennai,Referral,2025-03-29
C04176,Kollam,Influencer,2025-02-09
C04177,Kochi,Instagram,2024-08-31
C04178,Calicut,Referral,2025-09-22
C04179,TVM,Influencer,2025-10-04
C04180,Mumbai,Organic,2025-04-14
C04181,Bangalore,Instagram,2025-04-15
C04182,Thrissur,Referral,2024-12-22
C04183,Chennai,Instagram,2025-01-23
C04184,Mysore,Instagram,2025-01-23
C04185,Kochi,Organic,2024-12-19
C04186,Mumbai,Instagram,2024-12-26
C04187,Thrissur,Influencer,2024-12-06
C04188,Calicut,Referral,2025-03-10
C04189,Kollam,Influencer,2025-12-20
C04190,Chennai,Influencer,2025-01-25
C04191,Calicut,Referral,2025-08-16
C04192,Kochi,Organic,2024-07-08
C04193,TVM,Organic,2024-08-26
C04194,Chennai,Instagram,2024-09-17
C04195,TVM,Influencer,2025-10-25
C04196,Bangalore,Influencer,2024-09-14
C04197,Coimbatore,Referral,2025-09-07
C04198,Thrissur,Referral,2024-07-05
C04199,TVM,Instagram,2025-02-06
C04200,Mumbai,Instagram,2024-10-10
C04201,Kochi,Organic,2025-03-19
C04202,Coimbatore,Referral,2024-09-16
C04203,Mysore,Referral,2024-10-12
C04204,Coimbatore,Organic,2025-07-03
C04205,Thrissur,Referral,2025-09-22
C04206,Kottayam,Referral,2024-08-02
C04207,Mumbai,Organic,2025-01-28
C04208,Calicut,Organic,2024-11-08
C04209,Kottayam,Organic,2024-10-10
C04210,Bangalore,Influencer,2024-09-01
C04211,Calicut,Instagram,2025-11-17
C04212,Calicut,Instagram,2025-12-11
C04213,TVM,Instagram,2025-12-04
C04214,Cochin,Referral,2024-12-25
C04215,Kottayam,Organic,2025-08-15
C04216,Kollam,Referral,2024-11-02
C04217,Thrissur,Influencer,2025-12-27
C04218,TVM,Influencer,2024-10-03
C04219,Coimbatore,Referral,2025-05-12
C04220,Kollam,Referral,2024-07-25
C04221,Kochi,Referral,2024-10-14
C04222,Mysore,Instagram,2024-11-02
C04223,Calicut,Organic,2025-11-22
C04224,Kollam,Influencer,2025-06-29
C04225,Mysore,Influencer,2024-10-11
C04226,Kottayam,Instagram,2025-06-16
C04227,Cochin,Referral,2025-02-05
C04228,Kottayam,Referral,2024-09-22
C04229,Kollam,Organic,2025-10-28
C04230,Coimbatore,Referral,2024-12-17
C04231,Mumbai,Instagram,2025-05-02
C04232,Bangalore,Instagram,2025-02-07
C04233,Bangalore,Influencer,2025-08-10
C04234,Mysore,Referral,2025-07-24
C04235,Coimbatore,Organic,2025-05-23
C04236,Kollam,Instagram,2025-12-31
C04237,Bangalore,Organic,2024-09-04
C04238,Hyderabad,Influencer,2025-03-19
C04239,Mysore,Influencer,2025-06-18
C04240,Kollam,Organic,2025-04-27
C04241,Chennai,Instagram,2025-12-14
C04242,Cochin,Influencer,2025-08-14
C04243,Cochin,Organic,2025-07-06
C04244,Hyderabad,Instagram,2024-07-17
C04245,Bangalore,Instagram,2025-06-07
C04246,Hyderabad,Influencer,2024-07-17
C04247,Bangalore,Instagram,2024-12-05
C04248,Chennai,Organic,2025-08-31
C04249,Mysore,Organic,2024-11-18
C04250,Bangalore,Organic,2025-05-20
C04251,Kottayam,Organic,2025-07-01
C04252,Kollam,Referral,2024-07-30
C04253,Chennai,Organic,2025-12-30
C04254,Mumbai,Influencer,2025-12-23
C04255,TVM,Organic,2025-08-03
C04256,Mysore,Organic,2025-08-22
C04257,Kochi,Organic,2024-08-16
C04258,TVM,Instagram,2024-12-10
C04259,Calicut,Instagram,2025-02-04
C04260,TVM,Instagram,2025-11-23
C04261,Chennai,Influencer,2024-08-10
C04262,Kochi,Referral,2025-02-14
C04263,Kochi,Instagram,2025-05-09
C04264,Hyderabad,Influencer,2025-12-05
C04265,Kottayam,Instagram,2025-07-14
C04266,TVM,Instagram,2025-08-01
C04267,Mysore,Influencer,2025-11-13
C04268,Hyderabad,Influencer,2025-10-17
C04269,TVM,Instagram,2025-11-23
C04270,Kochi,Instagram,2024-11-01
C04271,Mumbai,Instagram,2025-03-26
C04272,Bangalore,Referral,2024-11-26
C04273,Kottayam,Referral,2025-06-12
C04274,Kollam,Influencer,2025-06-03
C04275,Mumbai,,2024-07-15
C04276,Mysore,Instagram,2024-09-27
C04277,Thrissur,Instagram,2025-09-23
C04278,Kottayam,Referral,2025-06-30
C04279,Kochi,Instagram,2025-12-17
C04280,Kochi,Organic,2025-04-20
C04281,Mumbai,Referral,2024-07-01
C04282,Bangalore,Influencer,2025-02-20
C04283,TVM,Referral,2025-11-12
C04284,Chennai,Referral,2025-10-30
C04285,Hyderabad,Referral,2024-10-18
C04286,Cochin,Instagram,2025-05-19
C04287,Hyderabad,Influencer,2025-11-14
C04288,Hyderabad,Organic,2025-12-26
C04289,TVM,Organic,2024-12-02
C04290,Mysore,Influencer,2025-09-08
C04291,Mumbai,Influencer,2025-03-13
C04292,Mumbai,Influencer,2025-05-25
C04293,Mysore,Referral,2025-04-27
C04294,Calicut,Instagram,2025-04-07
C04295,Kollam,Organic,2024-07-13
C04296,Hyderabad,Organic,2024-08-13
C04297,Calicut,Referral,2025-02-10
C04298,Kottayam,Instagram,2025-01-03
C04299,Kottayam,Organic,2024-10-18
C04300,Calicut,Instagram,2024-09-24
C04301,Coimbatore,Instagram,2025-03-28
C04302,Coimbatore,Influencer,2025-09-19
C04303,Kochi,Organic,2025-01-29
C04304,Kollam,Referral,2024-09-10
C04305,Kochi,Referral,2025-04-29
C04306,Chennai,Referral,2024-12-04
C04307,Kochi,Organic,2024-07-06
C04308,Calicut,Referral,2024-07-29
C04309,Hyderabad,Organic,2025-12-12
C04310,Thrissur,Instagram,2025-05-29
C04311,Kochi,Organic,2024-10-25
C04312,Kottayam,Instagram,2025-12-18
C04313,Kochi,Instagram,2025-09-10
C04314,Bangalore,Organic,2024-12-29
C04315,Calicut,Instagram,2024-08-14
C04316,Hyderabad,Influencer,2024-11-09
C04317,Mumbai,Referral,2024-09-13
C04318,Coimbatore,Referral,2024-07-01
C04319,Kollam,Influencer,2025-07-21
C04320,Kochi,Influencer,2025-01-29
C04321,Kochi,Influencer,2025-01-26
C04322,TVM,Referral,2025-03-12
C04323,Hyderabad,Referral,2025-12-24
C04324,TVM,Organic,2025-03-03
C04325,Hyderabad,Influencer,2025-09-22
C04326,Kollam,Organic,2025-01-16
C04327,Hyderabad,Instagram,2025-04-15
C04328,Kochi,,2024-12-19
C04329,Kollam,Instagram,2025-09-14
C04330,Calicut,Organic,2025-05-07
C04331,Hyderabad,Referral,2024-12-31
C04332,Kottayam,Instagram,2025-12-18
C04333,Coimbatore,,2024-11-27
C04334,Coimbatore,Influencer,2024-08-27
C04335,Coimbatore,Referral,2025-02-22
C04336,Hyderabad,Influencer,2025-10-12
C04337,Kochi,Referral,2025-08-14
C04338,Kollam,Instagram,2024-07-23
C04339,Coimbatore,Influencer,2025-06-22
C04340,Thrissur,Influencer,2024-11-25
C04341,TVM,Referral,2025-09-27
C04342,Kochi,Referral,2024-12-17
C04343,Mumbai,Instagram,2025-04-12
C04344,TVM,Influencer,2025-07-11
C04345,Calicut,Influencer,2024-09-25
C04346,Kochi,Organic,2025-01-17
C04347,Kottayam,Instagram,2025-01-30
C04348,Thrissur,Instagram,2025-09-07
C04349,Hyderabad,Organic,2024-12-20
C04350,Kollam,Organic,2025-02-14
C04351,Hyderabad,Referral,2024-10-19
C04352,Mumbai,Organic,2024-08-03
C04353,Kollam,Instagram,2025-10-05
C04354,Thrissur,Influencer,2024-08-19
C04355,Bangalore,Influencer,2025-11-13
C04356,Kollam,Referral,2025-02-28
C04357,Kottayam,Referral,2025-09-17
C04358,Hyderabad,Organic,2025-07-25
C04359,Mumbai,Influencer,2025-11-27
C04360,TVM,Influencer,2024-09-22
C04361,Bangalore,Organic,2025-08-31
C04362,Thrissur,Referral,2025-07-16
C04363,Calicut,Instagram,2024-10-08
C04364,Coimbatore,Instagram,2025-06-21
C04365,Kochi,Organic,2025-07-04
C04366,Thrissur,Influencer,2025-09-04
C04367,Mysore,Referral,2025-10-22
C04368,Hyderabad,Instagram,2024-08-26
C04369,Thrissur,Referral,2025-01-31
C04370,Kollam,Influencer,2025-06-01
C04371,Coimbatore,Organic,2025-10-03
C04372,Bangalore,Organic,2025-07-17
C04373,Coimbatore,,2024-09-15
C04374,Kollam,Organic,2025-06-28
C04375,Mumbai,Referral,2024-12-25
C04376,TVM,Influencer,2025-01-03
C04377,Bangalore,Influencer,2025-10-05
C04378,Mysore,Influencer,2025-02-23
C04379,Thrissur,Influencer,2024-11-20
C04380,Thrissur,Referral,2025-12-20
C04381,Mumbai,Instagram,2024-12-03
C04382,Cochin,Referral,2025-07-14
C04383,Hyderabad,Referral,2025-09-13
C04384,Kollam,Organic,2025-01-24
C04385,Chennai,Organic,2025-06-11
C04386,Bangalore,Influencer,2025-11-20
C04387,Mysore,Organic,2025-07-05
C04388,Bangalore,Referral,2025-08-29
C04389,Coimbatore,Instagram,2025-04-22
C04390,Kochi,Referral,2024-09-01
C04391,Hyderabad,Influencer,2025-10-26
C04392,Mysore,Influencer,2025-11-01
C04393,Thrissur,Influencer,2025-10-14
C04394,TVM,Influencer,2025-10-02
C04395,Hyderabad,Instagram,2025-06-07
C04396,Mumbai,Organic,2025-03-22
C04397,Calicut,Organic,2025-01-18
C04398,TVM,Referral,2025-06-28
C04399,Mumbai,Organic,2025-05-04
C04400,Chennai,Influencer,2024-12-06
C04401,Kochi,Organic,2024-07-18
C04402,Thrissur,Influencer,2025-10-26
C04403,Kochi,Instagram,2025-12-14
C04404,Kottayam,Influencer,2025-10-19
C04405,Hyderabad,Influencer,2025-05-20
C04406,Kochi,Organic,2024-09-26
C04407,Kottayam,Instagram,2025-08-31
C04408,Hyderabad,Influencer,2024-12-24
C04409,Hyderabad,Organic,2024-08-22
C04410,Thrissur,Instagram,2024-10-16
C04411,Kochi,Instagram,2025-05-22
C04412,Bangalore,Organic,2025-10-28
C04413,Kochi,Influencer,2025-01-03
C04414,Kochi,Influencer,2025-02-11
C04415,Kottayam,Instagram,2025-03-20
C04416,Calicut,Organic,2024-10-14
C04417,Mumbai,Organic,2024-08-02
C04418,Cochin,Referral,2025-12-14
C04419,Mysore,Referral,2025-05-24
C04420,Kochi,Influencer,2025-02-10
C04421,TVM,Organic,2025-04-06
C04422,Mumbai,Instagram,2025-05-23
C04423,Coimbatore,Referral,2025-05-06
C04424,Coimbatore,Influencer,2024-12-27
C04425,Coimbatore,Referral,2025-12-18
C04426,Kollam,Organic,2025-07-28
C04427,Chennai,Instagram,2025-11-27
C04428,Kollam,Instagram,2024-07-01
C04429,Hyderabad,,2025-03-02
C04430,Hyderabad,Instagram,2025-05-08
C04431,Mumbai,Referral,2025-08-22
C04432,Chennai,Instagram,2025-11-15
C04433,Mysore,Referral,2025-01-01
C04434,Kollam,Influencer,2024-08-05
C04435,Chennai,Referral,2024-10-16
C04436,Chennai,Organic,2025-01-01
C04437,Coimbatore,Organic,2024-10-05
C04438,Kollam,Influencer,2025-11-25
C04439,Chennai,Influencer,2024-07-17
C04440,Mysore,Instagram,2024-09-23
C04441,TVM,Referral,2024-11-14
C04442,Mumbai,Influencer,2025-11-05
C04443,Kottayam,Organic,2025-08-11
C04444,Coimbatore,Instagram,2025-07-20
C04445,Hyderabad,Instagram,2025-12-26
C04446,Kochi,Organic,2024-12-15
C04447,Calicut,Organic,2024-11-11
C04448,Mumbai,Referral,2025-03-23
C04449,Cochin,Influencer,2025-01-11
C04450,Thrissur,Referral,2024-11-24
C04451,Mumbai,Influencer,2025-09-07
C04452,Hyderabad,Organic,2025-04-14
C04453,Cochin,Organic,2024-11-06
C04454,Kochi,Referral,2025-07-07
C04455,Chennai,Instagram,2025-09-24
C04456,Mysore,Organic,2025-07-21
C04457,Kochi,Influencer,2025-01-27
C04458,Mumbai,Referral,2025-12-23
C04459,Kollam,Influencer,2025-03-19
C04460,Hyderabad,Referral,2025-11-05
C04461,Mumbai,Referral,2025-06-22
C04462,Calicut,Influencer,2025-06-03
C04463,Thrissur,Instagram,2024-08-25
C04464,Mysore,Instagram,2025-10-20
C04465,Hyderabad,Instagram,2025-09-08
C04466,Calicut,Influencer,2025-09-26
C04467,Coimbatore,Organic,2025-06-14
C04468,Chennai,Referral,2024-08-18
C04469,Kottayam,Influencer,2025-03-17
C04470,Bangalore,Referral,2024-09-12
C04471,Bangalore,Influencer,2025-01-06
C04472,Cochin,Organic,2025-12-17
C04473,Calicut,Organic,2025-04-06
C04474,Kollam,Influencer,2025-11-20
C04475,Thrissur,Referral,2025-06-24
C04476,Chennai,Instagram,2025-03-06
C04477,Bangalore,Instagram,2025-12-10
C04478,Chennai,Organic,2024-10-23
C04479,Mysore,Instagram,2025-12-16
C04480,Mysore,Organic,2025-12-31
C04481,Cochin,Influencer,2025-08-24
C04482,Kottayam,Instagram,2025-05-04
C04483,Thrissur,Organic,2025-03-28
C04484,Kochi,,2024-12-08
C04485,Mysore,Influencer,2025-12-30
C04486,TVM,Organic,2025-07-13
C04487,Bangalore,Instagram,2025-01-15
C04488,Bangalore,Influencer,2025-11-18
C04489,Mumbai,Influencer,2024-10-03
C04490,Kochi,Referral,2024-08-11
C04491,Kochi,Influencer,2024-11-09
C04492,Kollam,Organic,2025-07-23
C04493,Kochi,Referral,2025-10-06
C04494,Coimbatore,Referral,2024-11-13
C04495,Chennai,Referral,2024-08-15
C04496,Kottayam,Referral,2024-10-28
C04497,Kollam,Referral,2025-05-21
C04498,Hyderabad,Influencer,2025-03-23
C04499,Coimbatore,Influencer,2025-08-25
C04500,Kottayam,Referral,2024-10-10
C04501,Hyderabad,Influencer,2025-07-10
C04502,Kottayam,,2024-12-13
C04503,Calicut,Instagram,2025-08-29
C04504,Kochi,Instagram,2025-12-23
C04505,Calicut,Influencer,2025-04-05
C04506,Hyderabad,Referral,2025-10-07
C04507,Hyderabad,Instagram,2025-02-12
C04508,Kollam,Influencer,2025-04-23
C04509,Kollam,Referral,2025-07-06
C04510,Calicut,Instagram,2025-07-30
C04511,Mysore,Referral,2024-08-11
C04512,Calicut,Influencer,2025-09-26
C04513,Thrissur,Organic,2025-12-01
C04514,Kollam,Organic,2025-01-28
C04515,Thrissur,Influencer,2025-02-04
C04516,Kottayam,Referral,2025-04-28
C04517,Cochin,Organic,2025-10-03
C04518,Chennai,Influencer,2025-01-12
C04519,Coimbatore,Instagram,2025-11-26
C04520,Kochi,Instagram,2025-01-06
C04521,Kottayam,Influencer,2025-12-22
C04522,Thrissur,Referral,2025-09-12
C04523,Kottayam,Organic,2025-06-12
C04524,TVM,Organic,2025-09-01
C04525,TVM,Organic,2024-07-30
C04526,Kochi,Influencer,2024-10-15
C04527,TVM,Influencer,2025-04-06
C04528,Chennai,Influencer,2025-07-27
C04529,Kottayam,Influencer,2025-02-07
C04530,Chennai,Influencer,2025-12-07
C04531,TVM,Influencer,2025-04-15
C04532,Calicut,Referral,2025-05-07
C04533,Thrissur,Instagram,2025-07-08
C04534,Coimbatore,Influencer,2024-11-20
C04535,Kollam,Instagram,2024-11-30
C04536,Coimbatore,Instagram,2025-04-23
C04537,Kochi,Instagram,2024-11-24
C04538,Bangalore,Organic,2024-09-21
C04539,Thrissur,Referral,2024-08-03
C04540,Coimbatore,Referral,2025-02-01
C04541,Mumbai,Organic,2024-12-05
C04542,Kottayam,Influencer,2025-04-27
C04543,Chennai,Referral,2025-06-11
C04544,Coimbatore,Referral,2025-02-13
C04545,Kollam,Organic,2025-08-14
C04546,Mumbai,Referral,2025-10-10
C04547,Mysore,Instagram,2025-03-31
C04548,Hyderabad,Instagram,2024-12-13
C04549,Coimbatore,Organic,2025-10-07
C04550,Kollam,Organic,2025-04-07
C04551,Cochin,Organic,2024-07-31
C04552,Calicut,Organic,2024-07-24
C04553,Chennai,Instagram,2025-10-10
C04554,Kottayam,Organic,2025-08-01
C04555,Kochi,Instagram,2025-10-08
C04556,Chennai,Instagram,2025-08-12
C04557,Hyderabad,Instagram,2025-08-02
C04558,Calicut,Organic,2025-09-22
C04559,Cochin,Instagram,2025-08-27
C04560,Bangalore,Instagram,2025-01-12
C04561,Kollam,Influencer,2025-01-20
C04562,Hyderabad,Referral,2024-07-21
C04563,Thrissur,Influencer,2025-03-08
C04564,Cochin,Instagram,2024-11-21
C04565,Chennai,Instagram,2025-01-21
C04566,Mumbai,Referral,2025-07-05
C04567,Mumbai,Instagram,2025-02-24
C04568,TVM,Influencer,2025-09-17
C04569,Coimbatore,Referral,2025-03-04
C04570,Kochi,,2025-05-11
C04571,Mumbai,,2024-10-23
C04572,Chennai,Instagram,2025-06-10
C04573,Chennai,Referral,2024-09-01
C04574,Calicut,Organic,2024-07-19
C04575,Chennai,Influencer,2024-08-31
C04576,Calicut,Instagram,2025-01-16
C04577,Hyderabad,Referral,2024-12-17
C04578,Calicut,Instagram,2024-07-05
C04579,Kottayam,Instagram,2024-08-13
C04580,Kollam,Referral,2025-12-04
C04581,Thrissur,Referral,2024-07-04
C04582,Kottayam,Instagram,2024-09-08
C04583,Hyderabad,Organic,2025-02-06
C04584,TVM,Referral,2024-07-07
C04585,Coimbatore,Instagram,2025-04-27
C04586,Hyderabad,Instagram,2025-07-26
C04587,Kochi,Organic,2025-03-05
C04588,Kochi,Organic,2025-02-20
C04589,Bangalore,Influencer,2025-02-25
C04590,TVM,Referral,2025-02-04
C04591,Hyderabad,Influencer,2025-07-17
C04592,Kochi,Influencer,2024-07-28
C04593,Kottayam,Influencer,2025-04-06
C04594,Hyderabad,Organic,2024-12-05
C04595,Bangalore,Instagram,2024-12-28
C04596,Cochin,Referral,2025-10-20
C04597,TVM,Instagram,2024-10-03
C04598,Kollam,Influencer,2025-11-22
C04599,Kollam,Instagram,2025-10-11
C04600,Mumbai,Influencer,2024-09-15
C04601,Calicut,Instagram,2025-01-19
C04602,Bangalore,Organic,2024-12-09
C04603,Bangalore,Referral,2025-01-24
C04604,Thrissur,Instagram,2025-03-18
C04605,Kottayam,Organic,2025-05-29
C04606,Calicut,Instagram,2025-04-15
C04607,Thrissur,Instagram,2025-05-20
C04608,Mumbai,Influencer,2025-01-21
C04609,Bangalore,Referral,2024-12-05
C04610,Bangalore,Instagram,2025-05-15
C04611,Hyderabad,Referral,2024-08-17
C04612,Calicut,Influencer,2025-02-04
C04613,Chennai,Organic,2025-11-28
C04614,TVM,Referral,2024-11-25
C04615,Chennai,Influencer,2025-09-24
C04616,Bangalore,Instagram,2024-12-02
C04617,Kottayam,Instagram,2025-07-14
C04618,Mumbai,Instagram,2024-12-13
C04619,Kochi,Organic,2025-10-22
C04620,Coimbatore,Organic,2025-10-08
C04621,Thrissur,Referral,2025-05-21
C04622,Kottayam,Influencer,2025-08-25
C04623,Mysore,Influencer,2024-12-21
C04624,Thrissur,Influencer,2025-02-05
C04625,TVM,Influencer,2025-09-02
C04626,Mysore,Referral,2024-10-29
C04627,Kottayam,Instagram,2025-03-28
C04628,Chennai,Influencer,2024-09-30
C04629,Kottayam,Instagram,2024-08-12
C04630,Hyderabad,Referral,2025-11-29
C04631,Bangalore,Influencer,2024-07-06
C04632,Hyderabad,Referral,2025-09-03
C04633,Bangalore,Instagram,2025-03-06
C04634,Calicut,Instagram,2024-09-16
C04635,Thrissur,Organic,2024-07-29
C04636,Kochi,Referral,2024-07-16
C04637,Hyderabad,Organic,2025-09-20
C04638,Cochin,Influencer,2024-07-10
C04639,Hyderabad,Organic,2025-02-10
C04640,Mumbai,Instagram,2025-01-01
C04641,Mysore,Influencer,2024-07-11
C04642,Kollam,Organic,2025-08-28
C04643,Calicut,Referral,2024-12-28
C04644,Mysore,Instagram,2025-03-17
C04645,Calicut,Instagram,2025-10-23
C04646,TVM,Instagram,2024-10-25
C04647,Thrissur,Influencer,2024-12-24
C04648,Kochi,Organic,2025-05-01
C04649,TVM,Organic,2025-02-17
C04650,Mysore,Influencer,2024-07-22
C04651,Thrissur,Influencer,2025-08-09
C04652,Hyderabad,Instagram,2024-12-12
C04653,Kollam,Instagram,2025-10-10
C04654,Chennai,Organic,2024-08-05
C04655,Bangalore,Influencer,2025-02-28
C04656,Calicut,Referral,2025-06-14
C04657,Kollam,Influencer,2025-04-15
C04658,Coimbatore,Instagram,2025-07-05
C04659,Chennai,,2024-11-29
C04660,Thrissur,Instagram,2025-09-15
C04661,Kollam,Instagram,2025-10-30
C04662,Mumbai,Referral,2024-10-02
C04663,Thrissur,Organic,2025-06-16
C04664,Bangalore,Referral,2025-03-12
C04665,Bangalore,Organic,2025-07-28
C04666,Calicut,Instagram,2024-12-12
C04667,Mumbai,Referral,2025-08-24
C04668,Hyderabad,Instagram,2025-04-29
C04669,Kochi,Instagram,2024-12-24
C04670,Bangalore,Instagram,2024-11-15
C04671,Bangalore,Influencer,2025-07-02
C04672,Kollam,Influencer,2024-09-12
C04673,Coimbatore,Instagram,2025-06-26
C04674,TVM,Influencer,2025-02-26
C04675,Chennai,Influencer,2024-11-08
C04676,Kochi,Referral,2025-02-02
C04677,Kottayam,Organic,2025-02-22
C04678,Hyderabad,Instagram,2024-09-23
C04679,Chennai,Organic,2025-10-23
C04680,Hyderabad,Instagram,2025-01-25
C04681,Mysore,Instagram,2025-12-10
C04682,Mysore,Organic,2025-11-16
C04683,Calicut,Instagram,2024-10-25
C04684,Mumbai,Referral,2025-08-01
C04685,Mysore,Referral,2025-06-18
C04686,Coimbatore,Referral,2024-07-03
C04687,Kollam,Instagram,2025-01-02
C04688,Kollam,Referral,2024-12-26
C04689,Hyderabad,Influencer,2025-07-27
C04690,Kollam,Referral,2024-10-15
C04691,Mumbai,Influencer,2025-01-22
C04692,Chennai,Referral,2025-09-07
C04693,Chennai,Referral,2025-03-13
C04694,Kollam,Organic,2024-10-22
C04695,Mumbai,Referral,2025-11-19
C04696,Bangalore,Referral,2025-02-08
C04697,Coimbatore,Instagram,2025-08-11
C04698,Cochin,Referral,2025-08-25
C04699,Coimbatore,Instagram,2025-09-30
C04700,Chennai,Instagram,2025-12-04
C04701,Kochi,Organic,2025-09-15
C04702,Mysore,Referral,2024-10-10
C04703,Mysore,Organic,2025-06-07
C04704,Coimbatore,Referral,2025-01-29
C04705,Chennai,Instagram,2025-09-25
C04706,Thrissur,Instagram,2024-11-24
C04707,Coimbatore,Organic,2025-04-26
C04708,Bangalore,Referral,2024-11-02
C04709,Kollam,Instagram,2025-07-06
C04710,Calicut,Instagram,2024-09-22
C04711,Mumbai,Referral,2024-10-26
C04712,Kochi,Instagram,2025-11-07
C04713,Kottayam,Influencer,2024-11-02
C04714,Chennai,Referral,2024-07-31
C04715,Coimbatore,Instagram,2025-02-07
C04716,Thrissur,Influencer,2025-03-11
C04717,Mysore,Referral,2024-07-04
C04718,TVM,Instagram,2025-11-28
C04719,Kollam,Referral,2024-10-02
C04720,Kochi,Influencer,2025-11-01
C04721,Kottayam,Referral,2025-09-04
C04722,Bangalore,Influencer,2024-08-11
C04723,Kottayam,Referral,2025-09-21
C04724,Bangalore,Influencer,2025-10-24
C04725,Kollam,Instagram,2025-06-29
C04726,Kottayam,Influencer,2025-05-24
C04727,Calicut,Referral,2024-10-07
C04728,Kollam,,2024-10-12
C04729,Thrissur,Instagram,2025-11-07
C04730,Kottayam,Referral,2025-05-04
C04731,Cochin,Referral,2024-11-21
C04732,Chennai,Influencer,2025-01-20
C04733,Chennai,Instagram,2025-01-22
C04734,Chennai,Influencer,2025-11-03
C04735,Bangalore,Referral,2024-09-20
C04736,Hyderabad,Influencer,2025-04-30
C04737,Chennai,Instagram,2025-03-10
C04738,Kollam,Referral,2024-11-14
C04739,Hyderabad,Referral,2025-09-03
C04740,Mumbai,Organic,2025-09-11
C04741,TVM,Instagram,2025-07-27
C04742,Hyderabad,Instagram,2024-12-21
C04743,Bangalore,Influencer,2024-09-23
C04744,Chennai,Influencer,2025-11-06
C04745,Hyderabad,Organic,2025-10-07
C04746,Chennai,Instagram,2025-09-16
C04747,Hyderabad,Instagram,2025-04-11
C04748,TVM,Referral,2025-04-09
C04749,Coimbatore,Instagram,2025-10-13
C04750,Bangalore,Influencer,2025-10-18
C04751,Mysore,Organic,2025-07-18
C04752,Kochi,Organic,2025-08-19
C04753,Chennai,Organic,2025-01-13
C04754,Mumbai,Organic,2024-11-18
C04755,Mumbai,Influencer,2024-08-03
C04756,Kochi,Influencer,2025-01-17
C04757,Chennai,Organic,2025-12-20
C04758,Chennai,Organic,2025-09-15
C04759,Calicut,Influencer,2024-09-15
C04760,Mumbai,Influencer,2025-01-16
C04761,Mysore,Referral,2025-06-13
C04762,Kottayam,Instagram,2025-03-07
C04763,Kollam,Referral,2024-07-12
C04764,TVM,Influencer,2025-07-16
C04765,Kottayam,Influencer,2025-10-11
C04766,Bangalore,Referral,2025-03-26
C04767,Calicut,Instagram,2025-08-21
C04768,Mysore,Organic,2024-09-12
C04769,Thrissur,Organic,2024-08-31
C04770,Kottayam,Referral,2024-09-12
C04771,Kollam,,2025-07-24
C04772,Kottayam,Instagram,2024-10-26
C04773,Coimbatore,Organic,2024-12-22
C04774,Kottayam,Organic,2025-08-30
C04775,TVM,Organic,2025-08-07
C04776,Kottayam,Influencer,2025-01-05
C04777,Chennai,Influencer,2025-12-06
C04778,TVM,Influencer,2025-12-15
C04779,Cochin,Referral,2025-11-29
C04780,Chennai,Organic,2024-11-19
C04781,Coimbatore,Referral,2025-07-26
C04782,Mysore,Instagram,2024-09-12
C04783,Calicut,Organic,2024-07-12
C04784,Kollam,Influencer,2025-08-07
C04785,Kottayam,Referral,2025-07-29
C04786,Mysore,Influencer,2025-06-24
C04787,Hyderabad,Instagram,2024-07-24
C04788,Mumbai,Instagram,2025-12-20
C04789,Kochi,Referral,2025-02-19
C04790,Calicut,Influencer,2024-09-18
C04791,Calicut,Referral,2025-05-31
C04792,Mysore,Instagram,2025-03-15
C04793,Kochi,Instagram,2024-09-03
C04794,TVM,Organic,2025-02-18
C04795,Coimbatore,Instagram,2025-05-30
C04796,TVM,Organic,2025-10-06
C04797,Coimbatore,Organic,2025-08-03
C04798,Kochi,Influencer,2024-07-15
C04799,Coimbatore,,2025-05-14
C04800,Bangalore,Referral,2025-05-06
C04801,Mumbai,,2024-09-24
C04802,Calicut,Instagram,2025-03-17
C04803,Calicut,Instagram,2025-02-05
C04804,Cochin,Referral,2025-04-19
C04805,Kochi,Instagram,2025-10-31
C04806,Kochi,Influencer,2025-10-08
C04807,Kottayam,Referral,2024-12-28
C04808,Thrissur,Referral,2024-07-06
C04809,Thrissur,Instagram,2025-06-17
C04810,Mumbai,Influencer,2025-11-13
C04811,Calicut,Organic,2024-10-05
C04812,Bangalore,Influencer,2025-01-24
C04813,Calicut,Instagram,2024-12-25
C04814,Chennai,Influencer,2025-06-05
C04815,Kochi,Instagram,2025-08-25
C04816,Calicut,Influencer,2025-02-02
C04817,Kochi,Influencer,2025-05-23
C04818,Hyderabad,Influencer,2025-01-02
C04819,TVM,Instagram,2025-06-27
C04820,Hyderabad,Organic,2024-11-30
C04821,Kollam,Instagram,2025-05-26
C04822,Bangalore,Organic,2024-07-11
C04823,Bangalore,Influencer,2024-07-20
C04824,Chennai,Instagram,2025-08-19
C04825,Calicut,Instagram,2025-04-14
C04826,TVM,Instagram,2024-07-13
C04827,Hyderabad,Instagram,2025-10-05
C04828,Mysore,Organic,2025-08-17
C04829,Bangalore,Instagram,2025-06-30
C04830,Hyderabad,Organic,2025-05-10
C04831,TVM,Organic,2024-07-15
C04832,Calicut,Referral,2024-10-25
C04833,Calicut,Referral,2025-03-05
C04834,Kottayam,Referral,2024-11-28
C04835,Kochi,Influencer,2025-05-09
C04836,Mumbai,Influencer,2025-01-12
C04837,Mysore,Influencer,2025-04-09
C04838,Kochi,Instagram,2024-07-05
C04839,Kottayam,Influencer,2025-12-04
C04840,Coimbatore,Instagram,2025-03-04
C04841,Kottayam,Instagram,2024-10-21
C04842,Calicut,Organic,2025-02-02
C04843,Kochi,Organic,2025-06-27
C04844,Kottayam,Referral,2024-11-05
C04845,Coimbatore,Referral,2025-08-06
C04846,Kottayam,Referral,2024-08-03
C04847,Thrissur,Influencer,2024-10-20
C04848,Kollam,Influencer,2025-01-05
C04849,Chennai,Influencer,2024-08-21
C04850,Mumbai,Organic,2024-07-04
C04851,TVM,Instagram,2025-03-22
C04852,Chennai,Referral,2025-10-10
C04853,Calicut,Referral,2024-11-22
C04854,Hyderabad,Referral,2025-10-19
C04855,Chennai,Referral,2025-08-02
C04856,Calicut,Referral,2024-08-26
C04857,Thrissur,Instagram,2025-08-06
C04858,Hyderabad,Referral,2025-01-13
C04859,Mumbai,Organic,2024-09-21
C04860,Coimbatore,Referral,2025-11-12
C04861,Coimbatore,Referral,2024-10-11
C04862,Hyderabad,Instagram,2025-09-05
C04863,Kottayam,Influencer,2025-01-27
C04864,Cochin,Influencer,2024-11-09
C04865,Mysore,Influencer,2024-08-04
C04866,Kochi,Referral,2024-08-10
C04867,Thrissur,Referral,2024-07-22
C04868,Kottayam,Referral,2025-06-28
C04869,Mysore,Influencer,2024-12-20
C04870,Coimbatore,Organic,2025-04-09
C04871,Kochi,Influencer,2025-12-13
C04872,Mumbai,Influencer,2025-11-21
C04873,Kochi,Influencer,2025-03-18
C04874,Calicut,Organic,2025-11-11
C04875,Kollam,Instagram,2024-08-29
C04876,Thrissur,Organic,2025-12-17
C04877,Calicut,Organic,2024-09-05
C04878,Chennai,Referral,2025-02-10
C04879,Chennai,Referral,2025-09-13
C04880,Hyderabad,Referral,2025-08-11
C04881,TVM,Influencer,2025-10-06
C04882,Hyderabad,Organic,2024-09-23
C04883,Mumbai,Referral,2024-09-20
C04884,Thrissur,Instagram,2025-12-09
C04885,Chennai,Referral,2025-07-07
C04886,Calicut,Organic,2025-08-15
C04887,Kochi,Influencer,2024-07-29
C04888,Mysore,,2025-05-22
C04889,Kottayam,Referral,2025-07-03
C04890,Chennai,Instagram,2024-08-15
C04891,Hyderabad,Organic,2025-07-31
C04892,Cochin,Referral,2025-10-19
C04893,Mumbai,Organic,2025-01-18
C04894,Mumbai,Referral,2025-10-01
C04895,Chennai,Referral,2025-08-29
C04896,Hyderabad,Referral,2025-07-26
C04897,Chennai,Referral,2024-07-28
C04898,Bangalore,Instagram,2025-09-23
C04899,Kollam,Referral,2025-02-04
C04900,Kollam,Influencer,2024-08-31
C04901,Bangalore,Influencer,2025-12-08
C04902,Mumbai,Influencer,2024-09-08
C04903,Kottayam,Influencer,2025-07-13
C04904,Bangalore,Instagram,2025-12-21
C04905,Thrissur,Organic,2024-10-12
C04906,Kottayam,Organic,2024-10-26
C04907,Calicut,Instagram,2024-07-02
C04908,Calicut,Influencer,2024-11-19
C04909,Kollam,Referral,2025-03-02
C04910,Hyderabad,Influencer,2025-04-01
C04911,Coimbatore,Instagram,2025-08-11
C04912,Kottayam,Referral,2025-07-01
C04913,TVM,Instagram,2025-06-08
C04914,Mysore,Organic,2025-12-26
C04915,Bangalore,Influencer,2025-04-18
C04916,Kottayam,Referral,2024-10-26
C04917,Kottayam,Influencer,2024-07-03
C04918,Mysore,Influencer,2025-05-16
C04919,Calicut,Organic,2025-05-17
C04920,Chennai,Organic,2025-06-01
C04921,TVM,Influencer,2025-04-22
C04922,Calicut,Influencer,2025-10-23
C04923,Chennai,Referral,2024-11-29
C04924,Calicut,Instagram,2025-10-23
C04925,Calicut,Referral,2025-09-11
C04926,Calicut,Referral,2025-02-08
C04927,Kollam,Influencer,2025-02-09
C04928,Chennai,Referral,2025-05-28
C04929,Chennai,Instagram,2025-06-10
C04930,Kochi,Influencer,2025-12-11
C04931,Bangalore,,2025-07-08
C04932,TVM,Referral,2025-04-26
C04933,Calicut,Instagram,2024-10-03
C04934,Calicut,Influencer,2024-08-14
C04935,Bangalore,Referral,2025-08-04
C04936,Kollam,Referral,2024-11-06
C04937,Mysore,Referral,2024-09-25
C04938,Hyderabad,Organic,2025-01-23
C04939,Mumbai,Influencer,2025-01-19
C04940,Mumbai,Organic,2025-07-01
C04941,Mysore,Influencer,2025-06-03
C04942,Thrissur,Referral,2025-02-08
C04943,Calicut,Referral,2024-09-10
C04944,Bangalore,Referral,2025-01-18
C04945,Coimbatore,Organic,2025-04-05
C04946,Kochi,Influencer,2024-10-27
C04947,Kochi,Instagram,2025-11-06
C04948,Chennai,Organic,2025-08-29
C04949,Mysore,Organic,2025-01-17
C04950,Mumbai,Instagram,2024-12-28
C04951,Hyderabad,Organic,2024-10-04
C04952,Bangalore,Organic,2024-11-24
C04953,Thrissur,Organic,2025-05-31
C04954,Coimbatore,Instagram,2024-08-30
C04955,Mumbai,Referral,2025-10-29
C04956,Coimbatore,Organic,2025-12-25
C04957,Mysore,Instagram,2025-01-04
C04958,Mumbai,Referral,2025-02-13
C04959,Calicut,Instagram,2024-09-08
C04960,Calicut,Instagram,2024-08-15
C04961,Kottayam,Organic,2025-06-25
C04962,Coimbatore,Influencer,2025-01-12
C04963,Calicut,Instagram,2024-09-28
C04964,Hyderabad,Influencer,2025-05-27
C04965,Hyderabad,Instagram,2025-05-20
C04966,Bangalore,Organic,2025-06-16
C04967,Cochin,Organic,2025-06-26
C04968,Mumbai,Instagram,2025-04-03
C04969,Thrissur,Instagram,2024-07-21
C04970,Calicut,Instagram,2025-12-27
C04971,Calicut,Referral,2025-05-25
C04972,Bangalore,Influencer,2025-12-11
C04973,Coimbatore,Instagram,2025-08-04
C04974,Kottayam,Instagram,2025-05-29
C04975,Mysore,Instagram,2025-06-24
C04976,Mumbai,Organic,2024-10-12
C04977,Bangalore,Instagram,2025-11-15
C04978,Thrissur,Referral,2025-03-14
C04979,Calicut,Referral,2025-01-06
C04980,TVM,Organic,2024-09-04
C04981,Mysore,Instagram,2024-08-04
C04982,Chennai,Organic,2024-11-25
C04983,Kottayam,Influencer,2025-08-09
C04984,Cochin,,2025-11-30
C04985,Calicut,Organic,2024-11-07
C04986,Calicut,Instagram,2025-01-26
C04987,Chennai,Influencer,2024-10-04
C04988,Coimbatore,Referral,2025-05-14
C04989,Mysore,Organic,2024-12-16
C04990,Hyderabad,Organic,2025-03-03
C04991,TVM,Influencer,2025-04-27
C04992,Kollam,Instagram,2024-12-03
C04993,Kochi,Influencer,2024-09-14
C04994,Mumbai,Organic,2024-08-28
C04995,Hyderabad,Organic,2025-09-27
C04996,Thrissur,Influencer,2025-01-26
C04997,Calicut,Instagram,2025-08-04
C04998,Cochin,Influencer,2025-10-31
C04999,Mumbai,Instagram,2024-11-14
C05000,Coimbatore,Influencer,2025-04-29
C05001,Cochin,Instagram,2024-09-11
C05002,Bangalore,Influencer,2025-09-10
C05003,Calicut,Influencer,2025-10-02
C05004,Chennai,Referral,2024-11-10
C05005,Mumbai,Influencer,2025-07-30
C05006,Hyderabad,Organic,2025-07-09
C05007,TVM,Instagram,2025-09-09
C05008,Kottayam,Organic,2024-07-31
C05009,Thrissur,,2025-09-05
C05010,Kottayam,Influencer,2024-07-24
C05011,Calicut,Influencer,2025-09-21
C05012,Hyderabad,Organic,2025-07-27
C05013,Calicut,,2025-09-04
C05014,Mysore,Instagram,2025-04-28
C05015,Bangalore,Referral,2025-01-28
C05016,Mumbai,Referral,2025-12-05
C05017,Mumbai,Referral,2025-09-27
C05018,Coimbatore,Instagram,2025-01-23
C05019,Thrissur,Referral,2025-12-21
C05020,Calicut,Organic,2025-03-25
C05021,Bangalore,Instagram,2025-02-04
C05022,Thrissur,Organic,2025-09-11
C05023,Chennai,Organic,2024-08-30
C05024,Thrissur,Instagram,2025-10-05
C05025,Calicut,Referral,2024-11-30
C05026,Mumbai,Influencer,2024-09-24
C05027,Chennai,Organic,2025-01-21
C05028,TVM,Instagram,2025-04-27
C05029,Kochi,Referral,2025-12-07
C05030,Calicut,Influencer,2024-10-15
C05031,Coimbatore,Influencer,2025-09-01
C05032,Kottayam,Influencer,2025-03-12
C05033,Hyderabad,Referral,2025-02-27
C05034,Coimbatore,Influencer,2025-02-28
C05035,Cochin,Influencer,2025-12-10
C05036,TVM,Organic,2025-05-20
C05037,Bangalore,Instagram,2025-12-01
C05038,Bangalore,Referral,2025-06-28
C05039,Coimbatore,Instagram,2024-12-31
C05040,Coimbatore,Influencer,2025-11-13
C05041,Hyderabad,Instagram,2024-10-15
C05042,Kochi,Influencer,2024-08-16
C05043,Bangalore,Influencer,2025-06-17
C05044,Kochi,Referral,2024-11-21
C05045,Kochi,Influencer,2024-10-07
C05046,Kottayam,Organic,2024-07-22
C05047,Bangalore,Referral,2025-03-15
C05048,Kottayam,Influencer,2024-09-21
C05049,Kollam,Influencer,2025-05-27
C05050,Kottayam,Influencer,2025-03-20
C05051,Mysore,Organic,2025-07-28
C05052,Thrissur,Influencer,2024-08-03
C05053,Kottayam,Referral,2025-01-01
C05054,Cochin,Referral,2024-11-24
C05055,Hyderabad,Organic,2025-03-22
C05056,Mysore,Instagram,2024-09-20
C05057,Kollam,Referral,2025-12-09
C05058,Kochi,Organic,2024-09-14
C05059,Chennai,Referral,2025-11-22
C05060,Kochi,Referral,2025-11-08
C05061,Thrissur,Referral,2025-04-17
C05062,Kottayam,Referral,2024-08-22
C05063,Mumbai,Referral,2025-01-28
C05064,Hyderabad,Referral,2024-11-27
C05065,Mysore,Instagram,2025-12-31
C05066,Kochi,Instagram,2024-10-01
C05067,Thrissur,Instagram,2025-08-08
C05068,TVM,Referral,2024-11-08
C05069,Kottayam,Influencer,2024-08-22
C05070,Mumbai,Referral,2025-04-05
C05071,Kochi,Influencer,2025-06-22
C05072,Kottayam,Instagram,2024-10-06
C05073,Mysore,Referral,2025-07-21
C05074,Mysore,Organic,2025-01-05
C05075,Kollam,Organic,2025-10-23
C05076,Kottayam,Organic,2024-08-19
C05077,Hyderabad,Instagram,2024-08-05
C05078,Kottayam,Referral,2024-09-02
C05079,Hyderabad,Instagram,2024-09-18
C05080,TVM,Instagram,2025-05-29
C05081,Mysore,Influencer,2025-09-08
C05082,Calicut,Influencer,2025-11-27
C05083,Kochi,Referral,2025-08-03
C05084,Bangalore,Organic,2024-12-09
C05085,Hyderabad,Influencer,2025-05-11
C05086,TVM,Organic,2024-07-06
C05087,Calicut,Influencer,2025-07-20
C05088,Mysore,Organic,2025-09-26
C05089,Calicut,Instagram,2025-05-12
C05090,Kottayam,Organic,2025-12-31
C05091,Bangalore,Organic,2025-02-15
C05092,Thrissur,Referral,2024-11-06
C05093,Mumbai,Organic,2025-08-01
C05094,Thrissur,Influencer,2025-09-14
C05095,TVM,Referral,2025-08-27
C05096,Kochi,Referral,2025-01-02
C05097,Calicut,Organic,2024-10-31
C05098,Hyderabad,Referral,2024-11-15
C05099,Chennai,Influencer,2025-01-26
C05100,Coimbatore,Instagram,2024-07-18
C05101,Thrissur,Influencer,2024-11-21
C05102,Bangalore,Instagram,2025-01-19
C05103,Thrissur,Organic,2024-12-03
C05104,Coimbatore,Referral,2024-12-27
C05105,TVM,Referral,2025-09-27
C05106,Hyderabad,Referral,2025-05-25
C05107,Mumbai,Referral,2025-10-07
C05108,TVM,Referral,2025-06-20
C05109,TVM,Influencer,2025-05-14
C05110,Mysore,Organic,2025-05-23
C05111,Mysore,Instagram,2024-08-19
C05112,Mumbai,Instagram,2024-09-06
C05113,Bangalore,Organic,2025-04-09
C05114,Thrissur,Referral,2025-01-28
C05115,Mumbai,Organic,2025-01-06
C05116,Bangalore,Instagram,2024-10-23
C05117,Hyderabad,Organic,2024-08-01
C05118,Mysore,Instagram,2025-11-26
C05119,Bangalore,Referral,2025-02-05
C05120,Kottayam,Referral,2025-10-28
C05121,TVM,Organic,2025-12-23
C05122,Hyderabad,Referral,2024-12-26
C05123,Thrissur,Referral,2025-05-23
C05124,TVM,Influencer,2025-09-30
C05125,Calicut,Referral,2025-02-09
C05126,Chennai,Organic,2025-01-14
C05127,Kochi,Influencer,2025-11-07
C05128,Kochi,Instagram,2025-04-20
C05129,Bangalore,Referral,2025-01-05
C05130,Bangalore,Instagram,2025-03-22
C05131,Kollam,Influencer,2025-04-08
C05132,Thrissur,Organic,2024-09-03
C05133,TVM,Instagram,2024-12-28
C05134,Mysore,Organic,2024-09-16
C05135,Chennai,Referral,2024-12-30
C05136,Coimbatore,Organic,2025-09-16
C05137,Calicut,Organic,2025-02-24
C05138,Kollam,Organic,2025-01-27
C05139,Coimbatore,Instagram,2025-07-20
C05140,Bangalore,Instagram,2025-06-02
C05141,Bangalore,Influencer,2024-08-07
C05142,Mumbai,,2025-02-10
C05143,Kochi,Organic,2025-02-04
C05144,Coimbatore,Influencer,2024-08-07
C05145,Kollam,Referral,2025-05-30
C05146,Mysore,Organic,2024-07-04
C05147,Chennai,Referral,2024-09-07
C05148,Thrissur,Instagram,2025-11-04
C05149,TVM,Instagram,2025-04-20
C05150,Kochi,Organic,2025-06-16
C05151,Mumbai,Instagram,2024-09-08
C05152,Hyderabad,Referral,2024-07-14
C05153,Bangalore,Influencer,2025-01-11
C05154,Coimbatore,Organic,2025-07-28
C05155,Kochi,Instagram,2025-01-13
C05156,Chennai,Referral,2024-11-27
C05157,Kottayam,Instagram,2025-08-01
C05158,Mysore,Organic,2025-05-17
C05159,Kollam,Instagram,2025-05-04
C05160,Calicut,Organic,2025-12-23
C05161,Calicut,Instagram,2025-07-03
C05162,Hyderabad,Instagram,2025-09-15
C05163,Calicut,Instagram,2025-03-07
C05164,Mysore,Organic,2025-04-25
C05165,Calicut,Influencer,2025-11-27
C05166,Mysore,,2024-07-29
C05167,Calicut,Instagram,2025-07-29
C05168,Mumbai,Influencer,2024-07-30
C05169,Bangalore,Referral,2025-02-23
C05170,TVM,Influencer,2024-07-31
C05171,Mumbai,Instagram,2025-11-26
C05172,Kochi,Referral,2025-09-15
C05173,Kollam,Instagram,2025-04-06
C05174,Mysore,Influencer,2025-06-14
C05175,Kottayam,Organic,2025-08-23
C05176,Mysore,Influencer,2025-03-28
C05177,Chennai,Instagram,2025-08-02
C05178,Cochin,,2025-11-05
C05179,Kollam,Referral,2024-08-21
C05180,Kollam,Instagram,2025-12-06
C05181,Kottayam,Organic,2025-05-04
C05182,TVM,Referral,2025-12-14
C05183,Coimbatore,Referral,2025-12-21
C05184,TVM,Instagram,2025-01-30
C05185,Hyderabad,Instagram,2025-04-06
C05186,Bangalore,Organic,2024-10-23
C05187,Calicut,Influencer,2025-04-15
C05188,Mysore,Influencer,2025-07-09
C05189,Calicut,Influencer,2025-07-21
C05190,Mysore,Referral,2025-09-22
C05191,Coimbatore,Organic,2024-10-26
C05192,Bangalore,Organic,2024-10-20
C05193,Hyderabad,Instagram,2024-09-01
C05194,Thrissur,Organic,2025-09-16
C05195,Calicut,Referral,2024-12-23
C05196,Kochi,Referral,2024-07-17
C05197,Coimbatore,Instagram,2025-07-29
C05198,Chennai,Instagram,2024-12-17
C05199,Bangalore,Organic,2024-11-29
C05200,Mysore,Instagram,2024-08-20
C05201,Coimbatore,Referral,2025-02-18
C05202,TVM,Referral,2024-12-08
C05203,Thrissur,Referral,2025-09-03
C05204,Hyderabad,Organic,2025-07-01
C05205,Kochi,Referral,2024-09-13
C05206,TVM,Influencer,2024-10-08
C05207,Coimbatore,Influencer,2024-07-07
C05208,Thrissur,Influencer,2025-01-24
C05209,Calicut,Instagram,2025-08-28
C05210,Mumbai,Organic,2025-07-24
C05211,Chennai,Influencer,2025-07-15
C05212,Thrissur,Organic,2025-11-24
C05213,Calicut,Influencer,2025-02-22
C05214,Kottayam,Instagram,2024-09-07
C05215,Bangalore,Referral,2024-07-05
C05216,Kollam,Organic,2025-07-29
C05217,Kottayam,Organic,2024-09-14
C05218,Hyderabad,Referral,2025-05-18
C05219,Mysore,,2025-05-08
C05220,Kochi,Organic,2025-08-15
C05221,Mysore,Organic,2025-08-26
C05222,Hyderabad,Influencer,2024-09-09
C05223,Thrissur,Referral,2025-12-05
C05224,Kochi,Referral,2025-08-30
C05225,TVM,Organic,2025-02-09
C05226,Hyderabad,Influencer,2025-01-07
C05227,TVM,Organic,2024-10-07
C05228,Bangalore,Influencer,2025-12-16
C05229,Kollam,Influencer,2025-03-22
C05230,Calicut,Instagram,2025-11-29
C05231,Kollam,Influencer,2025-06-15
C05232,Coimbatore,Instagram,2025-06-17
C05233,Calicut,Influencer,2024-11-23
C05234,Hyderabad,Influencer,2024-08-03
C05235,Cochin,Organic,2025-11-11
C05236,TVM,Referral,2025-09-26
C05237,Calicut,Organic,2024-08-20
C05238,Thrissur,Instagram,2025-11-10
C05239,TVM,Instagram,2025-01-07
C05240,Coimbatore,Organic,2024-11-28
C05241,Kollam,Instagram,2025-05-30
C05242,Coimbatore,Referral,2024-09-04
C05243,Thrissur,Influencer,2025-09-24
C05244,Kochi,Influencer,2025-03-10
C05245,Coimbatore,Influencer,2025-03-17
C05246,Cochin,Instagram,2025-11-30
C05247,Kottayam,Referral,2024-08-20
C05248,TVM,Organic,2025-11-30
C05249,Hyderabad,Referral,2024-12-30
C05250,TVM,Influencer,2025-12-24
C05251,Bangalore,Instagram,2025-12-12
C05252,Thrissur,Instagram,2025-04-15
C05253,Kottayam,Referral,2025-11-17
C05254,Thrissur,Instagram,2025-01-24
C05255,Mysore,Referral,2025-01-15
C05256,Coimbatore,Instagram,2025-12-02
C05257,Calicut,Organic,2024-07-23
C05258,Thrissur,Organic,2025-01-05
C05259,Kottayam,Organic,2025-02-17
C05260,TVM,Organic,2024-08-16
C05261,Mumbai,Influencer,2024-12-02
C05262,Bangalore,Influencer,2024-10-26
C05263,Calicut,Instagram,2025-01-22
C05264,Kollam,Referral,2024-09-27
C05265,Mumbai,Organic,2024-08-02
C05266,Bangalore,Referral,2024-07-16
C05267,Hyderabad,Instagram,2025-02-14
C05268,Thrissur,Instagram,2025-08-11
C05269,TVM,Instagram,2024-09-25
C05270,Kottayam,Referral,2025-03-17
C05271,Mumbai,Organic,2024-10-20
C05272,Chennai,Organic,2025-03-18
C05273,Kottayam,Instagram,2025-07-21
C05274,Bangalore,Organic,2025-02-05
C05275,Mysore,Referral,2025-08-21
C05276,Calicut,Referral,2025-10-24
C05277,Calicut,Influencer,2025-10-18
C05278,Chennai,Referral,2024-08-19
C05279,TVM,Referral,2024-10-27
C05280,TVM,Referral,2024-10-23
C05281,Kottayam,,2025-07-14
C05282,Thrissur,Instagram,2024-08-29
C05283,Bangalore,Organic,2024-10-15
C05284,Kottayam,Referral,2025-06-12
C05285,Bangalore,Referral,2025-07-29
C05286,Chennai,Instagram,2024-10-09
C05287,Bangalore,Influencer,2024-08-01
C05288,Coimbatore,Instagram,2024-12-19
C05289,Bangalore,Referral,2025-07-02
C05290,Bangalore,Organic,2025-09-17
C05291,Mysore,Instagram,2024-11-13
C05292,Thrissur,Instagram,2025-05-14
C05293,Bangalore,Instagram,2024-10-28
C05294,Kochi,Instagram,2025-02-06
C05295,Kochi,Referral,2025-11-08
C05296,Mysore,Influencer,2025-06-04
C05297,Thrissur,Influencer,2025-12-18
C05298,Kollam,Referral,2025-01-25
C05299,Mysore,Influencer,2025-04-27
C05300,Kollam,Referral,2025-05-24
C05301,Hyderabad,Referral,2025-03-06
C05302,Kollam,Referral,2025-09-01
C05303,Thrissur,Influencer,2024-07-27
C05304,Thrissur,Influencer,2024-11-08
C05305,Thrissur,Referral,2025-03-10
C05306,Bangalore,Referral,2025-08-04
C05307,Calicut,Influencer,2025-05-27
C05308,Kollam,Organic,2025-01-23
C05309,Calicut,Influencer,2024-11-14
C05310,Kollam,Instagram,2024-07-16
C05311,Hyderabad,Influencer,2025-05-13
C05312,Kollam,Instagram,2024-12-16
C05313,Thrissur,Referral,2024-07-18
C05314,Mysore,Referral,2025-07-06
C05315,Mysore,Referral,2025-04-17
C05316,Kottayam,Organic,2025-12-13
C05317,Kollam,Influencer,2025-11-14
C05318,Kollam,Referral,2025-11-20
C05319,Mysore,Instagram,2025-05-10
C05320,Mysore,Influencer,2025-07-18
C05321,Hyderabad,Organic,2024-10-05
C05322,Kottayam,Influencer,2024-07-29
C05323,Mumbai,Influencer,2025-01-03
C05324,Bangalore,Instagram,2025-07-07
C05325,Mumbai,Instagram,2025-09-20
C05326,Mumbai,Referral,2025-05-24
C05327,Hyderabad,,2025-05-31
C05328,Mysore,Instagram,2025-03-07
C05329,Mumbai,Referral,2025-04-02
C05330,Calicut,Influencer,2025-08-02
C05331,Calicut,Influencer,2025-05-03
C05332,Kollam,Instagram,2024-07-05
C05333,TVM,Referral,2025-02-06
C05334,Coimbatore,Instagram,2025-01-27
C05335,Kochi,Influencer,2024-12-11
C05336,TVM,Organic,2025-04-17
C05337,Kollam,Referral,2024-08-10
C05338,Kochi,Organic,2024-10-03
C05339,Kollam,Organic,2025-12-11
C05340,TVM,Referral,2024-07-31
C05341,Kollam,Organic,2025-07-09
C05342,Chennai,Influencer,2025-11-01
C05343,Mysore,Organic,2024-12-11
C05344,TVM,Influencer,2025-12-04
C05345,Bangalore,Instagram,2025-10-04
C05346,Kochi,Organic,2025-01-05
C05347,Hyderabad,Referral,2025-03-20
C05348,Mysore,Influencer,2024-08-29
C05349,Calicut,Influencer,2025-08-11
C05350,Kottayam,Referral,2024-10-31
C05351,Mysore,Influencer,2024-10-30
C05352,Coimbatore,Influencer,2024-10-30
C05353,Chennai,Referral,2025-04-19
C05354,Calicut,Influencer,2025-07-25
C05355,Mysore,Influencer,2025-11-25
C05356,Kottayam,Instagram,2025-06-05
C05357,Mumbai,Referral,2024-09-22
C05358,Thrissur,Referral,2025-03-11
C05359,Calicut,Referral,2024-10-05
C05360,Kochi,Instagram,2024-10-14
C05361,Hyderabad,Influencer,2024-07-10
C05362,Kottayam,Referral,2025-01-16
C05363,Kottayam,Organic,2025-05-10
C05364,Thrissur,Influencer,2025-05-18
C05365,Bangalore,Influencer,2025-11-08
C05366,Bangalore,Organic,2025-11-10
C05367,Mumbai,Influencer,2024-11-03
C05368,Thrissur,Influencer,2025-04-22
C05369,Kollam,Instagram,2025-04-10
C05370,Mysore,Organic,2025-07-29
C05371,Cochin,Instagram,2025-07-28
C05372,TVM,Influencer,2025-12-04
C05373,Thrissur,Organic,2024-09-14
C05374,Hyderabad,Referral,2025-05-03
C05375,Bangalore,Organic,2024-09-16
C05376,Kollam,Influencer,2025-02-07
C05377,Mumbai,Organic,2025-12-29
C05378,Thrissur,Referral,2025-06-19
C05379,TVM,Instagram,2025-06-29
C05380,Mysore,Organic,2025-07-27
C05381,Coimbatore,Instagram,2024-08-25
C05382,Kottayam,Organic,2025-11-02
C05383,Bangalore,Instagram,2025-03-06
C05384,Hyderabad,Influencer,2025-10-24
C05385,Thrissur,Influencer,2025-07-12
C05386,Thrissur,Referral,2024-11-25
C05387,Cochin,Referral,2025-06-14
C05388,Kollam,Organic,2025-08-06
C05389,TVM,Instagram,2024-10-05
C05390,Kochi,Referral,2025-11-24
C05391,Coimbatore,Referral,2025-01-27
C05392,Mysore,Instagram,2025-02-06
C05393,Bangalore,Influencer,2024-12-22
C05394,Calicut,Organic,2024-08-15
C05395,Kottayam,Organic,2024-07-29
C05396,Hyderabad,Instagram,2025-02-22
C05397,Mysore,Influencer,2025-07-15
C05398,Kollam,Organic,2024-11-17
C05399,TVM,Instagram,2025-02-16
C05400,Kochi,Organic,2025-05-26
C05401,Coimbatore,Instagram,2025-04-15
C05402,TVM,Referral,2024-11-02
C05403,Kottayam,Influencer,2025-04-24
C05404,Calicut,Referral,2024-08-23
C05405,Mumbai,Referral,2025-08-10
C05406,TVM,Influencer,2025-02-17
C05407,Kochi,Referral,2024-11-06
C05408,Calicut,Instagram,2025-01-26
C05409,Coimbatore,Referral,2025-06-04
C05410,Cochin,Organic,2024-11-09
C05411,Mysore,Instagram,2024-11-16
C05412,Bangalore,Influencer,2025-02-06
C05413,TVM,Organic,2024-08-14
C05414,Mysore,Influencer,2024-11-19
C05415,Thrissur,Referral,2025-11-28
C05416,Mumbai,Referral,2025-12-07
C05417,Kochi,Influencer,2024-11-18
C05418,Bangalore,Organic,2025-12-21
C05419,Hyderabad,Organic,2024-11-08
C05420,Bangalore,Organic,2025-12-05
C05421,Mysore,Influencer,2025-04-29
C05422,Calicut,Instagram,2025-04-04
C05423,Coimbatore,Referral,2025-02-07
C05424,Thrissur,Organic,2025-09-10
C05425,TVM,Influencer,2025-10-13
C05426,Thrissur,Instagram,2025-04-30
C05427,Coimbatore,Instagram,2025-07-08
C05428,Kochi,Referral,2025-03-22
C05429,Hyderabad,Influencer,2025-09-20
C05430,Calicut,Referral,2025-05-27
C05431,Bangalore,Influencer,2024-11-02
C05432,Calicut,Referral,2025-08-04
C05433,Coimbatore,Instagram,2025-03-04
C05434,Calicut,,2025-12-31
C05435,Coimbatore,Instagram,2024-07-31
C05436,TVM,Referral,2024-09-25
C05437,TVM,Instagram,2025-08-21
C05438,Kollam,Organic,2025-06-29
C05439,Bangalore,Referral,2025-02-13
C05440,Mysore,Organic,2024-09-26
C05441,Bangalore,Organic,2025-09-24
C05442,Mysore,Organic,2025-07-07
C05443,Calicut,Instagram,2025-01-12
C05444,Thrissur,Instagram,2025-07-09
C05445,Bangalore,Organic,2025-02-28
C05446,Calicut,Instagram,2025-04-22
C05447,TVM,Influencer,2025-11-19
C05448,Coimbatore,Organic,2025-09-08
C05449,Hyderabad,Influencer,2025-05-16
C05450,Mysore,Organic,2025-10-04
C05451,Mumbai,Organic,2025-10-05
C05452,Mumbai,Referral,2024-12-23
C05453,Chennai,Referral,2025-02-22
C05454,Kochi,Organic,2025-06-10
C05455,Mumbai,Instagram,2025-05-28
C05456,Mysore,Referral,2024-07-20
C05457,Kottayam,Referral,2025-09-20
C05458,Coimbatore,Referral,2025-07-15
C05459,Mumbai,Organic,2025-10-06
C05460,Thrissur,Influencer,2024-07-08
C05461,Kottayam,Organic,2024-10-03
C05462,Hyderabad,Referral,2024-07-28
C05463,Mumbai,Influencer,2025-12-04
C05464,Kollam,Organic,2024-10-22
C05465,Kochi,Referral,2025-03-29
C05466,Mumbai,Influencer,2025-06-01
C05467,Kochi,Referral,2025-01-31
C05468,Coimbatore,Organic,2024-07-24
C05469,Mysore,Referral,2025-07-24
C05470,Mumbai,Referral,2025-08-22
C05471,Thrissur,Influencer,2025-06-05
C05472,Kottayam,Influencer,2025-04-30
C05473,Kochi,Instagram,2025-04-15
C05474,Mumbai,Influencer,2025-11-18
C05475,Kottayam,Influencer,2025-09-03
C05476,Kollam,Referral,2025-09-06
C05477,Coimbatore,Organic,2025-06-28
C05478,TVM,Referral,2024-08-30
C05479,TVM,Influencer,2024-09-08
C05480,Kottayam,Referral,2025-11-23
C05481,Cochin,Organic,2025-12-07
C05482,Bangalore,Influencer,2025-09-15
C05483,Hyderabad,Influencer,2024-10-28
C05484,TVM,Influencer,2024-07-15
C05485,TVM,Influencer,2024-12-30
C05486,Coimbatore,Organic,2025-08-25
C05487,Calicut,Organic,2025-06-01
C05488,Bangalore,Instagram,2025-09-27
C05489,Kollam,Instagram,2024-12-07
C05490,Kollam,Referral,2024-10-27
C05491,Cochin,Referral,2025-03-24
C05492,Mysore,Instagram,2024-08-11
C05493,Mysore,Influencer,2025-09-26
C05494,Coimbatore,Influencer,2025-03-25
C05495,Kochi,Instagram,2025-11-13
C05496,Kochi,Organic,2025-12-04
C05497,Hyderabad,Influencer,2025-11-04
C05498,TVM,Instagram,2025-11-17
C05499,Kollam,Organic,2025-12-20
C05500,Chennai,Organic,2025-08-13
C05501,Mumbai,Organic,2025-05-25
C05502,Hyderabad,Influencer,2025-12-18
C05503,Coimbatore,Instagram,2025-03-06
C05504,Kollam,Instagram,2024-10-16
C05505,Coimbatore,Influencer,2024-07-18
C05506,Chennai,Instagram,2025-10-04
C05507,Hyderabad,Influencer,2024-10-04
C05508,Kottayam,Influencer,2025-03-09
C05509,Mumbai,Instagram,2024-10-03
C05510,Mumbai,Influencer,2024-08-31
C05511,Calicut,Organic,2025-02-12
C05512,Chennai,Organic,2025-12-30
C05513,Coimbatore,Referral,2025-04-11
C05514,Mumbai,Referral,2025-12-22
C05515,Kollam,Organic,2025-07-27
C05516,Thrissur,Influencer,2025-11-19
C05517,Coimbatore,Instagram,2025-06-15
C05518,Mysore,Influencer,2025-06-12
C05519,Kochi,Influencer,2025-02-03
C05520,Bangalore,Referral,2025-09-17
C05521,Coimbatore,Instagram,2024-08-15
C05522,Kochi,Influencer,2025-03-25
C05523,TVM,Influencer,2025-02-26
C05524,Kochi,Referral,2024-09-29
C05525,Cochin,Influencer,2025-07-16
C05526,Hyderabad,Referral,2024-07-29
C05527,Hyderabad,Referral,2025-02-07
C05528,Mysore,Influencer,2025-10-12
C05529,Kollam,Instagram,2025-08-10
C05530,Mumbai,Instagram,2024-08-30
C05531,Thrissur,Referral,2025-07-15
C05532,Mysore,,2024-10-18
C05533,Coimbatore,Influencer,2025-09-19
C05534,Kottayam,Referral,2025-02-01
C05535,Kottayam,Influencer,2024-10-06
C05536,Hyderabad,Influencer,2025-09-15
C05537,Thrissur,Organic,2024-09-20
C05538,Chennai,Instagram,2024-09-22
C05539,Thrissur,Organic,2025-11-09
C05540,Coimbatore,Instagram,2025-10-19
C05541,Mysore,Instagram,2025-04-30
C05542,Coimbatore,Instagram,2025-09-14
C05543,Cochin,Organic,2024-08-19
C05544,Mumbai,Organic,2025-11-26
C05545,Mumbai,Organic,2025-10-14
C05546,Kollam,Referral,2025-05-13
C05547,Kottayam,Influencer,2025-12-20
C05548,Kottayam,Referral,2025-06-07
C05549,Kochi,Referral,2025-05-22
C05550,Thrissur,Referral,2024-11-06
C05551,Mysore,Instagram,2025-01-26
C05552,Thrissur,Organic,2024-09-14
C05553,Kottayam,Organic,2025-12-09
C05554,Mysore,Referral,2025-10-08
C05555,Mumbai,Organic,2025-03-30
C05556,Kochi,Instagram,2024-09-17
C05557,Mysore,Referral,2025-04-30
C05558,Calicut,Organic,2025-07-04
C05559,Bangalore,Organic,2024-09-17
C05560,Chennai,Influencer,2025-11-27
C05561,Kottayam,Instagram,2024-11-07
C05562,Calicut,Organic,2024-08-10
C05563,Thrissur,Referral,2024-11-01
C05564,Thrissur,Organic,2024-07-08
C05565,Kollam,Instagram,2025-11-11
C05566,Cochin,Organic,2025-10-01
C05567,TVM,Referral,2024-08-23
C05568,Mumbai,Instagram,2025-09-08
C05569,Bangalore,Organic,2025-03-23
C05570,Thrissur,Influencer,2024-09-19
C05571,Kottayam,Influencer,2024-12-12
C05572,Kottayam,Influencer,2024-11-28
C05573,Kollam,Referral,2025-03-31
C05574,Mumbai,,2025-03-08
C05575,Bangalore,Instagram,2024-12-18
C05576,Calicut,Organic,2025-06-08
C05577,Bangalore,Organic,2025-05-07
C05578,Bangalore,Referral,2024-07-29
C05579,Calicut,Referral,2025-05-29
C05580,Kollam,Organic,2024-08-18
C05581,Mysore,Influencer,2024-11-18
C05582,Bangalore,Instagram,2025-07-07
C05583,Kochi,Influencer,2024-11-02
C05584,Bangalore,Organic,2025-07-11
C05585,Mysore,Instagram,2024-07-24
C05586,Mumbai,Referral,2025-02-14
C05587,Coimbatore,Influencer,2024-09-17
C05588,Kollam,Organic,2025-01-02
C05589,TVM,Referral,2025-11-28
C05590,TVM,Instagram,2025-01-19
C05591,Chennai,Instagram,2024-08-28
C05592,Bangalore,Instagram,2025-04-17
C05593,Bangalore,Referral,2025-09-03
C05594,Thrissur,Referral,2024-09-23
C05595,Bangalore,Instagram,2025-05-16
C05596,Thrissur,Influencer,2025-07-01
C05597,Chennai,Influencer,2025-10-16
C05598,Mumbai,Influencer,2024-12-17
C05599,Kottayam,Influencer,2025-06-04
C05600,Calicut,Influencer,2024-09-04
C05601,Calicut,Organic,2024-10-03
C05602,Chennai,Influencer,2025-12-14
C05603,Kollam,Referral,2024-12-04
C05604,Kollam,Instagram,2025-01-22
C05605,Hyderabad,Referral,2024-09-13
C05606,TVM,Influencer,2025-01-19
C05607,Thrissur,Instagram,2025-06-03
C05608,TVM,Organic,2025-06-04
C05609,Chennai,Instagram,2024-09-01
C05610,Mumbai,,2025-04-19
C05611,Kochi,Influencer,2025-05-12
C05612,Calicut,Referral,2025-12-30
C05613,Thrissur,Influencer,2024-09-07
C05614,Kottayam,Instagram,2025-04-29
C05615,Calicut,Influencer,2025-07-28
C05616,Kollam,Organic,2025-09-25
C05617,Coimbatore,Referral,2025-09-02
C05618,Chennai,Instagram,2025-11-17
C05619,Chennai,Organic,2025-02-21
C05620,Mysore,Instagram,2025-12-10
C05621,Mysore,Instagram,2024-11-03
C05622,Hyderabad,Referral,2025-07-11
C05623,Mysore,Instagram,2024-11-16
C05624,Bangalore,Organic,2024-12-03
C05625,Coimbatore,Organic,2025-05-20
C05626,Kottayam,Instagram,2025-04-16
C05627,Chennai,Instagram,2025-06-11
C05628,Calicut,Referral,2024-09-07
C05629,Bangalore,Instagram,2025-03-21
C05630,Mumbai,Referral,2025-01-10
C05631,Mumbai,Organic,2025-10-02
C05632,Coimbatore,Influencer,2024-12-06
C05633,Kollam,Influencer,2025-07-03
C05634,Chennai,Referral,2025-11-08
C05635,Mumbai,Influencer,2024-07-16
C05636,Thrissur,Referral,2025-09-19
C05637,Kottayam,Influencer,2025-12-20
C05638,Hyderabad,Organic,2025-11-14
C05639,Chennai,Instagram,2024-12-19
C05640,Mysore,Instagram,2024-08-31
C05641,Mysore,Influencer,2025-04-18
C05642,Kochi,Referral,2025-02-10
C05643,Kottayam,Influencer,2025-11-02
C05644,Kochi,Referral,2024-07-20
C05645,Chennai,Organic,2025-09-02
C05646,Kottayam,Referral,2024-09-05
C05647,Kochi,Instagram,2025-03-02
C05648,Thrissur,Organic,2025-09-08
C05649,Kollam,Influencer,2024-11-17
C05650,Mumbai,Referral,2025-02-22
C05651,Mysore,Organic,2025-07-26
C05652,Bangalore,Referral,2025-03-27
C05653,Thrissur,Influencer,2025-09-05
C05654,Mysore,Instagram,2025-11-27
C05655,Kochi,Influencer,2025-03-18
C05656,Kollam,Influencer,2025-05-23
C05657,Calicut,Influencer,2025-04-29
C05658,Chennai,Organic,2025-09-23
C05659,Thrissur,Referral,2024-09-13
C05660,Mumbai,Influencer,2024-10-19
C05661,Mumbai,Organic,2025-02-09
C05662,Coimbatore,Instagram,2024-10-13
C05663,TVM,Organic,2024-12-07
C05664,Bangalore,Instagram,2025-02-14
C05665,Calicut,Referral,2025-10-22
C05666,TVM,Influencer,2024-09-04
C05667,TVM,Influencer,2024-07-04
C05668,Thrissur,Influencer,2025-12-23
C05669,Mysore,Organic,2025-08-18
C05670,Mysore,Influencer,2025-07-27
C05671,TVM,Instagram,2024-12-23
C05672,Kochi,Organic,2024-10-08
C05673,Thrissur,,2024-09-04
C05674,Coimbatore,Referral,2024-10-03
C05675,Kottayam,Influencer,2025-07-14
C05676,Calicut,Referral,2025-10-21
C05677,Bangalore,Instagram,2025-10-07
C05678,Bangalore,Referral,2025-04-03
C05679,Hyderabad,Referral,2025-05-12
C05680,Chennai,Organic,2024-08-29
C05681,Kottayam,Instagram,2024-09-23
C05682,Calicut,Instagram,2025-09-23
C05683,Bangalore,Instagram,2024-09-16
C05684,Calicut,Referral,2024-12-30
C05685,Bangalore,Referral,2024-11-05
C05686,TVM,Instagram,2024-10-13
C05687,Chennai,,2024-07-23
C05688,Mysore,Referral,2025-05-05
C05689,Kottayam,Instagram,2024-08-04
C05690,Thrissur,Referral,2025-06-11
C05691,Hyderabad,Referral,2025-12-19
C05692,Kottayam,Referral,2025-08-28
C05693,Kollam,Referral,2025-03-23
C05694,Coimbatore,Referral,2024-10-26
C05695,Calicut,Referral,2024-07-17
C05696,Coimbatore,Influencer,2024-09-15
C05697,Calicut,Instagram,2024-11-30
C05698,Mumbai,Referral,2024-09-10
C05699,Bangalore,Influencer,2025-12-24
C05700,Coimbatore,Influencer,2024-09-17
C05701,TVM,Referral,2025-08-26
C05702,Hyderabad,Influencer,2025-11-04
C05703,Kochi,Referral,2025-04-23
C05704,Kochi,Referral,2024-09-15
C05705,Mumbai,Organic,2025-03-24
C05706,Mumbai,Referral,2024-12-27
C05707,Calicut,Organic,2025-08-08
C05708,Hyderabad,Organic,2025-01-31
C05709,Hyderabad,Referral,2025-02-28
C05710,Mumbai,Referral,2025-04-21
C05711,Calicut,Organic,2024-12-11
C05712,Kochi,Instagram,2025-11-13
C05713,Kochi,Referral,2025-10-23
C05714,Thrissur,,2025-07-20
C05715,Kochi,Instagram,2025-05-08
C05716,Hyderabad,Influencer,2024-09-26
C05717,Hyderabad,Organic,2025-12-14
C05718,Cochin,Influencer,2025-09-07
C05719,Kottayam,Referral,2025-03-31
C05720,Bangalore,Influencer,2025-01-14
C05721,Mumbai,Organic,2025-01-06
C05722,Kochi,Organic,2025-06-09
C05723,Kochi,Organic,2025-06-06
C05724,TVM,Referral,2025-02-03
C05725,TVM,Referral,2025-12-14
C05726,Coimbatore,,2025-03-24
C05727,Chennai,Organic,2024-10-06
C05728,Mumbai,Instagram,2025-06-22
C05729,Calicut,Influencer,2025-01-13
C05730,Mumbai,Organic,2025-08-04
C05731,Mumbai,Instagram,2025-08-17
C05732,Calicut,Referral,2025-11-22
C05733,Chennai,Instagram,2025-10-26
C05734,Mumbai,Influencer,2025-04-28
C05735,TVM,Instagram,2024-10-06
C05736,Chennai,Instagram,2024-12-21
C05737,Kochi,Referral,2025-07-25
C05738,Calicut,Referral,2025-09-06
C05739,Kottayam,Instagram,2024-11-08
C05740,Mysore,Organic,2025-12-04
C05741,Hyderabad,Influencer,2024-10-14
C05742,Thrissur,Organic,2024-08-19
C05743,Coimbatore,Organic,2025-08-15
C05744,Hyderabad,Referral,2024-10-13
C05745,Kollam,Instagram,2025-04-18
C05746,Kochi,Referral,2025-01-25
C05747,Kochi,Referral,2024-10-24
C05748,Chennai,Organic,2024-07-07
C05749,Bangalore,Influencer,2025-03-29
C05750,Hyderabad,Organic,2024-12-24
C05751,Mumbai,Instagram,2025-06-09
C05752,Thrissur,,2025-02-24
C05753,Mumbai,Influencer,2024-11-26
C05754,Thrissur,Organic,2024-09-01
C05755,Mysore,Instagram,2025-12-07
C05756,Bangalore,Organic,2024-09-04
C05757,Mumbai,Instagram,2025-05-09
C05758,Mysore,Instagram,2024-07-26
C05759,Kochi,Influencer,2025-05-22
C05760,Calicut,Organic,2025-06-16
C05761,Kottayam,Influencer,2024-12-28
C05762,TVM,Organic,2024-11-06
C05763,Coimbatore,Referral,2025-07-20
C05764,Thrissur,Influencer,2025-09-28
C05765,Coimbatore,Organic,2025-01-31
C05766,Thrissur,Influencer,2025-10-19
C05767,Mumbai,Instagram,2024-11-25
C05768,Mysore,Instagram,2025-08-18
C05769,Coimbatore,Organic,2024-12-18
C05770,TVM,Influencer,2025-12-30
C05771,Bangalore,Influencer,2025-12-01
C05772,Kollam,,2025-07-03
C05773,TVM,Organic,2025-06-03
C05774,Mysore,Organic,2024-09-12
C05775,Kochi,Influencer,2024-11-09
C05776,Kollam,Instagram,2024-08-05
C05777,Hyderabad,Instagram,2025-03-06
C05778,Kollam,Instagram,2024-07-13
C05779,Hyderabad,Organic,2025-09-28
C05780,Thrissur,Influencer,2025-08-12
C05781,Calicut,Influencer,2025-11-29
C05782,Kochi,Instagram,2024-12-04
C05783,TVM,Influencer,2025-09-03
C05784,Calicut,Organic,2025-02-23
C05785,TVM,Organic,2024-11-29
C05786,Hyderabad,Referral,2025-05-20
C05787,Calicut,Referral,2024-11-11
C05788,Mumbai,Instagram,2025-07-29
C05789,Mumbai,Instagram,2024-09-21
C05790,Kottayam,Influencer,2025-02-25
C05791,Kochi,Organic,2024-09-02
C05792,Kottayam,Influencer,2024-12-28
C05793,Mumbai,Organic,2025-09-09
C05794,Chennai,Influencer,2025-05-01
C05795,Mumbai,Influencer,2024-10-20
C05796,Coimbatore,Organic,2025-07-27
C05797,Hyderabad,Influencer,2025-04-19
C05798,Kollam,Influencer,2025-11-05
C05799,Cochin,Referral,2024-10-31
C05800,Bangalore,Instagram,2025-03-12
C05801,Chennai,Referral,2024-10-04
C05802,Kollam,Influencer,2025-09-07
C05803,Bangalore,Influencer,2025-02-27
C05804,Coimbatore,Referral,2025-02-23
C05805,Coimbatore,Organic,2024-08-07
C05806,Bangalore,Organic,2025-08-09
C05807,Chennai,Instagram,2025-07-27
C05808,Mumbai,Referral,2025-10-07
C05809,Coimbatore,Influencer,2024-08-07
C05810,TVM,Referral,2024-09-27
C05811,Coimbatore,Instagram,2025-04-26
C05812,Kochi,Influencer,2024-08-25
C05813,Mumbai,Influencer,2024-07-23
C05814,Calicut,Organic,2025-06-20
C05815,Calicut,Influencer,2025-10-08
C05816,Hyderabad,Referral,2024-11-12
C05817,Kochi,Referral,2024-11-03
C05818,Kottayam,Organic,2025-03-29
C05819,TVM,Instagram,2024-07-23
C05820,Mysore,Influencer,2025-05-20
C05821,Bangalore,Instagram,2025-10-13
C05822,Kochi,Influencer,2025-12-15
C05823,Mysore,Referral,2024-12-04
C05824,Chennai,Instagram,2025-06-16
C05825,Thrissur,Influencer,2024-11-01
C05826,Kollam,Instagram,2025-12-08
C05827,Chennai,Organic,2025-11-27
C05828,Mysore,Influencer,2025-05-04
C05829,Thrissur,Organic,2025-09-04
C05830,Kochi,Organic,2025-08-30
C05831,Hyderabad,Organic,2024-08-05
C05832,Coimbatore,Instagram,2025-03-19
C05833,Hyderabad,Organic,2025-11-13
C05834,Kollam,Referral,2025-10-27
C05835,Mumbai,Influencer,2025-10-02
C05836,Hyderabad,Instagram,2024-12-31
C05837,Coimbatore,Referral,2025-08-01
C05838,Coimbatore,Instagram,2024-07-12
C05839,Mysore,Organic,2024-08-31
C05840,Kollam,Organic,2025-01-01
C05841,Hyderabad,Instagram,2025-12-10
C05842,Mumbai,Organic,2025-04-21
C05843,Hyderabad,Instagram,2025-10-21
C05844,Hyderabad,Organic,2025-01-22
C05845,Kollam,Influencer,2024-07-19
C05846,TVM,Referral,2025-07-28
C05847,Kochi,Influencer,2024-09-21
C05848,Thrissur,Referral,2024-12-08
C05849,Thrissur,Organic,2025-09-01
C05850,Kochi,Organic,2025-05-19
C05851,Kollam,Organic,2024-08-24
C05852,Hyderabad,Referral,2025-02-28
C05853,Coimbatore,Referral,2025-12-20
C05854,Cochin,Influencer,2024-11-02
C05855,TVM,Instagram,2024-10-16
C05856,Mumbai,Organic,2025-06-13
C05857,Kochi,Instagram,2025-09-15
C05858,Kottayam,Influencer,2025-01-04
C05859,Kottayam,Organic,2025-02-06
C05860,Kottayam,Referral,2024-10-18
C05861,Mumbai,Influencer,2024-08-20
C05862,Mumbai,Influencer,2025-09-12
C05863,Calicut,Influencer,2024-10-07
C05864,Bangalore,Influencer,2025-11-16
C05865,Mumbai,Referral,2024-08-15
C05866,Cochin,Instagram,2025-08-31
C05867,Kochi,Influencer,2024-12-09
C05868,Kottayam,Organic,2024-12-26
C05869,Bangalore,Instagram,2025-04-24
C05870,Hyderabad,Instagram,2025-03-11
C05871,Kochi,Instagram,2024-10-03
C05872,Hyderabad,Referral,2025-04-03
C05873,Hyderabad,Influencer,2025-05-02
C05874,TVM,Instagram,2025-04-25
C05875,Calicut,Instagram,2024-10-20
C05876,TVM,Influencer,2025-08-22
C05877,Kottayam,Influencer,2025-02-13
C05878,Kottayam,Organic,2025-01-28
C05879,Calicut,Instagram,2025-09-01
C05880,Kottayam,Referral,2024-12-22
C05881,Cochin,Instagram,2025-07-18
C05882,Bangalore,Referral,2025-08-28
C05883,Thrissur,Referral,2025-10-18
C05884,Coimbatore,Organic,2024-08-22
C05885,Coimbatore,Referral,2024-07-11
C05886,Kochi,Instagram,2025-10-28
C05887,Hyderabad,Organic,2025-11-18
C05888,Chennai,Influencer,2024-11-19
C05889,Thrissur,Referral,2025-04-12
C05890,Mysore,Instagram,2025-08-04
C05891,Coimbatore,Organic,2025-04-14
C05892,Cochin,Instagram,2024-08-06
C05893,Bangalore,Influencer,2025-09-30
C05894,Kochi,Instagram,2024-07-04
C05895,Cochin,Instagram,2025-09-16
C05896,Coimbatore,Referral,2025-11-30
C05897,Mysore,Influencer,2025-04-27
C05898,Hyderabad,Organic,2025-02-11
C05899,Thrissur,Organic,2025-01-31
C05900,Kochi,Referral,2024-10-15
C05901,Calicut,Influencer,2025-10-26
C05902,Coimbatore,Influencer,2025-07-24
C05903,Mysore,Organic,2025-08-14
C05904,Coimbatore,Instagram,2025-10-27
C05905,Mysore,Instagram,2025-10-06
C05906,Kollam,Organic,2025-09-05
C05907,Coimbatore,Organic,2024-08-18
C05908,Chennai,Referral,2025-07-19
C05909,Calicut,Referral,2025-06-26
C05910,TVM,Organic,2025-03-30
C05911,Bangalore,Organic,2024-08-30
C05912,Kottayam,Influencer,2025-04-26
C05913,Coimbatore,Organic,2025-12-18
C05914,Cochin,Instagram,2025-01-20
C05915,Bangalore,Influencer,2025-06-09
C05916,Thrissur,Instagram,2024-07-27
C05917,Kollam,Referral,2025-03-17
C05918,Calicut,Referral,2025-07-22
C05919,Chennai,Organic,2025-10-13
C05920,Kollam,Instagram,2025-08-23
C05921,Hyderabad,Influencer,2025-09-12
C05922,Calicut,Referral,2025-01-27
C05923,Calicut,Organic,2025-11-12
C05924,Mumbai,Instagram,2025-10-24
C05925,Chennai,Instagram,2024-12-05
C05926,Kochi,Organic,2025-03-26
C05927,Kottayam,Instagram,2024-10-12
C05928,Kottayam,Organic,2024-12-12
C05929,Bangalore,Organic,2025-04-23
C05930,Mumbai,Influencer,2024-11-10
C05931,Mysore,Organic,2025-07-05
C05932,Chennai,Influencer,2025-04-25
C05933,Coimbatore,Organic,2025-12-06
C05934,TVM,Referral,2025-02-20
C05935,Chennai,Instagram,2025-01-01
C05936,TVM,Instagram,2025-09-29
C05937,Bangalore,Instagram,2025-05-03
C05938,Cochin,Referral,2024-11-17
C05939,Mumbai,Referral,2024-08-22
C05940,Mysore,Influencer,2025-12-17
C05941,Coimbatore,Referral,2025-01-02
C05942,Coimbatore,Organic,2024-08-24
C05943,Kochi,Influencer,2025-07-30
C05944,Cochin,Influencer,2024-10-22
C05945,Hyderabad,Organic,2025-03-02
C05946,Coimbatore,Organic,2025-05-13
C05947,Kottayam,Influencer,2025-05-07
C05948,Mumbai,Influencer,2025-03-04
C05949,Calicut,Organic,2025-01-29
C05950,TVM,Organic,2025-12-03
C05951,Mumbai,Influencer,2025-12-12
C05952,Bangalore,Referral,2025-08-01
C05953,Kottayam,Organic,2025-06-26
C05954,Kochi,Instagram,2025-09-02
C05955,Kollam,Influencer,2024-10-25
C05956,Kollam,Organic,2025-07-27
C05957,Cochin,Organic,2025-02-08
C05958,TVM,Influencer,2024-10-27
C05959,Calicut,Influencer,2025-07-15
C05960,Thrissur,Organic,2025-09-11
C05961,Bangalore,Organic,2025-09-30
C05962,Kochi,Organic,2025-09-10
C05963,Calicut,Influencer,2025-11-23
C05964,Coimbatore,Instagram,2025-03-18
C05965,Thrissur,Organic,2024-09-27
C05966,Kottayam,Organic,2025-07-13
C05967,Thrissur,Instagram,2025-08-23
C05968,Chennai,Referral,2025-01-29
C05969,Mumbai,Influencer,2024-09-04
C05970,Kollam,Instagram,2024-08-17
C05971,Kottayam,Organic,2025-11-19
C05972,Mysore,Instagram,2025-03-09
C05973,Kochi,Organic,2025-06-13
C05974,Mumbai,Referral,2025-01-13
C05975,Bangalore,Referral,2024-08-01
C05976,Cochin,Influencer,2025-04-15
C05977,Mysore,Instagram,2025-07-07
C05978,Kollam,Influencer,2025-10-17
C05979,Cochin,Influencer,2025-09-20
C05980,Kollam,Referral,2024-07-12
C05981,Thrissur,Referral,2025-08-16
C05982,Kochi,,2025-06-07
C05983,Hyderabad,Referral,2025-08-01
C05984,Mysore,Instagram,2025-03-08
C05985,TVM,Organic,2024-07-21
C05986,Hyderabad,Organic,2024-10-15
C05987,Bangalore,Referral,2025-08-30
C05988,Mumbai,Instagram,2024-08-02
C05989,Thrissur,Instagram,2025-07-17
C05990,Mysore,Organic,2024-12-28
C05991,Calicut,Instagram,2025-11-16
C05992,Calicut,Organic,2024-11-26
C05993,TVM,Organic,2025-07-05
C05994,Bangalore,Referral,2025-10-20
C05995,Mumbai,Influencer,2024-07-26
C05996,Mysore,Influencer,2024-10-19
C05997,Thrissur,Instagram,2025-06-15
C05998,Chennai,Instagram,2024-07-07
C05999,Mumbai,Organic,2025-06-20
C06000,TVM,Instagram,2024-10-23
C06001,Mysore,Referral,2025-05-29
C06002,Chennai,Influencer,2025-04-27
C06003,Mysore,Instagram,2024-10-17
C06004,Hyderabad,Organic,2025-12-18
C06005,Kollam,Organic,2024-08-27
C06006,Calicut,Organic,2024-12-05
C06007,Calicut,Influencer,2025-04-14
C06008,Kottayam,Instagram,2025-08-21
C06009,TVM,Referral,2025-03-19
C06010,Mumbai,Instagram,2025-06-16
C06011,Calicut,Referral,2025-11-15
C06012,Mumbai,Organic,2025-06-14
C06013,TVM,Influencer,2025-02-13
C06014,Kottayam,Referral,2024-10-14
C06015,Kottayam,Referral,2025-01-05
C06016,Kochi,Influencer,2025-07-28
C06017,Calicut,Referral,2025-01-24
C06018,Chennai,Influencer,2024-11-12
C06019,Kottayam,Influencer,2025-06-06
C06020,Kochi,Influencer,2025-03-22
C06021,Kottayam,Referral,2024-09-11
C06022,Bangalore,Influencer,2024-09-07
C06023,Mysore,Instagram,2025-07-15
C06024,Mysore,Instagram,2025-02-26
C06025,Mysore,Instagram,2025-11-30
C06026,Kochi,Instagram,2025-01-13
C06027,Coimbatore,Instagram,2024-12-07
C06028,Kollam,Referral,2025-10-31
C06029,Chennai,Referral,2025-10-09
C06030,Bangalore,Instagram,2025-03-31
C06031,Bangalore,Influencer,2025-08-18
C06032,Thrissur,Organic,2025-06-29
C06033,Kottayam,Referral,2025-06-14
C06034,Bangalore,Organic,2025-03-22
C06035,Kottayam,Influencer,2025-08-10
C06036,Hyderabad,Instagram,2025-02-11
C06037,Calicut,Organic,2025-11-21
C06038,Chennai,Organic,2025-02-21
C06039,Calicut,Influencer,2024-12-13
C06040,Chennai,Influencer,2025-07-10
C06041,Calicut,Referral,2025-11-27
C06042,Kottayam,Instagram,2025-09-16
C06043,Mysore,Organic,2025-02-19
C06044,Hyderabad,Organic,2024-11-26
C06045,Mysore,Instagram,2025-12-24
C06046,Mumbai,Influencer,2025-11-16
C06047,Kollam,Instagram,2024-09-07
C06048,Bangalore,Organic,2024-08-20
C06049,Chennai,Instagram,2024-07-19
C06050,Thrissur,Influencer,2025-10-06
C06051,Mumbai,Instagram,2024-10-15
C06052,TVM,Influencer,2025-09-07
C06053,Hyderabad,Instagram,2025-04-30
C06054,Bangalore,Organic,2025-07-23
C06055,TVM,Influencer,2025-04-03
C06056,Mysore,Organic,2025-11-14
C06057,Mumbai,Organic,2024-11-19
C06058,Thrissur,Referral,2025-09-03
C06059,Chennai,Instagram,2025-07-15
C06060,Calicut,Instagram,2025-11-19
C06061,Kollam,Referral,2025-07-31
C06062,Thrissur,Referral,2025-02-01
C06063,Mumbai,Referral,2025-03-01
C06064,Thrissur,Referral,2024-08-20
C06065,Kochi,Referral,2025-02-02
C06066,TVM,Influencer,2024-12-03
C06067,Coimbatore,Organic,2025-08-07
C06068,Chennai,Referral,2025-07-13
C06069,Thrissur,Organic,2025-03-08
C06070,Coimbatore,Referral,2025-06-29
C06071,Kottayam,Referral,2025-11-27
C06072,Coimbatore,Organic,2024-12-17
C06073,Coimbatore,Influencer,2025-11-09
C06074,TVM,Instagram,2025-10-18
C06075,Chennai,Organic,2024-10-19
C06076,Chennai,Influencer,2025-12-06
C06077,Mysore,Referral,2025-08-16
C06078,Mysore,Organic,2024-08-01
C06079,Mumbai,Referral,2025-07-21
C06080,Kochi,Referral,2025-11-29
C06081,Kochi,Influencer,2024-10-07
C06082,Bangalore,Referral,2024-12-12
C06083,Hyderabad,Influencer,2024-09-24
C06084,Kottayam,Referral,2025-09-15
C06085,Coimbatore,Referral,2025-02-11
C06086,Coimbatore,Influencer,2025-12-02
C06087,Chennai,Referral,2024-07-24
C06088,Chennai,Organic,2025-05-29
C06089,Cochin,Instagram,2025-03-13
C06090,Kollam,Organic,2025-06-16
C06091,Kochi,Instagram,2024-07-17
C06092,Bangalore,Instagram,2024-12-30
C06093,Kollam,Influencer,2025-04-18
C06094,Mysore,Referral,2025-03-13
C06095,Bangalore,Instagram,2024-09-07
C06096,Coimbatore,Organic,2025-11-17
C06097,Kottayam,Referral,2024-11-07
C06098,Coimbatore,Influencer,2024-07-16
C06099,Kochi,Organic,2025-09-25
C06100,Mumbai,Referral,2025-12-03
C06101,Mumbai,Referral,2025-02-19
C06102,Mysore,Organic,2025-01-13
C06103,Coimbatore,Referral,2024-10-12
C06104,Thrissur,Influencer,2024-07-18
C06105,Hyderabad,Organic,2024-12-23
C06106,Thrissur,Referral,2025-08-29
C06107,Kochi,Instagram,2024-12-13
C06108,TVM,Organic,2025-11-06
C06109,Hyderabad,Influencer,2024-12-25
C06110,Bangalore,Organic,2025-11-27
C06111,Kollam,Instagram,2025-10-16
C06112,TVM,Instagram,2025-02-04
C06113,Hyderabad,Instagram,2024-11-04
C06114,Bangalore,Referral,2025-03-14
C06115,Bangalore,Influencer,2024-11-09
C06116,Kochi,Referral,2024-09-17
C06117,Kollam,Referral,2024-08-23
C06118,Mysore,Organic,2025-08-17
C06119,Kottayam,Influencer,2024-07-25
C06120,Cochin,Influencer,2025-05-02
C06121,Coimbatore,Organic,2025-11-12
C06122,Mumbai,Organic,2025-10-05
C06123,Calicut,Organic,2024-12-23
C06124,Mumbai,Referral,2024-10-08
C06125,Kollam,Referral,2024-08-23
C06126,Kollam,Influencer,2024-11-15
C06127,Hyderabad,Influencer,2024-08-13
C06128,Coimbatore,Organic,2024-12-05
C06129,Chennai,Influencer,2025-09-04
C06130,Kottayam,Instagram,2025-10-24
C06131,Hyderabad,Influencer,2025-10-02
C06132,Mumbai,Influencer,2025-10-05
C06133,Thrissur,Referral,2025-10-26
C06134,Calicut,Instagram,2025-06-20
C06135,Bangalore,Organic,2025-07-15
C06136,Chennai,Instagram,2025-02-20
C06137,Mysore,Referral,2024-11-06
C06138,Mysore,Instagram,2024-08-16
C06139,Bangalore,Organic,2025-10-18
C06140,TVM,Influencer,2024-08-14
C06141,Hyderabad,Instagram,2025-04-10
C06142,Hyderabad,Organic,2024-09-14
C06143,Bangalore,Instagram,2025-08-29
C06144,Kottayam,Referral,2025-10-23
C06145,Thrissur,Influencer,2025-03-22
C06146,Kollam,Referral,2025-03-10
C06147,TVM,Influencer,2025-04-13
C06148,Kottayam,Organic,2025-12-30
C06149,Thrissur,Referral,2025-04-14
C06150,Bangalore,Instagram,2024-12-02
C06151,Chennai,Influencer,2025-08-30
C06152,Bangalore,Influencer,2025-03-06
C06153,Kottayam,Referral,2024-12-21
C06154,Calicut,Organic,2024-08-21
C06155,TVM,Referral,2025-07-03
C06156,Coimbatore,Organic,2024-08-07
C06157,Mumbai,Influencer,2024-10-17
C06158,Cochin,Influencer,2025-02-07
C06159,Hyderabad,Referral,2024-11-11
C06160,Calicut,Instagram,2025-08-19
C06161,Bangalore,Instagram,2025-09-10
C06162,Chennai,Organic,2025-12-01
C06163,Bangalore,Referral,2025-06-09
C06164,Chennai,Referral,2024-07-01
C06165,Chennai,Organic,2024-12-22
C06166,TVM,Organic,2025-12-24
C06167,Calicut,Influencer,2024-12-12
C06168,Calicut,Instagram,2024-11-15
C06169,Kochi,Influencer,2024-10-25
C06170,Bangalore,Referral,2025-09-24
C06171,Kochi,Influencer,2025-11-20
C06172,Kochi,Instagram,2025-06-09
C06173,Kottayam,Referral,2025-11-07
C06174,Cochin,Organic,2025-07-14
C06175,Thrissur,Organic,2025-11-19
C06176,TVM,Referral,2025-05-19
C06177,Mumbai,Referral,2024-12-17
C06178,TVM,Instagram,2025-02-13
C06179,Thrissur,,2025-01-14
C06180,Bangalore,Influencer,2024-09-05
C06181,Thrissur,Referral,2024-11-26
C06182,Kollam,Instagram,2025-08-05
C06183,TVM,Influencer,2025-07-06
C06184,Kochi,Influencer,2024-08-18
C06185,Calicut,Organic,2025-06-04
C06186,Mysore,Instagram,2025-10-07
C06187,Mumbai,Organic,2025-06-07
C06188,Thrissur,Organic,2025-03-03
C06189,Kochi,Organic,2024-11-11
C06190,Kollam,Referral,2025-11-18
C06191,Chennai,Influencer,2024-10-02
C06192,TVM,Referral,2025-09-20
C06193,Kochi,Referral,2024-08-01
C06194,Calicut,Influencer,2024-12-25
C06195,Coimbatore,Influencer,2025-10-25
C06196,Kollam,Organic,2024-10-20
C06197,Kochi,Instagram,2025-10-09
C06198,Thrissur,Influencer,2025-03-25
C06199,TVM,Organic,2024-11-13
C06200,Kottayam,Influencer,2025-04-24
C06201,Kottayam,Referral,2024-10-30
C06202,Bangalore,Organic,2025-01-19
C06203,Mysore,Instagram,2025-03-25
C06204,Kollam,Instagram,2024-11-01
C06205,Hyderabad,Influencer,2025-08-05
C06206,Hyderabad,Influencer,2025-01-24
C06207,Kochi,Instagram,2024-12-08
C06208,Calicut,Organic,2025-02-17
C06209,Chennai,Instagram,2025-06-19
C06210,Calicut,Instagram,2025-05-11
C06211,Kochi,Referral,2024-07-22
C06212,TVM,Referral,2025-10-28
C06213,TVM,Instagram,2025-07-01
C06214,Kollam,Influencer,2024-08-01
C06215,Calicut,Organic,2025-02-28
C06216,Mumbai,Referral,2025-09-04
C06217,Mumbai,Referral,2025-04-02
C06218,Chennai,Instagram,2025-02-14
C06219,Coimbatore,Organic,2025-06-07
C06220,Kollam,Instagram,2025-07-26
C06221,Kollam,Organic,2025-10-02
C06222,Mysore,Referral,2024-07-30
C06223,Kochi,Referral,2025-01-10
C06224,Kollam,Instagram,2025-11-14
C06225,Coimbatore,Influencer,2025-02-10
C06226,Mysore,Referral,2025-11-22
C06227,Mysore,Influencer,2025-04-17
C06228,Kollam,,2024-11-19
C06229,Coimbatore,Referral,2025-01-18
C06230,Mumbai,Influencer,2025-11-21
C06231,Calicut,Organic,2024-10-02
C06232,Bangalore,Organic,2024-07-19
C06233,Mysore,Referral,2024-09-01
C06234,Chennai,Instagram,2025-11-19
C06235,Kollam,Referral,2025-06-17
C06236,Mumbai,Referral,2024-08-01
C06237,Chennai,Instagram,2024-11-14
C06238,Mysore,Referral,2025-05-30
C06239,Kollam,Influencer,2024-11-27
C06240,Mumbai,Instagram,2025-08-03
C06241,Kochi,Influencer,2024-07-01
C06242,Kochi,Referral,2025-06-10
C06243,Coimbatore,Influencer,2025-12-23
C06244,Kochi,Organic,2025-11-09
C06245,Kottayam,Referral,2024-09-29
C06246,Chennai,Influencer,2024-10-31
C06247,TVM,Influencer,2025-10-27
C06248,Kochi,Organic,2024-09-24
C06249,Hyderabad,Instagram,2025-10-17
C06250,Mysore,Instagram,2025-09-20
C06251,Coimbatore,Organic,2025-10-23
C06252,Kochi,,2024-09-05
C06253,Bangalore,Influencer,2025-09-24
C06254,Mumbai,Organic,2024-08-26
C06255,Kochi,Instagram,2024-11-01
C06256,Coimbatore,Organic,2025-08-06
C06257,Coimbatore,Organic,2024-12-18
C06258,Coimbatore,Influencer,2025-03-31
C06259,Coimbatore,Instagram,2024-10-21
C06260,Chennai,Referral,2025-01-26
C06261,Kochi,Organic,2025-12-20
C06262,Coimbatore,Organic,2024-09-27
C06263,Coimbatore,Referral,2025-05-08
C06264,Kottayam,Influencer,2025-04-23
C06265,Calicut,Referral,2025-07-24
C06266,Chennai,Influencer,2025-03-10
C06267,Mumbai,Influencer,2025-06-08
C06268,Kochi,Organic,2025-12-28
C06269,Kollam,Organic,2024-08-31
C06270,Kollam,Instagram,2025-09-09
C06271,Kottayam,Influencer,2025-11-24
C06272,Mysore,Organic,2025-11-09
C06273,Kochi,Organic,2024-10-25
C06274,Mysore,Organic,2025-11-05
C06275,Bangalore,Referral,2025-08-14
C06276,Calicut,,2025-08-08
C06277,Kochi,Referral,2024-07-31
C06278,Coimbatore,Instagram,2025-09-19
C06279,Mumbai,Organic,2025-04-25
C06280,Chennai,Influencer,2025-12-20
C06281,Calicut,,2025-10-23
C06282,Mumbai,Influencer,2025-02-14
C06283,Mysore,Instagram,2024-11-07
C06284,Chennai,Organic,2024-07-24
C06285,Kollam,Instagram,2025-01-27
C06286,Kochi,Influencer,2025-07-14
C06287,Thrissur,Organic,2025-07-15
C06288,Coimbatore,Referral,2024-07-21
C06289,Chennai,Instagram,2025-01-07
C06290,Mumbai,Instagram,2025-09-13
C06291,Kottayam,Influencer,2025-04-06
C06292,Kochi,Organic,2024-12-21
C06293,Kottayam,Referral,2024-11-02
C06294,Kottayam,Instagram,2025-12-13
C06295,Mysore,Influencer,2024-10-18
C06296,Coimbatore,Referral,2025-12-12
C06297,TVM,,2025-12-11
C06298,Kochi,Organic,2024-10-16
C06299,Coimbatore,Instagram,2025-07-26
C06300,Calicut,Organic,2025-06-28
C06301,Thrissur,Influencer,2024-08-30
C06302,Kochi,Organic,2025-05-06
C06303,Hyderabad,Organic,2025-02-04
C06304,Thrissur,Instagram,2025-03-18
C06305,Kottayam,Organic,2025-08-23
C06306,Hyderabad,Organic,2025-05-30
C06307,Mysore,Instagram,2025-08-08
C06308,Thrissur,Influencer,2025-08-03
C06309,Coimbatore,Referral,2025-02-01
C06310,Calicut,Organic,2025-02-19
C06311,Hyderabad,Referral,2025-10-22
C06312,Kochi,Instagram,2024-11-30
C06313,Chennai,Influencer,2024-08-21
C06314,Kollam,Influencer,2025-04-05
C06315,Cochin,Referral,2025-07-27
C06316,TVM,Influencer,2024-07-18
C06317,Kottayam,Referral,2025-05-09
C06318,Thrissur,Organic,2024-07-17
C06319,Chennai,Referral,2025-01-26
C06320,Chennai,Influencer,2025-06-07
C06321,TVM,Influencer,2025-02-10
C06322,Kottayam,Referral,2024-10-31
C06323,Hyderabad,Instagram,2024-09-30
C06324,Hyderabad,Influencer,2024-11-08
C06325,Kochi,Influencer,2025-04-11
C06326,Kottayam,Referral,2025-10-20
C06327,Kochi,Referral,2024-07-06
C06328,Chennai,Organic,2025-04-20
C06329,Chennai,Influencer,2025-12-20
C06330,Hyderabad,Organic,2025-02-04
C06331,Coimbatore,Referral,2025-04-14
C06332,Mumbai,Referral,2025-05-15
C06333,TVM,Influencer,2024-09-03
C06334,Kochi,Influencer,2025-01-10
C06335,Kollam,Referral,2025-07-21
C06336,Calicut,Referral,2025-06-24
C06337,Mumbai,Referral,2024-11-21
C06338,Bangalore,Influencer,2024-09-01
C06339,Mumbai,Organic,2024-11-07
C06340,Thrissur,Referral,2025-09-02
C06341,Kottayam,Organic,2024-11-28
C06342,Kollam,Organic,2025-02-08
C06343,Calicut,Organic,2024-08-02
C06344,Hyderabad,Instagram,2025-02-01
C06345,Thrissur,Referral,2025-11-01
C06346,Hyderabad,Organic,2024-07-24
C06347,Kochi,Referral,2025-04-21
C06348,Kollam,,2024-09-01
C06349,Kochi,Instagram,2024-12-13
C06350,Coimbatore,Instagram,2025-08-05
C06351,Mysore,Influencer,2024-11-28
C06352,Calicut,Organic,2025-01-27
C06353,Kottayam,Influencer,2025-01-03
C06354,Kottayam,Influencer,2025-10-17
C06355,Cochin,Organic,2024-08-02
C06356,Bangalore,Referral,2024-09-13
C06357,Kochi,Organic,2025-11-15
C06358,Mumbai,Influencer,2024-12-06
C06359,Coimbatore,Influencer,2024-12-14
C06360,Thrissur,Organic,2024-12-10
C06361,Cochin,Referral,2024-11-14
C06362,Kottayam,Influencer,2025-01-18
C06363,Kollam,Influencer,2025-02-01
C06364,Kottayam,Influencer,2025-05-11
C06365,Mysore,Organic,2024-12-28
C06366,Kottayam,Referral,2025-08-12
C06367,Hyderabad,Organic,2025-03-21
C06368,Kochi,Influencer,2024-12-19
C06369,Kollam,Organic,2025-03-28
C06370,Kochi,Instagram,2025-05-23
C06371,Mumbai,Influencer,2025-01-18
C06372,Mysore,Influencer,2025-10-14
C06373,Bangalore,Organic,2025-06-26
C06374,Hyderabad,Instagram,2024-08-13
C06375,Kollam,Organic,2024-12-20
C06376,TVM,Influencer,2025-01-30
C06377,Coimbatore,Instagram,2025-02-17
C06378,Mysore,Referral,2025-12-30
C06379,TVM,Instagram,2025-08-21
C06380,Calicut,Instagram,2025-12-03
C06381,Mysore,Influencer,2025-08-20
C06382,Kottayam,Referral,2025-11-10
C06383,Thrissur,Referral,2025-06-19
C06384,Kochi,Instagram,2024-07-31
C06385,Calicut,Instagram,2025-03-07
C06386,Thrissur,Instagram,2024-12-22
C06387,Chennai,Influencer,2025-07-19
C06388,Calicut,Organic,2024-07-26
C06389,Kochi,Referral,2024-09-24
C06390,Calicut,Instagram,2024-07-10
C06391,Calicut,Organic,2025-08-09
C06392,Mumbai,Instagram,2025-06-03
C06393,Bangalore,Instagram,2025-02-06
C06394,Coimbatore,Referral,2025-12-28
C06395,Bangalore,Influencer,2025-12-21
C06396,TVM,Organic,2024-09-13
C06397,Mysore,Organic,2025-03-29
C06398,Coimbatore,Organic,2024-10-24
C06399,Cochin,Referral,2024-09-22
C06400,Thrissur,Referral,2024-12-28
C06401,Calicut,Influencer,2024-12-17
C06402,Kottayam,Instagram,2025-08-11
C06403,Bangalore,Instagram,2025-04-22
C06404,Coimbatore,Organic,2025-06-24
C06405,Mumbai,Organic,2025-07-15
C06406,Bangalore,Influencer,2025-04-22
C06407,Thrissur,Influencer,2025-06-24
C06408,Kochi,Instagram,2024-09-21
C06409,Hyderabad,Organic,2025-07-24
C06410,Mumbai,Influencer,2024-10-11
C06411,Mumbai,Referral,2024-10-06
C06412,Hyderabad,Instagram,2024-07-04
C06413,Mumbai,Organic,2024-07-29
C06414,TVM,Instagram,2025-02-10
C06415,Coimbatore,Organic,2025-03-06
C06416,Bangalore,Referral,2025-07-11
C06417,Coimbatore,Influencer,2025-08-26
C06418,Chennai,Referral,2024-07-11
C06419,Calicut,Instagram,2024-09-24
C06420,Mumbai,Organic,2024-10-29
C06421,Mumbai,Organic,2025-08-25
C06422,Thrissur,Influencer,2025-02-06
C06423,TVM,Influencer,2025-06-27
C06424,Mysore,Instagram,2025-03-21
C06425,Kottayam,Influencer,2024-10-12
C06426,Mumbai,Referral,2024-08-26
C06427,Chennai,Referral,2024-10-27
C06428,Kochi,Referral,2025-07-17
C06429,Calicut,Organic,2025-02-11
C06430,Mumbai,Referral,2024-12-04
C06431,Bangalore,Referral,2025-09-24
C06432,Chennai,Referral,2025-07-19
C06433,Kollam,Organic,2025-01-07
C06434,Chennai,Referral,2025-10-19
C06435,Mysore,Influencer,2024-12-03
C06436,Mumbai,Referral,2024-08-08
C06437,Kollam,Referral,2025-03-31
C06438,Kochi,Influencer,2024-10-03
C06439,TVM,,2024-12-12
C06440,TVM,Referral,2024-10-26
C06441,Chennai,Influencer,2024-07-19
C06442,Kochi,,2025-04-02
C06443,Thrissur,Organic,2025-02-12
C06444,Coimbatore,Instagram,2024-10-30
C06445,Mumbai,Instagram,2024-08-07
C06446,Coimbatore,Influencer,2025-02-21
C06447,Kochi,Referral,2024-08-24
C06448,Mumbai,Referral,2024-10-09
C06449,Mumbai,Organic,2024-12-21
C06450,Thrissur,Referral,2024-09-21
C06451,Kochi,Organic,2024-07-16
C06452,TVM,Organic,2025-11-07
C06453,Mysore,Influencer,2025-02-07
C06454,Calicut,Influencer,2025-05-09
C06455,Chennai,Referral,2024-08-28
C06456,Hyderabad,Referral,2025-10-28
C06457,Kottayam,Influencer,2025-04-08
C06458,Kottayam,Organic,2024-09-20
C06459,Chennai,Organic,2024-07-26
C06460,Coimbatore,Referral,2025-01-20
C06461,Thrissur,Referral,2024-08-13
C06462,Mumbai,Organic,2025-06-26
C06463,Kochi,Referral,2025-04-10
C06464,Coimbatore,Influencer,2024-12-31
C06465,Mumbai,Instagram,2025-10-20
C06466,Chennai,Instagram,2025-04-29
C06467,Kochi,Influencer,2025-01-15
C06468,Kochi,Instagram,2024-10-27
C06469,Calicut,Organic,2025-08-12
C06470,Chennai,Instagram,2025-06-11
C06471,Calicut,Referral,2025-08-09
C06472,Bangalore,Influencer,2025-09-28
C06473,Chennai,Instagram,2024-10-27
C06474,Kottayam,Influencer,2024-07-03
C06475,Kollam,Organic,2025-05-23
C06476,Kottayam,Instagram,2025-05-01
C06477,Mysore,Influencer,2024-07-14
C06478,Chennai,Influencer,2024-07-19
C06479,Coimbatore,Organic,2024-11-10
C06480,Bangalore,Organic,2024-10-17
C06481,Hyderabad,Referral,2025-01-10
C06482,Hyderabad,Organic,2025-08-04
C06483,Mumbai,,2024-12-13
C06484,Cochin,Influencer,2025-04-08
C06485,Chennai,Referral,2025-03-13
C06486,TVM,Instagram,2025-03-24
C06487,Calicut,Organic,2024-12-02
C06488,TVM,Referral,2025-03-08
C06489,Calicut,Organic,2025-02-26
C06490,TVM,Influencer,2025-07-09
C06491,TVM,Organic,2025-04-02
C06492,Hyderabad,Referral,2024-10-02
C06493,Mumbai,Instagram,2024-07-14
C06494,Mysore,Referral,2024-11-07
C06495,Calicut,Influencer,2025-05-26
C06496,Hyderabad,Influencer,2024-10-18
C06497,TVM,Influencer,2025-09-30
C06498,Mysore,Organic,2025-10-13
C06499,Mysore,Instagram,2025-10-03
C06500,Kottayam,Instagram,2025-11-14
C06501,Kochi,Organic,2024-10-16
C06502,Coimbatore,Referral,2025-12-24
C06503,Kochi,Instagram,2024-09-24
C06504,Bangalore,Referral,2024-10-14
C06505,Kottayam,Instagram,2025-02-17
C06506,Calicut,Instagram,2025-07-11
C06507,Cochin,Instagram,2025-09-07
C06508,Calicut,Influencer,2025-03-05
C06509,Hyderabad,Instagram,2025-08-27
C06510,Hyderabad,Organic,2025-04-25
C06511,Coimbatore,Influencer,2025-01-19
C06512,Kottayam,Influencer,2024-12-19
C06513,Kottayam,Organic,2025-09-23
C06514,Kollam,Referral,2025-09-22
C06515,Bangalore,Referral,2025-10-29
C06516,Coimbatore,Referral,2025-11-16
C06517,Kollam,Influencer,2025-03-23
C06518,Kochi,Influencer,2025-05-28
C06519,Hyderabad,Instagram,2025-09-18
C06520,Chennai,Referral,2025-01-09
C06521,Kollam,Organic,2025-03-07
C06522,Mysore,Instagram,2025-04-04
C06523,Coimbatore,Influencer,2025-01-20
C06524,Kollam,Influencer,2025-01-13
C06525,Mysore,Organic,2025-05-28
C06526,Mumbai,Organic,2024-08-25
C06527,Kollam,Referral,2025-06-21
C06528,Kollam,Referral,2025-08-11
C06529,Kochi,Referral,2024-10-10
C06530,Kottayam,Organic,2024-08-01
C06531,Kollam,Referral,2025-08-21
C06532,Bangalore,Referral,2025-06-12
C06533,Kollam,Referral,2025-12-30
C06534,Hyderabad,Referral,2025-05-30
C06535,Chennai,Organic,2025-08-01
C06536,Mumbai,Organic,2024-11-20
C06537,Mumbai,Instagram,2025-08-15
C06538,Kollam,Referral,2025-02-22
C06539,Mysore,Organic,2025-07-17
C06540,Chennai,Organic,2024-11-12
C06541,Thrissur,Influencer,2025-04-28
C06542,Kollam,Influencer,2025-01-25
C06543,Kottayam,Organic,2024-09-02
C06544,Mumbai,,2025-06-11
C06545,Thrissur,Instagram,2024-07-02
C06546,Mysore,Organic,2025-12-02
C06547,Thrissur,Influencer,2025-10-01
C06548,Mumbai,Organic,2025-10-05
C06549,Thrissur,Organic,2024-11-02
C06550,Thrissur,Influencer,2025-05-01
C06551,Mysore,Organic,2024-12-01
C06552,Kottayam,Instagram,2025-08-08
C06553,TVM,Organic,2024-08-03
C06554,Chennai,Organic,2024-08-04
C06555,Bangalore,Organic,2025-11-24
C06556,Bangalore,Influencer,2025-08-12
C06557,Kollam,Referral,2025-01-18
C06558,TVM,Organic,2025-06-19
C06559,Cochin,Instagram,2025-03-01
C06560,Kochi,Organic,2025-07-17
C06561,Mumbai,,2024-07-25
C06562,Bangalore,Referral,2025-08-03
C06563,Chennai,Referral,2025-03-23
C06564,Kollam,Instagram,2025-01-05
C06565,Calicut,Organic,2024-08-19
C06566,TVM,Referral,2024-11-14
C06567,Calicut,Referral,2024-07-18
C06568,Mysore,Instagram,2025-09-08
C06569,Kochi,Influencer,2024-10-04
C06570,Coimbatore,Instagram,2025-08-29
C06571,Mysore,Organic,2025-10-11
C06572,Kochi,Referral,2025-12-16
C06573,Mysore,Influencer,2025-08-24
C06574,Mysore,Referral,2024-11-26
C06575,Kottayam,Organic,2025-03-24
C06576,Kochi,Organic,2025-02-09
C06577,Bangalore,Referral,2025-12-10
C06578,Hyderabad,Instagram,2024-12-31
C06579,Cochin,Influencer,2025-10-03
C06580,Bangalore,Instagram,2025-06-12
C06581,Mysore,Referral,2025-06-28
C06582,Chennai,Instagram,2025-09-04
C06583,Thrissur,Organic,2025-01-21
C06584,Thrissur,Referral,2025-07-08
C06585,Mysore,Referral,2024-09-09
C06586,Thrissur,Instagram,2025-02-25
C06587,Bangalore,Instagram,2025-04-05
C06588,Coimbatore,Referral,2024-10-19
C06589,Bangalore,Influencer,2025-07-03
C06590,Coimbatore,Organic,2025-07-03
C06591,Coimbatore,Instagram,2025-09-18
C06592,TVM,Instagram,2024-07-05
C06593,Chennai,Referral,2024-11-22
C06594,Chennai,Organic,2025-03-09
C06595,Cochin,Instagram,2025-10-29
C06596,Calicut,Referral,2025-05-22
C06597,Calicut,Organic,2025-03-07
C06598,Kochi,Referral,2024-08-21
C06599,Coimbatore,Influencer,2024-11-09
C06600,Calicut,Organic,2025-12-26
C06601,Kochi,Organic,2025-11-13
C06602,Kottayam,Influencer,2025-09-26
C06603,Kochi,Instagram,2025-10-27
C06604,Chennai,Organic,2025-05-16
C06605,Calicut,Organic,2025-02-20
C06606,Mysore,Referral,2025-12-22
C06607,Kollam,Organic,2025-02-23
C06608,TVM,,2025-02-22
C06609,Mysore,Organic,2025-02-13
C06610,Mysore,Referral,2025-07-08
C06611,Mysore,Referral,2025-06-22
C06612,Thrissur,Influencer,2025-11-27
C06613,Bangalore,Instagram,2025-06-21
C06614,Coimbatore,Referral,2025-11-25
C06615,Kochi,Organic,2025-08-02
C06616,Hyderabad,Referral,2025-02-05
C06617,Kottayam,Influencer,2025-06-02
C06618,Calicut,Influencer,2024-07-01
C06619,Mumbai,Influencer,2025-09-22
C06620,Bangalore,Organic,2024-11-18
C06621,Coimbatore,Instagram,2025-01-27
C06622,Coimbatore,Referral,2025-03-19
C06623,Mysore,Influencer,2025-04-08
C06624,TVM,Organic,2025-07-19
C06625,Kollam,Instagram,2025-02-10
C06626,TVM,Organic,2025-07-20
C06627,Coimbatore,Influencer,2025-03-07
C06628,Cochin,Organic,2025-10-09
C06629,Chennai,Influencer,2025-01-01
C06630,Calicut,Organic,2025-12-31
C06631,Kollam,Influencer,2025-03-02
C06632,TVM,Referral,2025-02-13
C06633,TVM,,2025-06-11
C06634,Thrissur,Instagram,2024-12-09
C06635,Cochin,Instagram,2025-08-28
C06636,Kollam,Organic,2025-02-09
C06637,Mumbai,Referral,2024-09-07
C06638,Bangalore,Referral,2024-07-28
C06639,Hyderabad,Instagram,2025-08-15
C06640,Hyderabad,Organic,2025-04-26
C06641,Thrissur,Instagram,2025-07-14
C06642,Bangalore,Influencer,2024-10-13
C06643,Mumbai,Instagram,2025-08-01
C06644,Kollam,Organic,2025-06-21
C06645,Thrissur,Influencer,2025-12-27
C06646,Calicut,Referral,2024-09-28
C06647,Bangalore,Referral,2024-12-17
C06648,Calicut,Instagram,2024-10-16
C06649,Chennai,Influencer,2024-11-03
C06650,Chennai,Referral,2025-07-20
C06651,Mysore,Referral,2025-10-21
C06652,Calicut,Organic,2025-03-12
C06653,Bangalore,Referral,2025-08-11
C06654,Chennai,Instagram,2024-11-27
C06655,Calicut,Organic,2024-08-05
C06656,Bangalore,Influencer,2025-04-15
C06657,Kollam,Referral,2024-07-04
C06658,Mumbai,Organic,2024-11-21
C06659,Chennai,Organic,2025-05-08
C06660,Mysore,Influencer,2025-08-17
C06661,Bangalore,Instagram,2025-05-23
C06662,Thrissur,Influencer,2024-10-25
C06663,Calicut,Instagram,2024-08-28
C06664,Hyderabad,Instagram,2025-06-30
C06665,Kollam,Influencer,2024-08-20
C06666,Calicut,Influencer,2024-07-12
C06667,TVM,Influencer,2024-10-09
C06668,Mysore,Instagram,2025-04-19
C06669,Thrissur,Organic,2025-12-09
C06670,Thrissur,Influencer,2025-06-11
C06671,TVM,Referral,2025-10-11
C06672,Chennai,Referral,2025-01-10
C06673,Hyderabad,Referral,2025-07-14
C06674,Kochi,Influencer,2025-01-30
C06675,Mumbai,Instagram,2025-01-15
C06676,Hyderabad,Influencer,2024-08-17
C06677,Kochi,Referral,2025-01-31
C06678,Thrissur,Instagram,2025-02-08
C06679,Hyderabad,Instagram,2025-04-20
C06680,Mumbai,Influencer,2024-11-10
C06681,Mumbai,Organic,2024-07-03
C06682,Thrissur,Organic,2025-11-03
C06683,Mumbai,Influencer,2024-12-05
C06684,Mysore,Influencer,2024-10-14
C06685,Thrissur,Referral,2025-11-02
C06686,Kollam,Influencer,2024-07-26
C06687,Mysore,Referral,2024-10-29
C06688,Thrissur,Organic,2025-03-25
C06689,Kollam,Instagram,2025-03-07
C06690,Bangalore,Organic,2025-05-15
C06691,Bangalore,Organic,2025-10-15
C06692,TVM,Organic,2025-08-11
C06693,TVM,Instagram,2025-12-01
C06694,Mysore,Organic,2025-03-13
C06695,Kochi,Instagram,2024-11-03
C06696,Chennai,Organic,2024-11-21
C06697,Coimbatore,Organic,2025-05-04
C06698,TVM,Influencer,2025-02-10
C06699,Mumbai,Influencer,2024-12-24
C06700,Thrissur,Organic,2025-04-29
C06701,Mumbai,Instagram,2025-11-24
C06702,Thrissur,Referral,2024-11-28
C06703,Kottayam,Organic,2025-07-22
C06704,Kochi,Influencer,2025-09-12
C06705,Coimbatore,Organic,2024-08-30
C06706,Mysore,Influencer,2025-01-31
C06707,Hyderabad,Instagram,2025-10-11
C06708,Cochin,Influencer,2025-04-10
C06709,Kollam,Instagram,2024-07-11
C06710,Calicut,Instagram,2024-09-19
C06711,Kollam,Influencer,2024-10-03
C06712,Hyderabad,,2024-12-29
C06713,Cochin,Organic,2025-11-06
C06714,Mumbai,Referral,2024-12-10
C06715,Kochi,Referral,2024-11-24
C06716,Chennai,Organic,2025-07-05
C06717,Kottayam,Organic,2025-01-03
C06718,Thrissur,Influencer,2025-01-24
C06719,TVM,Influencer,2024-12-29
C06720,Chennai,Referral,2025-02-20
C06721,Mysore,Instagram,2025-07-03
C06722,Kochi,,2024-11-06
C06723,Calicut,Organic,2024-12-20
C06724,Kollam,Referral,2024-09-24
C06725,Mysore,Influencer,2024-12-04
C06726,Kochi,Organic,2025-09-08
C06727,Bangalore,Instagram,2025-03-09
C06728,Mumbai,Influencer,2024-12-09
C06729,Bangalore,Instagram,2025-06-14
C06730,Mumbai,Organic,2025-11-08
C06731,Bangalore,Organic,2025-09-28
C06732,Kottayam,Influencer,2025-04-29
C06733,Hyderabad,Organic,2025-06-07
C06734,Kollam,Organic,2024-07-12
C06735,Mumbai,Organic,2024-09-26
C06736,Chennai,Instagram,2024-08-13
C06737,Kottayam,Influencer,2025-04-02
C06738,Hyderabad,Organic,2025-07-15
C06739,Bangalore,Organic,2025-10-16
C06740,Cochin,Organic,2025-03-23
C06741,Chennai,Referral,2024-08-24
C06742,Calicut,Referral,2025-06-06
C06743,Kottayam,Instagram,2024-12-04
C06744,Thrissur,Referral,2025-09-30
C06745,Bangalore,Influencer,2024-11-14
C06746,Chennai,Referral,2024-07-31
C06747,Thrissur,Influencer,2024-12-27
C06748,Kochi,Organic,2025-08-18
C06749,Kottayam,Referral,2025-10-01
C06750,Chennai,Referral,2025-01-05
C06751,Bangalore,Influencer,2025-12-10
C06752,Kochi,Referral,2025-02-24
C06753,Mumbai,Instagram,2025-02-07
C06754,TVM,Instagram,2024-08-07
C06755,Bangalore,Influencer,2025-10-08
C06756,Calicut,Influencer,2024-07-31
C06757,Calicut,Influencer,2024-07-14
C06758,TVM,Instagram,2025-06-12
C06759,Coimbatore,Organic,2025-12-14
C06760,Bangalore,Organic,2025-12-08
C06761,Thrissur,Instagram,2024-12-05
C06762,Coimbatore,Referral,2024-09-04
C06763,Thrissur,Influencer,2025-12-16
C06764,Thrissur,Referral,2025-02-21
C06765,Thrissur,Referral,2024-07-03
C06766,Mumbai,Instagram,2025-09-23
C06767,Hyderabad,Referral,2024-08-15
C06768,Chennai,Influencer,2024-09-24
C06769,Hyderabad,Organic,2025-08-23
C06770,Kottayam,Referral,2025-09-25
C06771,Cochin,Referral,2024-10-03
C06772,Mumbai,Organic,2024-12-02
C06773,Calicut,Instagram,2025-11-13
C06774,TVM,Influencer,2025-07-14
C06775,TVM,Referral,2025-12-19
C06776,Kochi,Influencer,2025-08-04
C06777,TVM,Instagram,2025-03-02
C06778,Coimbatore,Influencer,2025-06-19
C06779,TVM,Influencer,2025-07-26
C06780,Chennai,Referral,2024-10-30
C06781,Kochi,Instagram,2025-09-16
C06782,Mumbai,Influencer,2025-05-07
C06783,Mysore,Instagram,2025-01-29
C06784,Kochi,Instagram,2025-05-31
C06785,Calicut,Instagram,2025-07-29
C06786,Kollam,Organic,2024-08-05
C06787,Mumbai,Referral,2025-12-01
C06788,Hyderabad,Referral,2025-09-22
C06789,Thrissur,Instagram,2024-08-22
C06790,TVM,Organic,2025-05-03
C06791,Kottayam,Instagram,2024-10-27
C06792,TVM,Instagram,2025-12-25
C06793,TVM,Organic,2024-10-01
C06794,TVM,Influencer,2025-11-20
C06795,Bangalore,Referral,2025-02-13
C06796,Kochi,Organic,2024-07-03
C06797,Kochi,Referral,2024-08-27
C06798,TVM,Referral,2024-10-02
C06799,TVM,Organic,2025-03-19
C06800,TVM,Organic,2025-11-09
C06801,Calicut,Influencer,2024-12-05
C06802,Chennai,Influencer,2025-05-29
C06803,Kottayam,Referral,2025-08-26
C06804,TVM,Instagram,2024-08-28
C06805,Calicut,Referral,2025-06-19
C06806,Calicut,Influencer,2025-11-18
C06807,Calicut,Influencer,2024-11-19
C06808,Chennai,Influencer,2024-12-23
C06809,Bangalore,Influencer,2025-08-08
C06810,Mysore,Organic,2025-05-30
C06811,Kottayam,Referral,2025-07-13
C06812,Coimbatore,Organic,2025-07-24
C06813,Kochi,Referral,2025-08-10
C06814,Cochin,Instagram,2025-09-19
C06815,Chennai,Referral,2024-11-14
C06816,Chennai,Referral,2025-05-29
C06817,Mumbai,Organic,2025-01-14
C06818,Bangalore,Organic,2025-06-06
C06819,Hyderabad,Instagram,2025-07-16
C06820,TVM,Referral,2024-07-19
C06821,Chennai,Influencer,2025-12-24
C06822,Kollam,Referral,2025-11-12
C06823,Kollam,Organic,2025-08-18
C06824,Mumbai,,2024-07-18
C06825,Calicut,Instagram,2025-11-21
C06826,Bangalore,Influencer,2024-09-26
C06827,Mumbai,Instagram,2025-03-18
C06828,Mysore,Instagram,2024-07-20
C06829,Mysore,Referral,2025-07-01
C06830,Coimbatore,Organic,2025-06-14
C06831,Cochin,Instagram,2024-08-09
C06832,Kottayam,Organic,2025-06-09
C06833,Kollam,Organic,2025-01-02
C06834,TVM,Organic,2025-11-02
C06835,TVM,Influencer,2025-05-22
C06836,Coimbatore,Referral,2025-09-24
C06837,Bangalore,Instagram,2025-12-13
C06838,Hyderabad,,2024-07-30
C06839,Kochi,Referral,2025-07-16
C06840,Mysore,Referral,2024-11-14
C06841,Coimbatore,Referral,2024-11-27
C06842,Calicut,Influencer,2025-08-30
C06843,Thrissur,Referral,2025-11-29
C06844,Chennai,Organic,2024-11-04
C06845,Chennai,Influencer,2025-05-08
C06846,Thrissur,Instagram,2024-11-04
C06847,TVM,Referral,2025-06-28
C06848,Calicut,Referral,2024-10-20
C06849,Coimbatore,Organic,2025-07-16
C06850,Mysore,Instagram,2024-10-20
C06851,Hyderabad,Instagram,2024-12-19
C06852,Hyderabad,Organic,2025-11-23
C06853,Calicut,Referral,2025-04-13
C06854,Cochin,Referral,2024-11-19
C06855,Coimbatore,Organic,2025-03-18
C06856,Bangalore,Influencer,2025-07-19
C06857,Thrissur,Influencer,2025-10-14
C06858,Coimbatore,Influencer,2025-01-21
C06859,Kottayam,Organic,2025-05-30
C06860,Calicut,Influencer,2025-10-26
C06861,Coimbatore,Influencer,2025-09-28
C06862,TVM,Referral,2024-08-01
C06863,TVM,Instagram,2025-08-05
C06864,Mumbai,Instagram,2024-11-29
C06865,Calicut,Instagram,2025-12-17
C06866,Calicut,Organic,2025-07-20
C06867,Kochi,Organic,2025-05-16
C06868,Kottayam,Instagram,2024-11-29
C06869,Hyderabad,Organic,2024-10-22
C06870,Hyderabad,Referral,2025-01-26
C06871,Mumbai,Instagram,2025-08-21
C06872,Bangalore,Influencer,2025-05-05
C06873,Mysore,Organic,2025-09-13
C06874,Kottayam,Referral,2025-03-03
C06875,Mumbai,Influencer,2025-03-18
C06876,Mysore,Referral,2025-06-29
C06877,Mumbai,Instagram,2025-10-23
C06878,Bangalore,Influencer,2025-11-06
C06879,TVM,Instagram,2024-07-19
C06880,Bangalore,Referral,2025-12-18
C06881,Kottayam,Organic,2025-12-14
C06882,TVM,Influencer,2025-05-01
C06883,Mumbai,Organic,2025-01-22
C06884,Calicut,Influencer,2025-11-09
C06885,Thrissur,Instagram,2024-11-27
C06886,Kochi,Instagram,2025-06-04
C06887,TVM,Instagram,2025-06-04
C06888,Mysore,Influencer,2025-07-27
C06889,Bangalore,Referral,2025-02-14
C06890,TVM,Organic,2025-06-25
C06891,TVM,Influencer,2025-03-06
C06892,Kochi,Referral,2024-07-17
C06893,Hyderabad,Organic,2025-08-10
C06894,Chennai,Instagram,2024-07-08
C06895,Thrissur,Referral,2024-10-13
C06896,Bangalore,Instagram,2025-07-06
C06897,Hyderabad,Organic,2025-02-20
C06898,Kollam,Referral,2025-06-02
C06899,Thrissur,Influencer,2025-06-26
C06900,Kottayam,Influencer,2025-08-31
C06901,Calicut,Organic,2024-09-23
C06902,Calicut,Instagram,2025-02-17
C06903,Mumbai,Referral,2024-09-01
C06904,Kollam,Organic,2025-06-02
C06905,Chennai,Referral,2024-08-09
C06906,Thrissur,Instagram,2025-01-20
C06907,Bangalore,Referral,2025-09-14
C06908,Calicut,Instagram,2024-07-07
C06909,Kollam,Organic,2024-12-10
C06910,Thrissur,Referral,2025-05-29
C06911,Kottayam,Organic,2025-06-13
C06912,Kottayam,Influencer,2025-07-27
C06913,Thrissur,Influencer,2024-12-01
C06914,Mysore,Organic,2025-07-07
C06915,Thrissur,Referral,2024-07-20
C06916,Chennai,Instagram,2025-04-08
C06917,Mumbai,Influencer,2025-01-26
C06918,Hyderabad,Influencer,2025-09-02
C06919,Coimbatore,Instagram,2025-06-25
C06920,Chennai,Organic,2024-10-18
C06921,Hyderabad,Organic,2025-11-24
C06922,Bangalore,Organic,2025-02-07
C06923,Hyderabad,Instagram,2025-05-26
C06924,Coimbatore,Influencer,2024-08-23
C06925,TVM,Referral,2024-09-09
C06926,Hyderabad,Referral,2024-11-08
C06927,Chennai,Organic,2024-10-03
C06928,Kollam,Organic,2025-09-19
C06929,Thrissur,Organic,2025-06-08
C06930,Kollam,Influencer,2025-07-26
C06931,Mysore,Organic,2025-08-11
C06932,Thrissur,Referral,2024-08-16
C06933,TVM,Instagram,2024-08-02
C06934,Kollam,Organic,2025-07-02
C06935,Kottayam,Referral,2025-11-10
C06936,Mumbai,Referral,2025-07-15
C06937,Kottayam,Influencer,2025-08-19
C06938,Cochin,Instagram,2025-03-26
C06939,Thrissur,Instagram,2025-07-05
C06940,Mysore,Instagram,2025-08-09
C06941,Hyderabad,Referral,2024-11-13
C06942,Kollam,Organic,2025-10-01
C06943,Hyderabad,Instagram,2025-08-25
C06944,Thrissur,Instagram,2025-07-11
C06945,Mysore,Referral,2025-06-01
C06946,Hyderabad,Instagram,2024-09-16
C06947,Kollam,,2025-06-16
C06948,Chennai,Referral,2024-07-23
C06949,Mumbai,Referral,2025-01-08
C06950,Hyderabad,Instagram,2025-02-13
C06951,Calicut,Influencer,2025-12-27
C06952,Chennai,Influencer,2025-07-25
C06953,Chennai,Influencer,2025-12-08
C06954,Mumbai,Organic,2024-09-01
C06955,Kochi,,2024-11-03
C06956,Chennai,Referral,2025-06-21
C06957,TVM,Organic,2025-08-29
C06958,Chennai,Organic,2025-09-09
C06959,Kottayam,Influencer,2025-01-16
C06960,Kottayam,Instagram,2025-06-04
C06961,Coimbatore,Influencer,2025-03-12
C06962,Calicut,Organic,2025-10-05
C06963,Thrissur,Organic,2024-09-06
C06964,Kochi,Organic,2025-11-24
C06965,Mumbai,Instagram,2025-12-09
C06966,Mysore,Instagram,2024-07-18
C06967,Kochi,Organic,2025-05-24
C06968,Mysore,Instagram,2025-04-16
C06969,Kottayam,Organic,2025-07-26
C06970,Thrissur,Organic,2024-12-26
C06971,Mumbai,Organic,2025-09-04
C06972,Hyderabad,Organic,2024-10-23
C06973,Mysore,Instagram,2025-01-31
C06974,Thrissur,Referral,2025-02-05
C06975,Mumbai,Influencer,2025-10-23
C06976,Mumbai,Organic,2024-11-08
C06977,Kollam,Instagram,2024-07-20
C06978,Mysore,Organic,2025-07-19
C06979,Hyderabad,Organic,2025-03-17
C06980,Hyderabad,Referral,2024-07-02
C06981,Kottayam,Influencer,2025-07-06
C06982,Thrissur,Instagram,2024-08-18
C06983,Bangalore,Organic,2025-07-06
C06984,Bangalore,Referral,2025-02-04
C06985,Kochi,Instagram,2024-11-13
C06986,Hyderabad,Instagram,2024-08-31
C06987,Mumbai,Influencer,2025-07-03
C06988,TVM,Organic,2025-11-12
C06989,Hyderabad,Instagram,2024-09-06
C06990,Hyderabad,Referral,2024-11-25
C06991,Mysore,Referral,2025-06-26
C06992,Hyderabad,Influencer,2024-09-10
C06993,Thrissur,Influencer,2025-01-24
C06994,Kottayam,Referral,2024-10-31
C06995,Cochin,Instagram,2025-08-27
C06996,Mysore,Influencer,2025-04-25
C06997,Mumbai,Influencer,2025-10-12
C06998,TVM,Influencer,2025-11-18
C06999,Calicut,Instagram,2024-11-26
C07000,Thrissur,Referral,2025-04-03
C07001,Calicut,Instagram,2024-07-15
C07002,Chennai,Referral,2025-06-12
C07003,Calicut,Organic,2025-12-05
C07004,Kottayam,Instagram,2024-07-25
C07005,Thrissur,Instagram,2025-04-02
C07006,Kottayam,Instagram,2024-11-29
C07007,Mysore,Instagram,2024-08-05
C07008,Cochin,Instagram,2025-03-25
C07009,Coimbatore,Instagram,2025-11-12
C07010,Kottayam,Instagram,2025-08-21
C07011,Chennai,Referral,2025-12-25
C07012,Coimbatore,Instagram,2025-03-17
C07013,Calicut,Instagram,2025-08-14
C07014,Chennai,Influencer,2024-08-27
C07015,TVM,Influencer,2025-12-24
C07016,Cochin,Referral,2025-01-25
C07017,Hyderabad,Instagram,2024-12-23
C07018,Chennai,Organic,2025-03-10
C07019,Kollam,Referral,2025-02-27
C07020,Hyderabad,Influencer,2025-03-25
C07021,TVM,Referral,2024-12-23
C07022,TVM,Referral,2024-10-14
C07023,Mysore,Organic,2024-09-29
C07024,Mysore,Influencer,2024-08-13
C07025,Chennai,Organic,2025-01-31
C07026,Mumbai,Instagram,2024-08-13
C07027,Mumbai,Referral,2024-12-26
C07028,Kochi,Organic,2024-10-24
C07029,Hyderabad,Influencer,2025-11-09
C07030,Coimbatore,Organic,2025-07-24
C07031,Chennai,Organic,2025-07-21
C07032,Bangalore,Organic,2025-06-12
C07033,Thrissur,Referral,2025-11-18
C07034,Mumbai,Influencer,2024-09-20
C07035,Coimbatore,Influencer,2025-01-10
C07036,Thrissur,Influencer,2024-10-20
C07037,Chennai,Organic,2025-05-24
C07038,Kollam,Influencer,2025-02-24
C07039,Mysore,Organic,2024-08-13
C07040,Kollam,Organic,2024-11-17
C07041,Mysore,Influencer,2025-09-30
C07042,Mysore,,2025-12-27
C07043,Kollam,Referral,2024-10-28
C07044,Mysore,Referral,2024-10-14
C07045,Kochi,Influencer,2025-09-09
C07046,Kottayam,Organic,2025-01-12
C07047,Kochi,Referral,2025-10-27
C07048,Calicut,Organic,2024-08-03
C07049,Calicut,Referral,2025-11-30
C07050,Cochin,Organic,2025-08-29
C07051,Calicut,Influencer,2025-01-24
C07052,Kochi,Referral,2025-03-12
C07053,Mysore,Influencer,2024-07-12
C07054,Kollam,Referral,2024-09-18
C07055,Mumbai,Instagram,2025-08-29
C07056,Bangalore,Influencer,2025-09-13
C07057,Chennai,Instagram,2025-06-09
C07058,TVM,Instagram,2025-04-11
C07059,Bangalore,Influencer,2025-01-06
C07060,Mumbai,Influencer,2025-09-28
C07061,Calicut,Influencer,2025-04-03
C07062,Thrissur,Influencer,2025-08-19
C07063,Kochi,Organic,2025-03-13
C07064,Mysore,Influencer,2024-10-14
C07065,Thrissur,Instagram,2025-07-20
C07066,TVM,Influencer,2024-07-20
C07067,Kollam,Organic,2025-04-16
C07068,Kottayam,Referral,2025-01-27
C07069,Thrissur,Referral,2025-08-31
C07070,Chennai,Referral,2025-01-24
C07071,Cochin,Organic,2024-10-24
C07072,Kottayam,Influencer,2025-01-23
C07073,Coimbatore,Influencer,2025-10-24
C07074,Calicut,Influencer,2025-07-13
C07075,Cochin,Instagram,2025-02-13
C07076,TVM,Influencer,2024-08-29
C07077,Bangalore,Organic,2025-03-05
C07078,Hyderabad,Organic,2025-04-06
C07079,Hyderabad,Organic,2025-08-29
C07080,Kottayam,Referral,2025-01-30
C07081,Bangalore,Referral,2024-11-08
C07082,Kottayam,Referral,2024-09-11
C07083,Coimbatore,Instagram,2024-12-19
C07084,Coimbatore,Referral,2025-11-01
C07085,Kottayam,Referral,2024-11-22
C07086,Kollam,Organic,2025-08-21
C07087,Kottayam,Influencer,2025-08-20
C07088,Thrissur,Organic,2025-02-07
C07089,Calicut,Organic,2025-05-26
C07090,Thrissur,Influencer,2025-11-23
C07091,Kollam,Influencer,2024-07-31
C07092,Hyderabad,Influencer,2025-04-05
C07093,Mumbai,Referral,2024-09-24
C07094,Kottayam,Influencer,2025-04-29
C07095,Coimbatore,Influencer,2025-12-19
C07096,Hyderabad,Influencer,2024-08-17
C07097,Mysore,Organic,2025-06-16
C07098,Hyderabad,Influencer,2025-10-20
C07099,Mysore,Influencer,2024-07-29
C07100,Calicut,Organic,2025-10-18
C07101,Coimbatore,Influencer,2025-04-24
C07102,Kottayam,Influencer,2025-09-01
C07103,Hyderabad,Organic,2024-08-18
C07104,Kochi,Instagram,2024-12-13
C07105,Thrissur,Instagram,2025-11-19
C07106,Kottayam,Referral,2025-04-05
C07107,TVM,Organic,2025-07-02
C07108,Mumbai,Organic,2025-07-27
C07109,Kochi,Instagram,2024-11-12
C07110,Kollam,Organic,2025-05-01
C07111,Kottayam,Influencer,2025-12-10
C07112,Mumbai,Instagram,2025-12-13
C07113,Hyderabad,Organic,2024-08-09
C07114,Calicut,,2025-07-30
C07115,Thrissur,Referral,2025-04-20
C07116,Cochin,Referral,2025-12-21
C07117,TVM,Organic,2025-02-05
C07118,Thrissur,Organic,2024-09-21
C07119,Hyderabad,Instagram,2025-06-16
C07120,Kottayam,Instagram,2024-12-01
C07121,TVM,Instagram,2025-02-25
C07122,Kochi,Organic,2025-10-19
C07123,Calicut,Organic,2025-01-13
C07124,Calicut,Referral,2025-07-03
C07125,Hyderabad,Referral,2024-07-02
C07126,Chennai,Referral,2025-11-10
C07127,Mumbai,Instagram,2025-01-06
C07128,Calicut,Organic,2024-07-24
C07129,Kottayam,Referral,2024-08-02
C07130,Thrissur,Referral,2025-08-10
C07131,Kochi,Instagram,2025-06-09
C07132,TVM,Referral,2025-02-08
C07133,Bangalore,Instagram,2024-07-28
C07134,Mumbai,Referral,2025-04-30
C07135,Chennai,Influencer,2024-11-01
C07136,TVM,Referral,2024-11-29
C07137,TVM,Influencer,2025-01-11
C07138,Kottayam,Referral,2025-03-25
C07139,Calicut,Instagram,2025-05-17
C07140,Chennai,Influencer,2024-11-30
C07141,TVM,,2025-06-01
C07142,Calicut,Influencer,2025-01-23
C07143,Bangalore,Referral,2025-10-07
C07144,Chennai,Influencer,2025-06-01
C07145,Coimbatore,Influencer,2025-07-19
C07146,Chennai,Referral,2025-11-02
C07147,Cochin,,2025-01-14
C07148,Mysore,Organic,2024-08-24
C07149,Kottayam,Influencer,2024-07-31
C07150,Bangalore,Organic,2025-03-12
C07151,Kochi,Instagram,2025-11-21
C07152,Bangalore,Referral,2025-09-14
C07153,Coimbatore,Referral,2025-07-19
C07154,Thrissur,Instagram,2025-02-19
C07155,Kochi,Influencer,2025-03-29
C07156,Hyderabad,Organic,2024-11-06
C07157,Mysore,Organic,2025-12-24
C07158,Mumbai,Influencer,2025-09-12
C07159,Hyderabad,Organic,2025-08-15
C07160,TVM,Instagram,2024-08-04
C07161,Kochi,Influencer,2025-07-27
C07162,Coimbatore,Influencer,2024-08-12
C07163,Kollam,,2025-11-20
C07164,Thrissur,Influencer,2024-11-16
C07165,Hyderabad,Influencer,2025-11-19
C07166,Thrissur,,2024-07-20
C07167,Kottayam,Organic,2025-03-21
C07168,Mumbai,Referral,2025-10-25
C07169,Mysore,Instagram,2024-11-27
C07170,TVM,Organic,2024-09-24
C07171,Kochi,Organic,2025-10-29
C07172,Kottayam,,2025-11-29
C07173,Kollam,Referral,2025-02-13
C07174,Kochi,Referral,2024-12-01
C07175,Mysore,Influencer,2024-09-27
C07176,Bangalore,Influencer,2025-04-06
C07177,Calicut,Instagram,2025-12-23
C07178,Mysore,Instagram,2025-11-08
C07179,Kochi,Organic,2025-05-29
C07180,Coimbatore,Instagram,2025-02-09
C07181,Mumbai,Referral,2025-02-25
C07182,Coimbatore,Instagram,2024-09-26
C07183,Chennai,Organic,2024-07-29
C07184,Mumbai,Organic,2025-07-08
C07185,TVM,Referral,2025-06-20
C07186,Kollam,Referral,2025-12-30
C07187,Mumbai,Organic,2024-08-25
C07188,Hyderabad,Referral,2025-05-11
C07189,Chennai,Referral,2024-08-19
C07190,Chennai,Organic,2025-07-29
C07191,Chennai,Referral,2024-09-01
C07192,Kottayam,Organic,2025-02-22
C07193,Bangalore,Influencer,2024-10-01
C07194,Hyderabad,Organic,2025-12-19
C07195,Coimbatore,Referral,2025-08-17
C07196,Kottayam,Organic,2025-12-07
C07197,TVM,Instagram,2025-05-16
C07198,Coimbatore,Instagram,2024-08-26
C07199,Chennai,Influencer,2024-09-06
C07200,Mumbai,Organic,2025-12-04
C07201,Kochi,Organic,2025-07-09
C07202,Kochi,Referral,2025-11-24
C07203,Coimbatore,Referral,2024-11-05
C07204,Mysore,Organic,2025-09-09
C07205,Thrissur,Organic,2024-10-02
C07206,Hyderabad,Instagram,2025-12-31
C07207,Chennai,Instagram,2025-09-30
C07208,Thrissur,Organic,2025-02-04
C07209,Mysore,Referral,2025-06-18
C07210,Kottayam,Referral,2025-02-11
C07211,Kollam,Instagram,2024-12-16
C07212,TVM,Instagram,2025-11-11
C07213,Coimbatore,Organic,2025-10-15
C07214,Chennai,Influencer,2025-06-27
C07215,Mumbai,Organic,2025-07-16
C07216,Bangalore,Influencer,2025-02-15
C07217,Calicut,Organic,2025-02-07
C07218,Calicut,Referral,2024-10-01
C07219,Kollam,Referral,2025-03-27
C07220,Mumbai,Referral,2024-12-29
C07221,Bangalore,Organic,2025-08-06
C07222,Calicut,Referral,2025-12-29
C07223,Thrissur,Referral,2024-07-12
C07224,Hyderabad,Referral,2024-07-29
C07225,Chennai,Referral,2025-04-08
C07226,Kottayam,Organic,2025-09-30
C07227,Calicut,Influencer,2025-12-14
C07228,Chennai,Organic,2025-06-07
C07229,Chennai,Referral,2025-07-11
C07230,Kochi,Instagram,2025-01-17
C07231,Coimbatore,,2025-12-09
C07232,Thrissur,Referral,2025-06-26
C07233,Kollam,Influencer,2024-08-18
C07234,Kollam,Referral,2025-05-03
C07235,Mysore,Organic,2025-04-05
C07236,TVM,Influencer,2025-09-24
C07237,Hyderabad,Referral,2025-01-08
C07238,Cochin,Influencer,2025-09-25
C07239,TVM,Influencer,2024-08-19
C07240,Hyderabad,Organic,2025-02-18
C07241,Mysore,Instagram,2024-12-16
C07242,Hyderabad,Influencer,2024-11-06
C07243,Thrissur,Instagram,2025-09-08
C07244,Mysore,Influencer,2024-09-28
C07245,Kollam,Influencer,2025-04-06
C07246,Kollam,Instagram,2024-12-24
C07247,Coimbatore,Organic,2025-09-27
C07248,Calicut,Instagram,2024-09-25
C07249,Cochin,Instagram,2024-07-08
C07250,Kochi,Referral,2024-11-18
C07251,Mysore,Influencer,2025-10-30
C07252,Calicut,Referral,2025-08-23
C07253,Mumbai,Influencer,2024-11-08
C07254,Cochin,Referral,2025-06-07
C07255,Calicut,Instagram,2025-12-25
C07256,TVM,Instagram,2025-03-17
C07257,Bangalore,Referral,2024-08-22
C07258,Bangalore,Referral,2025-03-12
C07259,Kollam,Instagram,2025-04-30
C07260,Mysore,Influencer,2025-01-24
C07261,Hyderabad,Influencer,2025-01-25
C07262,Cochin,Instagram,2025-07-23
C07263,Hyderabad,Influencer,2024-12-21
C07264,Kottayam,Referral,2025-09-15
C07265,TVM,Influencer,2025-02-13
C07266,TVM,Instagram,2025-01-07
C07267,Mysore,Instagram,2024-10-13
C07268,Kollam,Referral,2025-01-04
C07269,Mumbai,Referral,2025-05-09
C07270,Kollam,Influencer,2025-10-14
C07271,Coimbatore,Influencer,2025-02-25
C07272,Kottayam,Referral,2025-10-13
C07273,Kottayam,Organic,2024-11-25
C07274,Kochi,Influencer,2025-02-13
C07275,Coimbatore,Influencer,2025-09-04
C07276,Calicut,Referral,2025-11-08
C07277,Kochi,Organic,2025-01-11
C07278,Kottayam,Instagram,2025-06-13
C07279,Calicut,Organic,2025-08-30
C07280,Hyderabad,Influencer,2025-05-26
C07281,Coimbatore,Organic,2025-08-28
C07282,Thrissur,Influencer,2025-09-05
C07283,Hyderabad,Organic,2024-08-15
C07284,Cochin,Instagram,2025-06-23
C07285,Kottayam,Instagram,2025-06-25
C07286,Mysore,Influencer,2025-01-13
C07287,Bangalore,Organic,2024-12-17
C07288,Kottayam,Instagram,2025-04-26
C07289,Hyderabad,Instagram,2024-11-12
C07290,TVM,Referral,2025-08-08
C07291,Kottayam,Referral,2024-08-12
C07292,Kollam,Organic,2025-08-27
C07293,Hyderabad,Organic,2025-08-10
C07294,Mumbai,Influencer,2025-12-08
C07295,Chennai,Referral,2025-08-16
C07296,TVM,Influencer,2024-10-26
C07297,Coimbatore,Organic,2024-12-17
C07298,Cochin,Instagram,2024-12-04
C07299,Chennai,Influencer,2025-02-21
C07300,Kottayam,Organic,2025-01-25
C07301,Kottayam,Instagram,2025-09-13
C07302,Kottayam,Referral,2025-01-24
C07303,Chennai,Influencer,2025-04-16
C07304,Chennai,Organic,2025-02-14
C07305,Mysore,Referral,2024-10-08
C07306,Kottayam,Organic,2024-11-15
C07307,TVM,Influencer,2024-11-25
C07308,Bangalore,Organic,2025-07-11
C07309,Thrissur,Referral,2025-06-21
C07310,Chennai,Referral,2025-12-02
C07311,Thrissur,Referral,2025-07-15
C07312,Kollam,Organic,2024-12-24
C07313,Hyderabad,,2024-12-06
C07314,Cochin,Organic,2025-11-14
C07315,Thrissur,Organic,2025-02-20
C07316,Kochi,Instagram,2025-03-06
C07317,Calicut,Instagram,2025-12-01
C07318,Mumbai,Influencer,2024-12-08
C07319,Thrissur,Organic,2025-01-21
C07320,Kottayam,Organic,2025-06-30
C07321,Calicut,Referral,2025-05-28
C07322,Mumbai,Instagram,2025-08-18
C07323,Thrissur,Influencer,2024-10-01
C07324,Mysore,Influencer,2025-01-25
C07325,Kottayam,Influencer,2024-08-01
C07326,Thrissur,Referral,2025-02-25
C07327,Mysore,Referral,2025-12-16
C07328,Mumbai,Instagram,2025-08-27
C07329,Calicut,Organic,2025-05-08
C07330,Thrissur,Instagram,2024-09-07
C07331,Mysore,Influencer,2025-12-23
C07332,Chennai,Influencer,2024-12-13
C07333,Coimbatore,Referral,2025-02-07
C07334,Kottayam,Referral,2024-11-01
C07335,TVM,Influencer,2025-10-30
C07336,Kollam,Instagram,2025-03-09
C07337,Mumbai,Influencer,2024-10-15
C07338,Cochin,Influencer,2025-07-04
C07339,Kollam,Instagram,2025-07-06
C07340,Kollam,Organic,2024-10-14
C07341,Kochi,Instagram,2025-10-25
C07342,Kochi,Instagram,2025-10-12
C07343,Bangalore,Instagram,2025-09-16
C07344,Hyderabad,Instagram,2025-07-06
C07345,Kottayam,Instagram,2024-12-15
C07346,TVM,Referral,2025-12-21
C07347,TVM,Influencer,2025-08-20
C07348,TVM,Influencer,2025-03-12
C07349,Hyderabad,Influencer,2024-07-11
C07350,TVM,Influencer,2025-04-07
C07351,Kochi,Influencer,2025-07-23
C07352,Kottayam,Organic,2024-07-26
C07353,Calicut,Influencer,2025-05-18
C07354,Bangalore,Referral,2025-04-18
C07355,Coimbatore,Organic,2025-03-31
C07356,Hyderabad,Influencer,2025-12-11
C07357,Kochi,Influencer,2025-04-03
C07358,Thrissur,Referral,2024-07-23
C07359,TVM,Instagram,2024-08-22
C07360,TVM,Organic,2025-06-18
C07361,Calicut,Instagram,2025-09-19
C07362,Coimbatore,Organic,2025-07-05
C07363,Kollam,Referral,2025-02-25
C07364,Thrissur,Referral,2025-11-09
C07365,TVM,Organic,2024-11-29
C07366,Hyderabad,Instagram,2024-11-17
C07367,Thrissur,Organic,2025-07-03
C07368,Bangalore,Instagram,2024-08-10
C07369,Mysore,Organic,2024-10-16
C07370,Kottayam,Referral,2025-09-06
C07371,TVM,Influencer,2025-09-27
C07372,Mumbai,Influencer,2024-08-23
C07373,Cochin,Organic,2025-09-07
C07374,Kottayam,Instagram,2025-05-31
C07375,Chennai,Influencer,2025-12-18
C07376,Thrissur,Influencer,2024-11-30
C07377,Chennai,Influencer,2024-08-21
C07378,Kottayam,Referral,2025-10-23
C07379,Chennai,Organic,2025-03-07
C07380,Kottayam,Instagram,2024-10-12
C07381,Coimbatore,Organic,2025-08-10
C07382,Coimbatore,Referral,2024-11-29
C07383,Coimbatore,Influencer,2025-08-10
C07384,Calicut,Instagram,2024-08-13
C07385,Mumbai,Organic,2024-10-13
C07386,Chennai,Influencer,2025-02-09
C07387,Kochi,Organic,2025-01-21
C07388,Kollam,Instagram,2025-07-11
C07389,Mumbai,Instagram,2025-03-30
C07390,Mumbai,Organic,2024-10-29
C07391,Chennai,Influencer,2024-09-28
C07392,Coimbatore,Influencer,2025-09-10
C07393,Kochi,Influencer,2025-05-03
C07394,Bangalore,Referral,2024-08-31
C07395,Bangalore,Referral,2025-04-09
C07396,TVM,Instagram,2024-08-28
C07397,Chennai,Referral,2024-09-09
C07398,Coimbatore,Referral,2025-03-07
C07399,Calicut,Influencer,2025-09-04
C07400,Kottayam,Referral,2024-10-02
C07401,Mumbai,Referral,2024-09-22
C07402,Chennai,Organic,2025-07-10
C07403,Bangalore,Influencer,2025-12-25
C07404,Coimbatore,Organic,2024-08-15
C07405,Coimbatore,Referral,2025-04-07
C07406,Mysore,Referral,2025-11-25
C07407,Kottayam,Organic,2025-01-03
C07408,Mysore,Instagram,2025-04-07
C07409,Hyderabad,Referral,2025-04-07
C07410,Thrissur,Referral,2025-01-02
C07411,Hyderabad,Referral,2025-12-11
C07412,Bangalore,Referral,2025-10-04
C07413,Mysore,,2025-09-29
C07414,Mumbai,Instagram,2025-11-01
C07415,TVM,Instagram,2025-06-10
C07416,Coimbatore,Organic,2024-09-13
C07417,Calicut,Influencer,2024-10-12
C07418,Mumbai,Influencer,2025-03-14
C07419,TVM,Organic,2025-03-26
C07420,Mumbai,Organic,2025-10-04
C07421,Coimbatore,Organic,2025-03-31
C07422,Mumbai,Referral,2024-07-16
C07423,Coimbatore,Influencer,2025-08-24
C07424,Chennai,Referral,2025-04-07
C07425,Mumbai,Instagram,2025-09-12
C07426,Kochi,Organic,2025-01-20
C07427,Thrissur,Referral,2024-12-28
C07428,Mumbai,,2024-10-23
C07429,Bangalore,Organic,2025-01-05
C07430,Thrissur,Instagram,2024-09-01
C07431,Kollam,Organic,2024-11-30
C07432,Mysore,Instagram,2024-10-12
C07433,Mumbai,Referral,2024-07-20
C07434,Kottayam,Instagram,2025-08-09
C07435,Coimbatore,Instagram,2025-02-22
C07436,Calicut,Instagram,2025-06-06
C07437,Mumbai,Organic,2025-10-05
C07438,Calicut,Instagram,2024-09-11
C07439,Mumbai,Referral,2025-07-16
C07440,Bangalore,Instagram,2025-09-06
C07441,Mysore,Influencer,2025-02-11
C07442,Mysore,Organic,2025-12-29
C07443,Mumbai,Referral,2025-09-27
C07444,Calicut,Influencer,2025-07-06
C07445,Kochi,Instagram,2025-05-01
C07446,Mysore,Organic,2025-09-19
C07447,Thrissur,Influencer,2025-02-12
C07448,Kottayam,Instagram,2025-06-13
C07449,Mumbai,Influencer,2025-03-05
C07450,Calicut,Influencer,2025-11-27
C07451,TVM,Instagram,2025-01-04
C07452,Thrissur,Influencer,2025-04-29
C07453,Calicut,Instagram,2025-06-13
C07454,Kochi,Referral,2025-01-23
C07455,Mysore,Referral,2025-08-08
C07456,Bangalore,Instagram,2024-09-12
C07457,TVM,Instagram,2024-08-07
C07458,Thrissur,Influencer,2025-02-07
C07459,Mysore,Instagram,2025-11-05
C07460,Bangalore,Influencer,2024-10-11
C07461,Calicut,Instagram,2025-08-21
C07462,Calicut,Organic,2024-11-16
C07463,TVM,Organic,2025-08-13
C07464,Bangalore,Influencer,2024-07-24
C07465,Chennai,Instagram,2025-02-15
C07466,Hyderabad,Instagram,2025-11-24
C07467,Hyderabad,Organic,2025-05-03
C07468,Chennai,Influencer,2025-09-24
C07469,Kochi,Influencer,2024-10-10
C07470,Mysore,Instagram,2025-05-25
C07471,Thrissur,Instagram,2024-07-22
C07472,Kottayam,Influencer,2025-03-25
C07473,TVM,Organic,2025-11-05
C07474,Thrissur,Organic,2025-01-26
C07475,Calicut,Instagram,2025-01-20
C07476,Kollam,Influencer,2025-07-17
C07477,Kottayam,Instagram,2025-01-22
C07478,TVM,Organic,2025-01-06
C07479,Mumbai,,2024-12-26
C07480,Calicut,Organic,2025-03-03
C07481,Kochi,Instagram,2025-10-21
C07482,Chennai,Organic,2025-02-04
C07483,Mumbai,Influencer,2025-08-14
C07484,Calicut,Instagram,2025-05-26
C07485,Bangalore,Referral,2024-11-01
C07486,Chennai,Organic,2025-12-19
C07487,Mysore,Referral,2025-08-29
C07488,Calicut,Organic,2025-06-11
C07489,Kottayam,Instagram,2025-05-02
C07490,Coimbatore,Referral,2025-08-24
C07491,Kochi,Organic,2024-12-03
C07492,Coimbatore,Influencer,2024-09-26
C07493,Cochin,Instagram,2024-12-31
C07494,Thrissur,Organic,2024-09-23
C07495,Kottayam,Instagram,2024-12-03
C07496,Hyderabad,Influencer,2025-02-23
C07497,Cochin,Referral,2025-06-20
C07498,Mysore,Instagram,2025-06-08
C07499,Kottayam,Influencer,2024-11-18
C07500,Calicut,Influencer,2025-11-22
C07501,TVM,Influencer,2025-03-19
C07502,Mysore,Influencer,2025-04-08
C07503,Mysore,Referral,2025-08-11
C07504,Mumbai,Referral,2025-12-01
C07505,Calicut,Instagram,2025-07-31
C07506,Coimbatore,Instagram,2025-11-22
C07507,Coimbatore,Referral,2025-02-24
C07508,Kollam,Organic,2025-09-24
C07509,Kollam,Referral,2024-10-21
C07510,Kottayam,Referral,2024-10-26
C07511,Mumbai,Instagram,2025-11-11
C07512,Kottayam,Organic,2025-03-18
C07513,Calicut,Instagram,2025-07-13
C07514,Coimbatore,Influencer,2024-09-19
C07515,Bangalore,,2024-12-19
C07516,Coimbatore,Referral,2025-03-09
C07517,Kollam,Referral,2025-01-10
C07518,Bangalore,Referral,2024-11-13
C07519,TVM,Organic,2024-12-10
C07520,Hyderabad,Organic,2025-06-02
C07521,Mysore,Organic,2025-06-14
C07522,Calicut,Influencer,2024-08-19
C07523,Kochi,Influencer,2025-05-23
C07524,Hyderabad,Referral,2025-05-22
C07525,Mumbai,Influencer,2024-10-12
C07526,Kochi,Referral,2025-09-20
C07527,Cochin,Organic,2025-09-07
C07528,Chennai,Influencer,2024-11-24
C07529,Mysore,Referral,2025-09-23
C07530,Hyderabad,Organic,2025-12-21
C07531,TVM,Referral,2025-06-14
C07532,Mysore,Referral,2025-09-13
C07533,Thrissur,Instagram,2025-02-09
C07534,Coimbatore,Organic,2024-08-05
C07535,Calicut,Referral,2024-09-24
C07536,Kollam,Influencer,2025-06-24
C07537,Kochi,Referral,2024-12-20
C07538,Chennai,Organic,2025-04-15
C07539,Mumbai,Influencer,2025-11-23
C07540,Calicut,Instagram,2024-07-31
C07541,Chennai,Instagram,2025-01-07
C07542,Hyderabad,Referral,2025-12-19
C07543,Mysore,Instagram,2024-11-22
C07544,Calicut,Instagram,2025-11-21
C07545,Coimbatore,Influencer,2025-08-18
C07546,Mysore,Organic,2025-01-28
C07547,Chennai,Instagram,2025-12-30
C07548,Bangalore,Referral,2025-10-13
C07549,Thrissur,Influencer,2025-02-26
C07550,Cochin,Instagram,2025-07-09
C07551,Hyderabad,Instagram,2024-12-31
C07552,Mumbai,Referral,2024-08-20
C07553,Calicut,Organic,2025-10-30
C07554,Kollam,Instagram,2025-05-06
C07555,Mysore,Referral,2025-05-16
C07556,Mumbai,Referral,2024-12-18
C07557,Coimbatore,Instagram,2025-07-23
C07558,Bangalore,Referral,2024-09-01
C07559,Coimbatore,Referral,2024-09-18
C07560,Chennai,Organic,2025-05-08
C07561,Bangalore,Instagram,2025-08-08
C07562,Coimbatore,,2024-08-30
C07563,Bangalore,Referral,2025-07-29
C07564,Coimbatore,Influencer,2024-10-15
C07565,Hyderabad,Referral,2025-10-27
C07566,Hyderabad,Organic,2024-12-30
C07567,Kochi,Referral,2024-10-04
C07568,Cochin,Referral,2025-11-20
C07569,Chennai,Instagram,2025-08-15
C07570,Hyderabad,Instagram,2025-03-05
C07571,Kochi,Instagram,2024-07-02
C07572,Calicut,Influencer,2025-07-02
C07573,Chennai,Instagram,2025-09-13
C07574,Chennai,Instagram,2025-12-30
C07575,Thrissur,Organic,2025-01-09
C07576,Hyderabad,Referral,2024-10-16
C07577,Mysore,Organic,2024-10-14
C07578,TVM,Organic,2025-04-13
C07579,Chennai,Instagram,2025-11-09
C07580,Kochi,Influencer,2025-11-08
C07581,Cochin,Instagram,2024-10-08
C07582,Thrissur,,2025-03-16
C07583,Chennai,Referral,2025-08-30
C07584,Calicut,Referral,2025-10-14
C07585,Mysore,Instagram,2024-09-28
C07586,Mumbai,Instagram,2025-10-01
C07587,Kollam,Referral,2025-09-04
C07588,Kochi,Referral,2025-01-12
C07589,TVM,Influencer,2025-01-26
C07590,Calicut,Instagram,2025-04-30
C07591,Hyderabad,Influencer,2024-08-10
C07592,Kottayam,Referral,2025-06-27
C07593,Kollam,Influencer,2024-12-03
C07594,Hyderabad,Influencer,2025-08-31
C07595,Mumbai,Referral,2025-06-12
C07596,TVM,Influencer,2024-07-24
C07597,Cochin,Instagram,2024-11-10
C07598,Thrissur,Organic,2024-08-03
C07599,Calicut,Referral,2025-08-28
C07600,Calicut,Referral,2025-01-16
C07601,Calicut,Instagram,2025-07-05
C07602,Chennai,Referral,2025-01-30
C07603,Coimbatore,Influencer,2025-06-13
C07604,Chennai,Influencer,2025-08-26
C07605,Bangalore,Organic,2025-04-08
C07606,Kochi,Organic,2024-07-09
C07607,Coimbatore,Organic,2025-06-11
C07608,Mysore,Influencer,2024-10-12
C07609,Hyderabad,Organic,2025-12-14
C07610,Bangalore,Organic,2024-10-19
C07611,Thrissur,Instagram,2025-03-06
C07612,Bangalore,Instagram,2025-07-15
C07613,Hyderabad,Influencer,2025-06-23
C07614,Thrissur,Referral,2025-06-05
C07615,Bangalore,Organic,2025-05-19
C07616,Chennai,Influencer,2025-07-28
C07617,Hyderabad,Instagram,2025-03-06
C07618,Mysore,Influencer,2025-11-27
C07619,Kochi,Instagram,2025-05-07
C07620,Thrissur,Organic,2025-09-24
C07621,Kochi,Influencer,2025-11-28
C07622,Kottayam,Referral,2025-07-14
C07623,Coimbatore,Influencer,2025-09-03
C07624,Kollam,Instagram,2025-09-21
C07625,Calicut,Instagram,2025-04-19
C07626,Kottayam,Referral,2024-07-28
C07627,Hyderabad,Referral,2024-12-12
C07628,Bangalore,Organic,2024-07-09
C07629,Kochi,Organic,2025-12-02
C07630,Coimbatore,Organic,2025-08-09
C07631,Hyderabad,Organic,2024-08-29
C07632,Mumbai,Instagram,2024-12-18
C07633,Calicut,Instagram,2024-12-17
C07634,TVM,Organic,2025-04-29
C07635,Bangalore,Influencer,2024-07-03
C07636,Hyderabad,Organic,2025-05-04
C07637,Coimbatore,Influencer,2024-07-31
C07638,Bangalore,Instagram,2025-09-09
C07639,Bangalore,Organic,2024-07-11
C07640,Kollam,Referral,2025-08-15
C07641,Mumbai,Influencer,2025-08-02
C07642,Kottayam,Influencer,2025-05-12
C07643,Mumbai,Influencer,2024-10-19
C07644,Hyderabad,Instagram,2025-04-21
C07645,Kollam,Organic,2024-08-13
C07646,Thrissur,Instagram,2025-06-08
C07647,Bangalore,Referral,2025-12-12
C07648,Cochin,Influencer,2025-05-28
C07649,Kottayam,Instagram,2025-02-02
C07650,Hyderabad,Influencer,2025-05-05
C07651,Kollam,Organic,2024-11-19
C07652,Chennai,Organic,2025-05-15
C07653,Kollam,Organic,2024-10-25
C07654,Mumbai,Organic,2024-07-02
C07655,TVM,Instagram,2024-07-10
C07656,Kollam,Organic,2025-11-09
C07657,Kollam,Organic,2025-11-18
C07658,TVM,Instagram,2024-10-08
C07659,Kottayam,Influencer,2025-06-06
C07660,Mumbai,Referral,2024-10-31
C07661,Hyderabad,Instagram,2025-04-13
C07662,TVM,Referral,2025-09-23
C07663,Calicut,Organic,2025-12-31
C07664,Kollam,Influencer,2024-09-01
C07665,Chennai,,2025-02-22
C07666,Calicut,Organic,2024-08-28
C07667,Kottayam,Instagram,2025-05-21
C07668,Kollam,Organic,2025-03-07
C07669,Bangalore,Referral,2024-07-18
C07670,Kottayam,Organic,2025-11-27
C07671,Mysore,Influencer,2025-03-17
C07672,Thrissur,Instagram,2025-02-22
C07673,Kollam,Influencer,2025-05-24
C07674,TVM,Referral,2024-12-23
C07675,TVM,Referral,2025-07-30
C07676,Mumbai,Organic,2024-10-06
C07677,Calicut,Instagram,2024-11-28
C07678,Chennai,Instagram,2025-06-08
C07679,Mysore,Influencer,2025-11-21
C07680,Bangalore,Instagram,2025-06-15
C07681,Coimbatore,Influencer,2024-11-11
C07682,Kottayam,Referral,2024-07-06
C07683,TVM,Influencer,2025-07-05
C07684,TVM,Influencer,2024-12-11
C07685,Bangalore,Organic,2024-08-13
C07686,Mysore,Referral,2025-07-24
C07687,Kochi,Instagram,2025-10-14
C07688,Chennai,Referral,2025-08-10
C07689,Calicut,Instagram,2025-07-01
C07690,Bangalore,Referral,2025-03-19
C07691,Kollam,Influencer,2025-01-09
C07692,Coimbatore,Referral,2024-12-11
C07693,Thrissur,Referral,2024-09-28
C07694,Kochi,Referral,2025-01-16
C07695,Mumbai,Influencer,2025-07-07
C07696,Calicut,Referral,2024-10-28
C07697,TVM,Organic,2024-10-15
C07698,Mysore,Referral,2024-07-20
C07699,Bangalore,Instagram,2025-06-14
C07700,Kochi,Influencer,2025-02-24
C07701,Calicut,Referral,2024-07-08
C07702,Mumbai,Influencer,2025-05-01
C07703,Calicut,Influencer,2025-08-31
C07704,Mysore,Referral,2025-03-14
C07705,Mumbai,Referral,2025-07-30
C07706,Calicut,Organic,2025-07-23
C07707,Hyderabad,Instagram,2025-07-09
C07708,Kollam,Referral,2025-07-03
C07709,TVM,Influencer,2025-03-31
C07710,Mysore,Instagram,2025-11-02
C07711,Mumbai,Referral,2024-10-10
C07712,Mumbai,Referral,2024-08-29
C07713,Calicut,Organic,2024-08-02
C07714,Hyderabad,Influencer,2025-04-09
C07715,Mysore,Instagram,2025-01-21
C07716,Calicut,Organic,2024-12-17
C07717,Chennai,Influencer,2025-09-26
C07718,Coimbatore,Referral,2024-11-25
C07719,Kollam,Organic,2024-08-23
C07720,Mumbai,Organic,2025-03-14
C07721,Mumbai,Instagram,2025-08-31
C07722,Kochi,Referral,2024-10-30
C07723,Kottayam,Influencer,2025-11-15
C07724,Kottayam,Organic,2025-11-26
C07725,Coimbatore,Influencer,2025-07-05
C07726,Thrissur,Referral,2024-07-18
C07727,Kollam,Influencer,2024-08-26
C07728,Mumbai,Organic,2025-09-20
C07729,Kottayam,Instagram,2024-08-05
C07730,Coimbatore,Influencer,2025-04-16
C07731,Hyderabad,Influencer,2025-03-30
C07732,Hyderabad,Referral,2024-12-26
C07733,Kottayam,Referral,2025-02-01
C07734,TVM,Instagram,2025-07-30
C07735,Mysore,Instagram,2025-08-07
C07736,Mumbai,Influencer,2025-04-15
C07737,Thrissur,Referral,2025-03-05
C07738,Mumbai,Organic,2025-07-19
C07739,TVM,Influencer,2025-01-22
C07740,TVM,Influencer,2024-12-23
C07741,Chennai,Influencer,2025-08-14
C07742,Kollam,Instagram,2025-07-09
C07743,Kottayam,Organic,2025-08-18
C07744,Calicut,Referral,2024-11-02
C07745,Kollam,Referral,2025-07-13
C07746,Mumbai,Organic,2024-11-26
C07747,TVM,Instagram,2025-01-04
C07748,Coimbatore,Organic,2024-08-06
C07749,Coimbatore,Organic,2025-08-06
C07750,TVM,Instagram,2025-02-17
C07751,TVM,Influencer,2025-01-29
C07752,Calicut,Organic,2025-10-30
C07753,Kottayam,Referral,2025-04-04
C07754,Mysore,Instagram,2025-01-25
C07755,Mysore,Referral,2025-02-18
C07756,Coimbatore,Organic,2025-10-10
C07757,Bangalore,Organic,2025-05-01
C07758,Chennai,Organic,2025-09-22
C07759,Mysore,Referral,2025-08-06
C07760,Hyderabad,Referral,2024-09-23
C07761,Bangalore,Influencer,2025-07-03
C07762,Calicut,Influencer,2025-09-06
C07763,Hyderabad,Instagram,2024-11-02
C07764,Coimbatore,,2025-02-25
C07765,Cochin,Referral,2025-12-21
C07766,Bangalore,Instagram,2025-04-15
C07767,Mumbai,Referral,2024-07-08
C07768,Chennai,Referral,2024-10-25
C07769,Chennai,Influencer,2025-06-21
C07770,Thrissur,Organic,2024-10-07
C07771,Hyderabad,Instagram,2025-09-06
C07772,Bangalore,Influencer,2025-02-23
C07773,Kottayam,Instagram,2025-12-19
C07774,Hyderabad,Instagram,2024-12-08
C07775,Kottayam,Influencer,2024-08-16
C07776,Mysore,Influencer,2025-04-01
C07777,Bangalore,Influencer,2025-09-15
C07778,Mumbai,Influencer,2025-09-03
C07779,Hyderabad,Influencer,2025-09-13
C07780,Mysore,Organic,2024-11-03
C07781,Mumbai,Organic,2024-12-25
C07782,Mysore,Organic,2025-09-01
C07783,Calicut,Influencer,2025-08-06
C07784,Calicut,Organic,2025-05-06
C07785,Coimbatore,Organic,2024-07-14
C07786,Coimbatore,Organic,2024-10-31
C07787,Calicut,Organic,2024-09-01
C07788,Kochi,Organic,2025-05-13
C07789,TVM,Organic,2024-11-15
C07790,Bangalore,Organic,2025-06-26
C07791,Thrissur,Influencer,2024-09-26
C07792,Calicut,Organic,2025-11-17
C07793,Bangalore,Referral,2024-09-16
C07794,Bangalore,Organic,2025-07-24
C07795,Mumbai,Influencer,2025-07-24
C07796,Coimbatore,Organic,2024-11-02
C07797,TVM,Referral,2025-10-03
C07798,Mysore,Organic,2024-09-03
C07799,Kottayam,Instagram,2024-11-08
C07800,Bangalore,Organic,2024-08-03
C07801,Kochi,Referral,2024-10-16
C07802,Kottayam,Influencer,2025-07-21
C07803,Kottayam,Organic,2025-08-27
C07804,Thrissur,Influencer,2025-10-22
C07805,Bangalore,Influencer,2024-10-31
C07806,Coimbatore,Instagram,2025-07-27
C07807,Cochin,Instagram,2025-11-22
C07808,Thrissur,Instagram,2024-11-16
C07809,Mumbai,Influencer,2025-11-13
C07810,Kollam,Influencer,2025-05-10
C07811,Coimbatore,Referral,2024-11-08
C07812,Kochi,Instagram,2025-01-25
C07813,TVM,Instagram,2025-02-17
C07814,Chennai,Organic,2024-09-06
C07815,Thrissur,Organic,2025-07-18
C07816,Bangalore,Organic,2024-07-23
C07817,Kottayam,Organic,2025-09-07
C07818,Hyderabad,Instagram,2024-12-17
C07819,Chennai,Influencer,2025-06-08
C07820,Thrissur,Organic,2025-04-02
C07821,Mysore,Instagram,2025-11-09
C07822,Calicut,Instagram,2025-11-26
C07823,Calicut,Organic,2025-04-24
C07824,Bangalore,Influencer,2024-11-19
C07825,Chennai,Organic,2025-04-26
C07826,TVM,Instagram,2025-03-27
C07827,Coimbatore,Referral,2025-08-27
C07828,Mumbai,Referral,2024-09-25
C07829,Kollam,Referral,2024-09-25
C07830,Coimbatore,Organic,2025-07-05
C07831,Bangalore,Instagram,2024-12-19
C07832,Mysore,Referral,2024-12-03
C07833,Bangalore,Organic,2025-10-02
C07834,Mysore,Influencer,2024-08-22
C07835,Kollam,Referral,2025-07-03
C07836,Chennai,Influencer,2025-05-22
C07837,Kochi,Referral,2025-04-20
C07838,Thrissur,Influencer,2025-08-26
C07839,Mysore,Influencer,2025-06-09
C07840,Thrissur,Referral,2024-10-17
C07841,Kollam,Organic,2025-11-04
C07842,Chennai,Influencer,2025-12-07
C07843,Kollam,Organic,2024-09-26
C07844,Thrissur,Instagram,2025-12-25
C07845,Coimbatore,Organic,2025-11-10
C07846,Mumbai,Influencer,2025-07-01
C07847,Mumbai,Instagram,2024-12-13
C07848,Mumbai,Organic,2025-04-01
C07849,Bangalore,Influencer,2024-11-22
C07850,TVM,Instagram,2025-03-24
C07851,Kollam,Organic,2025-02-05
C07852,TVM,Instagram,2025-10-03
C07853,Kochi,Instagram,2025-05-24
C07854,Chennai,Organic,2025-08-23
C07855,Coimbatore,Referral,2025-02-16
C07856,Mumbai,Influencer,2025-06-28
C07857,Bangalore,Organic,2024-10-04
C07858,Kollam,,2025-06-28
C07859,Calicut,Influencer,2025-05-27
C07860,Kottayam,Influencer,2025-07-23
C07861,Mysore,Referral,2025-01-30
C07862,Cochin,Referral,2025-01-18
C07863,Calicut,Instagram,2025-06-02
C07864,Bangalore,Influencer,2025-04-08
C07865,Coimbatore,Referral,2024-08-07
C07866,Kochi,Influencer,2025-08-31
C07867,Bangalore,Instagram,2024-12-01
C07868,Kottayam,Instagram,2025-09-27
C07869,Mysore,Organic,2025-12-01
C07870,Chennai,Referral,2024-09-26
C07871,Calicut,Influencer,2024-07-13
C07872,Calicut,Organic,2025-03-05
C07873,Thrissur,Influencer,2024-07-19
C07874,Hyderabad,Referral,2024-12-20
C07875,Hyderabad,Influencer,2025-10-10
C07876,Hyderabad,Organic,2024-07-30
C07877,Thrissur,Instagram,2025-04-17
C07878,Kottayam,Referral,2024-12-21
C07879,Cochin,Influencer,2024-10-28
C07880,Thrissur,Referral,2025-01-15
C07881,Kottayam,Organic,2025-10-24
C07882,Mumbai,Referral,2024-11-21
C07883,Mysore,Influencer,2025-01-24
C07884,Calicut,Organic,2025-04-04
C07885,Coimbatore,Influencer,2024-10-18
C07886,TVM,Referral,2024-09-21
C07887,Hyderabad,Instagram,2024-11-07
C07888,Thrissur,Instagram,2024-11-18
C07889,Kottayam,Referral,2025-05-04
C07890,Coimbatore,Influencer,2025-03-31
C07891,Thrissur,Influencer,2025-09-07
C07892,Mysore,Influencer,2025-04-12
C07893,Coimbatore,Influencer,2024-12-04
C07894,Chennai,Organic,2025-03-29
C07895,Hyderabad,Influencer,2024-09-22
C07896,Chennai,Organic,2025-10-05
C07897,Chennai,Instagram,2025-08-10
C07898,Cochin,Referral,2025-02-22
C07899,Chennai,Instagram,2024-07-22
C07900,Bangalore,Influencer,2025-08-21
C07901,Hyderabad,Instagram,2024-07-10
C07902,Cochin,Influencer,2024-10-05
C07903,Kochi,Referral,2025-09-27
C07904,Mysore,Influencer,2025-03-13
C07905,Mumbai,Instagram,2025-11-02
C07906,Calicut,Referral,2025-08-23
C07907,Kottayam,Instagram,2024-11-10
C07908,Cochin,Influencer,2024-07-27
C07909,Thrissur,Influencer,2025-10-25
C07910,Kottayam,Influencer,2024-11-20
C07911,Calicut,Organic,2024-08-04
C07912,TVM,Organic,2024-12-21
C07913,Calicut,Instagram,2024-11-20
C07914,Mysore,Organic,2024-08-25
C07915,Mumbai,Referral,2025-05-29
C07916,Kottayam,Instagram,2025-07-13
C07917,Thrissur,Organic,2025-11-04
C07918,Hyderabad,Instagram,2024-09-15
C07919,Calicut,Instagram,2025-12-06
C07920,Coimbatore,Influencer,2025-06-27
C07921,Chennai,Influencer,2025-08-17
C07922,Thrissur,Influencer,2025-03-15
C07923,Bangalore,Organic,2025-11-08
C07924,Calicut,Organic,2025-04-06
C07925,Thrissur,Instagram,2024-08-25
C07926,Calicut,Referral,2024-08-08
C07927,Thrissur,Referral,2025-11-15
C07928,Chennai,Referral,2025-04-22
C07929,Kochi,Referral,2025-03-20
C07930,Kollam,Influencer,2024-09-12
C07931,TVM,Instagram,2025-01-02
C07932,Coimbatore,Referral,2025-09-29
C07933,TVM,Instagram,2025-04-19
C07934,Kottayam,Referral,2025-09-27
C07935,Calicut,Referral,2024-11-30
C07936,Chennai,Instagram,2025-01-15
C07937,Coimbatore,Referral,2025-06-16
C07938,Kottayam,Influencer,2025-11-01
C07939,Hyderabad,Influencer,2025-12-02
C07940,Bangalore,Organic,2025-04-06
C07941,Coimbatore,Organic,2025-04-24
C07942,Coimbatore,Instagram,2025-10-23
C07943,Mysore,Referral,2025-09-04
C07944,Thrissur,Influencer,2025-06-16
C07945,Thrissur,Influencer,2024-10-05
C07946,Bangalore,Referral,2025-01-01
C07947,Chennai,Instagram,2025-01-07
C07948,Kottayam,Referral,2024-11-21
C07949,Calicut,Organic,2025-08-12
C07950,Thrissur,Instagram,2025-12-26
C07951,Coimbatore,Organic,2024-10-21
C07952,Kottayam,Influencer,2024-11-12
C07953,Calicut,Organic,2025-05-26
C07954,Kollam,Influencer,2025-03-13
C07955,Hyderabad,Referral,2024-07-28
C07956,Kochi,Organic,2024-08-28
C07957,Coimbatore,Influencer,2024-12-29
C07958,Kollam,Organic,2025-07-14
C07959,TVM,Organic,2025-08-31
C07960,Kottayam,Referral,2024-12-21
C07961,Calicut,Instagram,2025-06-30
C07962,Mumbai,Organic,2025-11-11
C07963,Coimbatore,Influencer,2025-11-12
C07964,Calicut,Influencer,2025-01-17
C07965,Thrissur,Organic,2025-09-14
C07966,Hyderabad,Influencer,2024-09-05
C07967,Mumbai,Organic,2025-06-23
C07968,Calicut,,2025-02-14
C07969,Mumbai,Influencer,2025-04-07
C07970,TVM,Influencer,2024-10-11
C07971,Kottayam,Organic,2025-03-19
C07972,Mysore,Influencer,2025-05-04
C07973,Chennai,Instagram,2025-12-09
C07974,Chennai,Influencer,2025-07-11
C07975,Calicut,Instagram,2025-11-05
C07976,TVM,Organic,2024-11-29
C07977,Calicut,Referral,2025-06-14
C07978,Kochi,Referral,2025-02-25
C07979,Kochi,Referral,2025-10-05
C07980,Calicut,Influencer,2024-09-15
C07981,Kollam,Organic,2025-07-26
C07982,Cochin,Referral,2025-06-26
C07983,Mysore,,2025-06-01
C07984,Thrissur,Organic,2024-09-04
C07985,TVM,Referral,2025-12-01
C07986,Mysore,Organic,2025-01-29
C07987,Thrissur,Influencer,2025-03-25
C07988,Kochi,,2025-03-13
C07989,Kollam,Organic,2024-07-15
C07990,Kottayam,Instagram,2025-03-01
C07991,Coimbatore,Referral,2024-10-03
C07992,Calicut,Influencer,2024-08-11
C07993,Kottayam,Referral,2024-12-31
C07994,Kochi,Organic,2025-03-25
C07995,Kochi,Influencer,2024-09-28
C07996,Calicut,Referral,2024-12-20
C07997,Coimbatore,Organic,2024-07-14
C07998,TVM,Organic,2025-10-29
C07999,Kottayam,Instagram,2025-08-06
C08000,Kottayam,Referral,2025-05-12
C08001,TVM,Organic,2024-10-21
C08002,Bangalore,Referral,2025-06-15
C08003,TVM,Instagram,2024-09-21
C08004,Mumbai,Referral,2025-11-09
C08005,Coimbatore,Referral,2025-05-20
C08006,Kochi,Referral,2025-06-08
C08007,Chennai,Organic,2025-08-09
C08008,Kollam,Influencer,2025-02-26
C08009,Chennai,Referral,2025-01-31
C08010,Mysore,Organic,2024-09-10
C08011,Mumbai,Referral,2025-04-04
C08012,Kottayam,Organic,2025-04-22
C08013,Thrissur,Influencer,2024-09-18
C08014,Kochi,Instagram,2025-06-22
C08015,Cochin,Referral,2025-09-03
C08016,Hyderabad,Referral,2025-01-22
C08017,Mumbai,Referral,2025-07-18
C08018,Kochi,Organic,2025-07-21
C08019,Kochi,Organic,2024-12-09
C08020,Kochi,Referral,2025-11-30
C08021,Chennai,Organic,2025-08-02
C08022,Thrissur,Referral,2025-07-03
C08023,Kochi,Influencer,2025-06-02
C08024,Cochin,Referral,2025-01-14
C08025,Calicut,Influencer,2025-05-20
C08026,Kollam,Instagram,2025-06-15
C08027,Chennai,Referral,2024-10-09
C08028,Coimbatore,Influencer,2025-12-07
C08029,Thrissur,Referral,2024-07-22
C08030,TVM,Influencer,2025-12-08
C08031,TVM,Influencer,2025-11-23
C08032,Kollam,Organic,2025-08-24
C08033,Hyderabad,Influencer,2024-07-06
C08034,Calicut,Influencer,2025-02-12
C08035,Chennai,Instagram,2025-12-18
C08036,Kollam,Referral,2025-09-04
C08037,Coimbatore,Organic,2024-07-02
C08038,Coimbatore,Instagram,2024-09-10
C08039,Mysore,Influencer,2025-11-06
C08040,Kottayam,Referral,2025-12-28
C08041,Hyderabad,Instagram,2024-09-30
C08042,Coimbatore,Instagram,2025-12-05
C08043,TVM,Referral,2025-09-16
C08044,TVM,Influencer,2025-08-07
C08045,Kottayam,Referral,2025-03-27
C08046,Coimbatore,Instagram,2025-02-09
C08047,Hyderabad,Influencer,2024-09-10
C08048,Hyderabad,Instagram,2025-11-17
C08049,Calicut,Instagram,2025-10-19
C08050,Coimbatore,Influencer,2024-07-28
C08051,Thrissur,Influencer,2024-12-14
C08052,Thrissur,Instagram,2025-08-30
C08053,Thrissur,Instagram,2024-07-17
C08054,Bangalore,Referral,2024-07-17
C08055,Kottayam,Referral,2024-08-06
C08056,Thrissur,Organic,2025-01-06
C08057,Coimbatore,Influencer,2025-06-25
C08058,Kochi,Influencer,2025-02-17
C08059,Coimbatore,Organic,2025-01-02
C08060,Kollam,Referral,2024-12-04
C08061,Thrissur,Organic,2025-01-23
C08062,Chennai,Influencer,2025-02-23
C08063,Mysore,Influencer,2024-10-19
C08064,Calicut,Organic,2025-05-25
C08065,Coimbatore,Organic,2025-01-26
C08066,Coimbatore,Influencer,2025-11-08
C08067,Calicut,Influencer,2024-07-21
C08068,Thrissur,Influencer,2025-10-16
C08069,Thrissur,Organic,2025-12-01
C08070,Cochin,Influencer,2025-04-08
C08071,Kottayam,Referral,2024-07-28
C08072,Hyderabad,Organic,2024-12-19
C08073,TVM,Instagram,2025-04-17
C08074,Bangalore,Influencer,2025-10-31
C08075,Calicut,Referral,2025-02-26
C08076,Mumbai,Referral,2025-06-24
C08077,Mysore,Influencer,2024-08-09
C08078,Mysore,Referral,2024-08-20
C08079,Coimbatore,Instagram,2024-10-18
C08080,Mumbai,Influencer,2025-08-13
C08081,Thrissur,Organic,2025-12-15
C08082,Thrissur,Referral,2025-01-29
C08083,Coimbatore,Referral,2024-12-09
C08084,Bangalore,Influencer,2025-10-14
C08085,Calicut,Organic,2025-07-16
C08086,Thrissur,Instagram,2025-10-25
C08087,Bangalore,Influencer,2024-11-29
C08088,Chennai,Influencer,2025-08-11
C08089,Mumbai,Referral,2025-06-28
C08090,Mysore,,2025-11-10
C08091,Thrissur,Organic,2025-08-30
C08092,Kottayam,Organic,2025-04-07
C08093,Coimbatore,Influencer,2025-08-07
C08094,Thrissur,Influencer,2025-11-13
C08095,Chennai,Influencer,2024-07-05
C08096,Kottayam,Influencer,2025-01-13
C08097,Kochi,Referral,2024-07-28
C08098,Kochi,Influencer,2025-07-10
C08099,Kochi,Referral,2024-08-31
C08100,Chennai,Instagram,2025-09-05
C08101,Coimbatore,Organic,2025-07-10
C08102,Kochi,Influencer,2025-07-01
C08103,Hyderabad,Influencer,2025-02-23
C08104,Coimbatore,Referral,2025-12-03
C08105,Kollam,Organic,2024-08-07
C08106,Kollam,Referral,2025-11-07
C08107,Kochi,Organic,2025-09-14
C08108,Kottayam,Influencer,2024-10-17
C08109,Kottayam,Referral,2025-01-21
C08110,Kollam,Influencer,2024-10-16
C08111,TVM,Organic,2024-07-31
C08112,Kollam,Influencer,2025-01-01
C08113,Thrissur,Referral,2024-12-03
C08114,Kollam,Instagram,2024-12-18
C08115,Mumbai,Referral,2025-04-23
C08116,Thrissur,Referral,2025-06-01
C08117,Kochi,Influencer,2025-09-10
C08118,Kollam,Organic,2025-08-15
C08119,Thrissur,Organic,2025-04-28
C08120,Calicut,Influencer,2024-08-29
C08121,Mysore,Instagram,2025-07-30
C08122,Chennai,Referral,2025-02-15
C08123,Hyderabad,Influencer,2025-12-26
C08124,Calicut,Instagram,2025-08-17
C08125,Bangalore,Organic,2024-09-19
C08126,Mumbai,Instagram,2024-12-03
C08127,Coimbatore,Influencer,2025-12-30
C08128,Thrissur,Organic,2025-05-31
C08129,Kochi,Referral,2024-10-06
C08130,Coimbatore,Instagram,2024-09-15
C08131,Kollam,Referral,2025-02-21
C08132,Mumbai,Influencer,2025-08-03
C08133,Mumbai,Instagram,2025-04-13
C08134,Mysore,Organic,2025-09-19
C08135,Calicut,Organic,2025-11-28
C08136,Kottayam,Influencer,2025-03-18
C08137,Chennai,Referral,2025-08-23
C08138,Coimbatore,Organic,2024-07-17
C08139,Coimbatore,Instagram,2024-08-12
C08140,Kottayam,Referral,2024-09-24
C08141,Chennai,Instagram,2025-04-11
C08142,Hyderabad,Instagram,2024-09-17
C08143,Hyderabad,Instagram,2025-04-11
C08144,Chennai,Referral,2024-12-05
C08145,Chennai,Instagram,2025-09-11
C08146,Kottayam,Referral,2025-11-23
C08147,Calicut,Referral,2025-02-03
C08148,Kollam,Referral,2024-08-25
C08149,Chennai,Influencer,2024-12-06
C08150,Chennai,Organic,2025-10-21
C08151,Kollam,Instagram,2025-08-29
C08152,TVM,Instagram,2025-08-19
C08153,Mumbai,Referral,2024-11-09
C08154,Thrissur,Instagram,2025-05-10
C08155,Kollam,,2024-12-19
C08156,Kollam,Organic,2024-08-01
C08157,Kottayam,Referral,2025-07-06
C08158,Mumbai,Instagram,2025-08-17
C08159,Kochi,Instagram,2024-11-27
C08160,Thrissur,Organic,2025-07-10
C08161,TVM,Influencer,2024-07-28
C08162,Kollam,Referral,2025-04-12
C08163,Mumbai,Organic,2024-10-09
C08164,Mumbai,Referral,2024-11-15
C08165,Chennai,Instagram,2024-12-30
C08166,TVM,Referral,2025-06-12
C08167,Kottayam,Instagram,2024-10-10
C08168,Kollam,Instagram,2024-07-10
C08169,TVM,Referral,2025-05-06
C08170,Kochi,Instagram,2024-07-29
C08171,Mysore,Instagram,2024-12-05
C08172,Chennai,Influencer,2024-07-26
C08173,Mumbai,Referral,2025-01-30
C08174,Mysore,Organic,2024-11-18
C08175,TVM,Organic,2024-11-24
C08176,Mumbai,Organic,2025-04-03
C08177,TVM,Organic,2025-08-15
C08178,Thrissur,Influencer,2024-11-19
C08179,Kottayam,Referral,2025-09-14
C08180,Chennai,Referral,2025-08-01
C08181,Kollam,Influencer,2025-06-13
C08182,Thrissur,Influencer,2025-03-26
C08183,Bangalore,Influencer,2025-09-05
C08184,TVM,Influencer,2024-08-30
C08185,Kochi,Instagram,2024-08-02
C08186,TVM,Referral,2025-02-12
C08187,Kollam,Influencer,2025-02-20
C08188,Coimbatore,Referral,2025-06-02
C08189,Calicut,Referral,2025-10-21
C08190,Kottayam,Referral,2025-05-10
C08191,Bangalore,Organic,2025-09-13
C08192,TVM,Instagram,2025-02-25
C08193,Kollam,Referral,2025-02-24
C08194,Hyderabad,Organic,2025-08-02
C08195,Kollam,Instagram,2024-07-28
C08196,Thrissur,Influencer,2024-08-17
C08197,Hyderabad,Influencer,2025-05-27
C08198,Kollam,Referral,2025-07-12
C08199,Calicut,Instagram,2025-12-12
C08200,Cochin,Instagram,2025-04-21
C08201,Kollam,,2025-09-28
C08202,Hyderabad,Referral,2025-12-19
C08203,Chennai,Instagram,2025-08-26
C08204,Coimbatore,Influencer,2025-10-18
C08205,TVM,Referral,2024-08-13
C08206,Kottayam,Influencer,2024-07-02
C08207,TVM,Organic,2024-12-09
C08208,Hyderabad,Referral,2025-04-16
C08209,Kottayam,Influencer,2025-10-24
C08210,TVM,Instagram,2024-09-04
C08211,Calicut,Influencer,2024-07-31
C08212,Coimbatore,Influencer,2025-12-17
C08213,Bangalore,Instagram,2025-02-17
C08214,Chennai,Referral,2025-04-19
C08215,Thrissur,Referral,2024-10-21
C08216,TVM,Influencer,2024-09-14
C08217,Thrissur,Instagram,2025-06-07
C08218,Chennai,Organic,2025-09-14
C08219,Kottayam,Referral,2025-01-16
C08220,Kottayam,Influencer,2025-08-28
C08221,Calicut,Influencer,2024-09-29
C08222,Cochin,Referral,2025-03-08
C08223,Calicut,Influencer,2025-07-09
C08224,Kochi,Instagram,2025-11-19
C08225,Coimbatore,Referral,2024-09-22
C08226,Mysore,Instagram,2025-07-26
C08227,Mysore,Organic,2025-11-08
C08228,Thrissur,Instagram,2025-09-24
C08229,Kochi,Instagram,2025-03-31
C08230,TVM,Referral,2025-07-06
C08231,Mysore,Referral,2024-09-30
C08232,Coimbatore,Referral,2025-07-16
C08233,Hyderabad,Referral,2024-10-31
C08234,Calicut,Instagram,2025-01-11
C08235,Kollam,Referral,2025-12-14
C08236,Kollam,Instagram,2025-04-17
C08237,Cochin,Instagram,2024-11-17
C08238,Coimbatore,Referral,2024-10-13
C08239,Kottayam,Instagram,2025-01-18
C08240,Thrissur,Referral,2025-10-24
C08241,Calicut,Organic,2025-12-30
C08242,Hyderabad,Organic,2025-04-20
C08243,Chennai,Organic,2025-07-21
C08244,TVM,Instagram,2025-08-11
C08245,TVM,Organic,2025-04-12
C08246,Mumbai,Referral,2025-02-07
C08247,Mumbai,Influencer,2024-09-27
C08248,Kochi,Organic,2025-08-28
C08249,Calicut,Instagram,2024-11-20
C08250,Chennai,Influencer,2025-10-02
C08251,Bangalore,Organic,2024-11-20
C08252,Coimbatore,Referral,2024-07-18
C08253,Mysore,Referral,2024-10-16
C08254,Mumbai,Influencer,2025-07-19
C08255,Mumbai,Organic,2025-09-02
C08256,Mumbai,Influencer,2025-05-11
C08257,Kollam,Organic,2025-10-25
C08258,Bangalore,Referral,2025-08-23
C08259,TVM,Instagram,2024-10-14
C08260,Chennai,Instagram,2025-10-29
C08261,Thrissur,Influencer,2025-04-16
C08262,Kollam,Influencer,2025-01-03
C08263,Mysore,Influencer,2025-09-26
C08264,Chennai,Referral,2025-01-28
C08265,Thrissur,Influencer,2025-01-10
C08266,Mysore,Instagram,2025-12-31
C08267,Calicut,Instagram,2024-08-19
C08268,Mysore,Organic,2024-08-02
C08269,TVM,Referral,2024-08-17
C08270,Kottayam,Influencer,2025-07-10
C08271,Hyderabad,Referral,2025-07-18
C08272,Thrissur,Instagram,2025-06-13
C08273,Kottayam,Organic,2024-10-25
C08274,Kochi,Instagram,2025-01-13
C08275,Mysore,Instagram,2025-12-21
C08276,Mumbai,Instagram,2025-11-29
C08277,TVM,Instagram,2025-12-22
C08278,Thrissur,Influencer,2025-09-13
C08279,TVM,Referral,2025-08-30
C08280,Coimbatore,Instagram,2024-11-18
C08281,Calicut,Referral,2024-08-09
C08282,TVM,Organic,2025-02-20
C08283,TVM,Referral,2024-10-18
C08284,Kochi,,2025-03-14
C08285,Kottayam,Instagram,2024-12-31
C08286,Kottayam,Organic,2025-11-21
C08287,Kochi,Referral,2025-10-25
C08288,Thrissur,Referral,2025-02-12
C08289,Kottayam,Influencer,2024-08-27
C08290,Chennai,Referral,2025-07-09
C08291,Hyderabad,Organic,2025-12-19
C08292,Kochi,Influencer,2024-07-09
C08293,Thrissur,Influencer,2025-09-01
C08294,Coimbatore,Organic,2025-06-27
C08295,Coimbatore,Influencer,2024-12-18
C08296,TVM,Instagram,2025-04-29
C08297,Coimbatore,Referral,2025-08-16
C08298,Calicut,Instagram,2025-06-15
C08299,Cochin,Organic,2025-01-11
C08300,Mysore,Referral,2025-03-07
C08301,Kottayam,Instagram,2024-12-20
C08302,Calicut,Referral,2024-11-07
C08303,Calicut,Referral,2025-06-28
C08304,Bangalore,Influencer,2025-01-09
C08305,Cochin,Influencer,2024-10-05
C08306,Calicut,Instagram,2025-05-07
C08307,Kochi,,2025-08-02
C08308,Calicut,Influencer,2025-10-21
C08309,TVM,Organic,2025-12-03
C08310,Mysore,Organic,2024-09-23
C08311,Mumbai,Referral,2025-02-01
C08312,Bangalore,Instagram,2025-02-09
C08313,Mysore,Influencer,2025-05-15
C08314,Coimbatore,Organic,2025-02-26
C08315,Mysore,Influencer,2025-11-23
C08316,Chennai,Referral,2025-08-14
C08317,Thrissur,Referral,2025-05-25
C08318,Coimbatore,Organic,2024-10-20
C08319,Thrissur,Referral,2025-02-06
C08320,Calicut,Organic,2025-01-16
C08321,Calicut,Instagram,2024-11-12
C08322,Mumbai,Organic,2025-09-28
C08323,Mumbai,Organic,2024-11-14
C08324,Thrissur,Instagram,2025-05-09
C08325,Calicut,Organic,2024-09-28
C08326,TVM,Instagram,2025-09-09
C08327,Calicut,Referral,2024-10-07
C08328,Kollam,Organic,2025-09-29
C08329,Thrissur,Influencer,2024-09-22
C08330,Coimbatore,Influencer,2025-07-03
C08331,Thrissur,Organic,2025-11-20
C08332,Coimbatore,Instagram,2025-06-15
C08333,Mysore,Referral,2025-10-09
C08334,Kollam,Influencer,2025-03-31
C08335,Bangalore,Organic,2025-07-10
C08336,Chennai,Organic,2024-11-10
C08337,Mysore,Influencer,2025-12-06
C08338,Thrissur,Instagram,2025-02-02
C08339,Thrissur,Referral,2025-07-11
C08340,Cochin,Instagram,2025-12-16
C08341,Coimbatore,Influencer,2025-09-11
C08342,TVM,Influencer,2024-12-11
C08343,Thrissur,Influencer,2024-12-08
C08344,Mysore,Instagram,2024-07-19
C08345,Mysore,Influencer,2024-12-03
C08346,TVM,Organic,2025-09-02
C08347,Hyderabad,Referral,2025-12-02
C08348,Kochi,Influencer,2025-12-26
C08349,Mysore,Organic,2025-12-10
C08350,Calicut,Influencer,2025-01-13
C08351,Coimbatore,Referral,2025-01-11
C08352,TVM,Referral,2024-12-06
C08353,Calicut,Organic,2024-09-29
C08354,Mumbai,Referral,2024-12-30
C08355,Kollam,Influencer,2025-01-29
C08356,Thrissur,Instagram,2025-05-08
C08357,Kochi,Influencer,2025-05-09
C08358,Calicut,Referral,2025-05-09
C08359,Kollam,Instagram,2024-09-05
C08360,Kottayam,Influencer,2024-09-13
C08361,TVM,Instagram,2024-09-22
C08362,Hyderabad,Influencer,2025-03-15
C08363,TVM,Referral,2024-12-18
C08364,Mumbai,Instagram,2025-10-22
C08365,Kottayam,Referral,2025-04-08
C08366,Kottayam,Influencer,2025-02-17
C08367,Calicut,Influencer,2025-07-17
C08368,TVM,Instagram,2025-09-27
C08369,Calicut,Organic,2025-03-09
C08370,Chennai,Instagram,2024-11-12
C08371,Hyderabad,Referral,2024-07-12
C08372,Kottayam,Referral,2025-11-04
C08373,Mysore,Referral,2025-06-07
C08374,Coimbatore,Influencer,2024-11-14
C08375,TVM,Influencer,2025-08-03
C08376,Chennai,Organic,2025-01-11
C08377,Kochi,Referral,2025-09-29
C08378,Mumbai,Instagram,2025-03-28
C08379,Mysore,Instagram,2025-05-07
C08380,Mysore,Organic,2024-08-11
C08381,Chennai,Influencer,2024-10-17
C08382,Chennai,Influencer,2025-03-23
C08383,Kottayam,Organic,2025-06-27
C08384,Kollam,Referral,2025-10-18
C08385,Kollam,Instagram,2025-09-22
C08386,Mumbai,Instagram,2024-11-03
C08387,Mysore,Referral,2024-10-25
C08388,Calicut,Organic,2025-05-17
C08389,Kochi,Instagram,2025-05-27
C08390,Mumbai,Referral,2025-07-22
C08391,Coimbatore,Influencer,2025-11-07
C08392,Kottayam,Organic,2024-12-02
C08393,Coimbatore,Instagram,2024-10-19
C08394,Mysore,Organic,2025-11-02
C08395,TVM,Referral,2025-07-31
C08396,Thrissur,Influencer,2024-10-23
C08397,Bangalore,Instagram,2025-05-22
C08398,Bangalore,Instagram,2025-12-19
C08399,Bangalore,Influencer,2024-10-03
C08400,Mysore,Referral,2024-10-13
C08401,Calicut,Organic,2025-09-01
C08402,Mysore,Referral,2025-06-13
C08403,Mumbai,Instagram,2025-09-28
C08404,Thrissur,Instagram,2025-09-07
C08405,Chennai,Instagram,2024-10-27
C08406,Chennai,Organic,2025-10-12
C08407,Mysore,Influencer,2025-06-09
C08408,Bangalore,Organic,2025-03-09
C08409,Mumbai,Organic,2025-06-16
C08410,Calicut,Organic,2024-08-01
C08411,Kochi,Influencer,2025-01-08
C08412,Kottayam,Referral,2024-12-16
C08413,TVM,Organic,2025-05-27
C08414,Kochi,Influencer,2025-08-01
C08415,TVM,Referral,2025-06-24
C08416,Hyderabad,Influencer,2025-12-05
C08417,Calicut,Referral,2025-10-10
C08418,Thrissur,Influencer,2025-03-20
C08419,Thrissur,Instagram,2025-10-05
C08420,Kochi,Organic,2025-07-10
C08421,Hyderabad,Influencer,2024-09-10
C08422,Thrissur,Referral,2025-06-29
C08423,Coimbatore,Influencer,2025-12-11
C08424,Mysore,Instagram,2025-05-04
C08425,Thrissur,Influencer,2025-09-29
C08426,Kochi,Influencer,2025-12-21
C08427,Kottayam,Organic,2025-04-10
C08428,TVM,Referral,2024-10-28
C08429,Coimbatore,Instagram,2025-04-11
C08430,Chennai,Influencer,2025-08-05
C08431,Kochi,Instagram,2025-01-03
C08432,Thrissur,Instagram,2025-09-13
C08433,Mysore,Instagram,2025-02-28
C08434,Kottayam,Instagram,2025-11-01
C08435,Kochi,Influencer,2024-08-18
C08436,Kochi,Instagram,2025-07-19
C08437,Kollam,Influencer,2024-08-21
C08438,Kollam,Influencer,2025-04-14
C08439,TVM,Organic,2025-04-25
C08440,Hyderabad,Instagram,2025-12-01
C08441,Mysore,Organic,2025-06-17
C08442,Bangalore,Instagram,2025-10-21
C08443,Calicut,Organic,2024-12-01
C08444,Kochi,Referral,2025-10-08
C08445,Mumbai,Referral,2025-06-18
C08446,Calicut,Referral,2025-06-22
C08447,Kochi,Referral,2025-01-02
C08448,Kottayam,Instagram,2024-10-18
C08449,Coimbatore,Referral,2025-06-05
C08450,Mumbai,Instagram,2025-04-09
C08451,Mumbai,,2024-12-20
C08452,Chennai,Organic,2025-11-15
C08453,Kochi,Instagram,2024-09-30
C08454,Thrissur,Influencer,2025-02-28
C08455,Kollam,Organic,2024-09-30
C08456,Mumbai,Referral,2025-07-24
C08457,Coimbatore,Referral,2025-05-19
C08458,Coimbatore,Referral,2025-02-08
C08459,Thrissur,Instagram,2024-08-03
C08460,Kottayam,Organic,2025-08-10
C08461,Chennai,Referral,2025-10-08
C08462,Bangalore,Referral,2025-12-08
C08463,Hyderabad,Influencer,2025-05-22
C08464,Mysore,Instagram,2025-04-18
C08465,Cochin,Referral,2024-09-18
C08466,Kottayam,Instagram,2024-07-14
C08467,TVM,Referral,2025-08-27
C08468,Mysore,Referral,2024-11-03
C08469,TVM,Referral,2024-11-08
C08470,Kollam,Influencer,2025-06-11
C08471,Calicut,Instagram,2025-05-01
C08472,Bangalore,Influencer,2025-07-21
C08473,Bangalore,Referral,2024-09-29
C08474,Mysore,Organic,2025-01-22
C08475,TVM,Instagram,2025-03-01
C08476,TVM,Influencer,2025-01-18
C08477,Chennai,Referral,2025-06-15
C08478,Kollam,Influencer,2025-09-30
C08479,Calicut,Influencer,2025-02-21
C08480,Kottayam,Organic,2025-04-17
C08481,Chennai,Referral,2025-05-14
C08482,Kollam,Organic,2024-12-26
C08483,TVM,,2025-07-07
C08484,Mysore,Referral,2024-08-03
C08485,Mumbai,Instagram,2025-10-07
C08486,Thrissur,Influencer,2025-09-04
C08487,Chennai,,2025-10-24
C08488,Bangalore,Instagram,2025-12-23
C08489,Kollam,Referral,2024-08-13
C08490,Kottayam,Organic,2025-09-15
C08491,TVM,Referral,2025-11-08
C08492,Chennai,Organic,2025-03-14
C08493,Kollam,Instagram,2025-01-06
C08494,Kottayam,Influencer,2025-05-15
C08495,Calicut,Organic,2024-10-01
C08496,Hyderabad,Referral,2025-02-01
C08497,Mumbai,Instagram,2025-10-20
C08498,TVM,Referral,2025-11-14
C08499,Mumbai,Referral,2024-09-17
C08500,Hyderabad,Referral,2025-03-05
C08501,Mysore,Influencer,2025-08-17
C08502,TVM,Instagram,2024-08-12
C08503,Mysore,Referral,2024-11-05
C08504,Chennai,Instagram,2024-08-25
C08505,Coimbatore,Influencer,2024-12-30
C08506,Kochi,Instagram,2024-09-29
C08507,Kottayam,Instagram,2025-02-11
C08508,Calicut,Instagram,2024-07-08
C08509,TVM,Instagram,2025-10-16
C08510,Cochin,Organic,2024-12-30
C08511,Kollam,Instagram,2025-11-15
C08512,Mysore,Referral,2024-08-19
C08513,Bangalore,Instagram,2025-09-07
C08514,Calicut,Referral,2025-01-07
C08515,Kochi,Influencer,2025-03-09
C08516,Kochi,Referral,2025-12-13
C08517,Cochin,Referral,2025-10-12
C08518,Mumbai,Referral,2025-08-03
C08519,Chennai,Influencer,2024-11-06
C08520,TVM,Influencer,2025-05-27
C08521,Kottayam,Organic,2025-03-17
C08522,Cochin,Referral,2024-08-19
C08523,Kollam,Organic,2025-01-11
C08524,Coimbatore,Referral,2024-10-21
C08525,TVM,Influencer,2025-10-05
C08526,Cochin,Instagram,2025-03-06
C08527,Mysore,Influencer,2025-11-04
C08528,Kollam,Instagram,2024-11-09
C08529,Kochi,Referral,2025-12-24
C08530,TVM,Referral,2025-09-12
C08531,Kollam,Referral,2025-06-09
C08532,Thrissur,Referral,2024-10-29
C08533,Mysore,Instagram,2025-09-03
C08534,Bangalore,Referral,2025-02-16
C08535,Bangalore,Instagram,2025-08-29
C08536,Cochin,Organic,2025-03-04
C08537,Kollam,Instagram,2025-08-29
C08538,Mysore,Organic,2024-10-06
C08539,Kochi,Referral,2025-08-28
C08540,Calicut,Organic,2025-06-04
C08541,Bangalore,Referral,2024-11-03
C08542,Chennai,Organic,2025-10-19
C08543,Kochi,Influencer,2025-12-14
C08544,Coimbatore,Instagram,2025-09-28
C08545,Mysore,Influencer,2025-08-23
C08546,Thrissur,Organic,2025-11-06
C08547,Hyderabad,Organic,2024-09-21
C08548,Bangalore,Instagram,2025-09-26
C08549,Coimbatore,Instagram,2024-08-06
C08550,Coimbatore,Organic,2025-02-22
C08551,Coimbatore,Organic,2025-11-20
C08552,Mysore,Organic,2024-08-08
C08553,Thrissur,Referral,2025-10-14
C08554,Hyderabad,Influencer,2025-10-18
C08555,Kochi,Influencer,2025-02-06
C08556,Kottayam,Influencer,2025-08-03
C08557,Calicut,Referral,2025-12-12
C08558,Hyderabad,Instagram,2025-11-18
C08559,Calicut,Influencer,2025-10-22
C08560,Kottayam,Influencer,2025-11-03
C08561,Chennai,Organic,2024-09-09
C08562,Thrissur,Referral,2024-08-11
C08563,Kollam,Influencer,2025-01-31
C08564,Kochi,Referral,2024-11-09
C08565,Kottayam,Influencer,2025-03-07
C08566,Mumbai,Referral,2024-09-11
C08567,Kottayam,Referral,2024-10-07
C08568,Mysore,Influencer,2025-05-09
C08569,TVM,Organic,2025-02-19
C08570,Kottayam,Instagram,2025-10-01
C08571,TVM,Influencer,2025-12-15
C08572,Mumbai,Influencer,2025-08-12
C08573,Cochin,Influencer,2025-03-31
C08574,Calicut,Referral,2025-01-13
C08575,Mysore,Organic,2024-12-29
C08576,Kottayam,,2025-07-03
C08577,Cochin,Instagram,2025-04-28
C08578,Calicut,Influencer,2025-04-21
C08579,Coimbatore,Influencer,2024-11-02
C08580,Calicut,Referral,2025-06-19
C08581,Bangalore,Organic,2025-02-06
C08582,Mumbai,Referral,2024-09-14
C08583,Calicut,Instagram,2025-07-07
C08584,Coimbatore,Organic,2024-08-26
C08585,Thrissur,Influencer,2024-08-16
C08586,Cochin,Organic,2025-06-20
C08587,Hyderabad,Organic,2025-11-10
C08588,Mumbai,Influencer,2024-10-07
C08589,TVM,Organic,2025-09-02
C08590,Kollam,Organic,2024-10-31
C08591,Mumbai,Instagram,2025-03-15
C08592,Thrissur,Instagram,2025-03-03
C08593,Coimbatore,Referral,2025-12-03
C08594,Thrissur,Instagram,2025-07-04
C08595,Hyderabad,Organic,2025-02-23
C08596,TVM,Organic,2025-01-24
C08597,Kottayam,Instagram,2024-08-19
C08598,Mysore,Referral,2025-02-28
C08599,Calicut,Organic,2024-10-07
C08600,Chennai,Referral,2025-04-03
C08601,Calicut,Referral,2024-12-23
C08602,Bangalore,Influencer,2025-02-17
C08603,Bangalore,Referral,2024-12-18
C08604,Bangalore,Influencer,2025-05-01
C08605,Bangalore,Referral,2024-07-23
C08606,Bangalore,Instagram,2025-12-23
C08607,Calicut,Instagram,2025-01-06
C08608,Bangalore,Referral,2025-11-20
C08609,TVM,Organic,2024-12-01
C08610,Calicut,Organic,2024-09-10
C08611,Mumbai,Referral,2025-08-17
C08612,TVM,Instagram,2024-12-10
C08613,Hyderabad,Instagram,2025-02-18
C08614,Kochi,Referral,2024-07-17
C08615,Kollam,Referral,2024-08-18
C08616,Thrissur,Influencer,2024-09-11
C08617,TVM,Influencer,2024-12-06
C08618,Chennai,Organic,2025-02-09
C08619,TVM,Instagram,2025-11-28
C08620,Chennai,Organic,2024-07-29
C08621,Hyderabad,Organic,2025-10-28
C08622,Mumbai,Influencer,2025-08-26
C08623,Thrissur,Influencer,2024-07-07
C08624,Mysore,Referral,2025-05-05
C08625,TVM,Instagram,2025-10-29
C08626,Thrissur,Instagram,2024-08-07
C08627,Cochin,Referral,2025-03-24
C08628,Mysore,Organic,2025-10-03
C08629,Mumbai,Instagram,2025-12-21
C08630,Kollam,Organic,2025-01-26
C08631,Chennai,Organic,2025-05-21
C08632,Kochi,Influencer,2024-08-07
C08633,Kollam,Referral,2025-06-21
C08634,Thrissur,Instagram,2025-05-14
C08635,Thrissur,Influencer,2025-10-17
C08636,Coimbatore,Influencer,2024-08-31
C08637,TVM,Organic,2025-06-26
C08638,Chennai,Influencer,2024-10-06
C08639,TVM,Influencer,2025-09-18
C08640,Kochi,Influencer,2024-10-29
C08641,Coimbatore,Referral,2024-11-07
C08642,Cochin,Influencer,2025-03-29
C08643,Mysore,Influencer,2024-08-25
C08644,Coimbatore,Organic,2025-07-24
C08645,Hyderabad,Organic,2024-11-25
C08646,Calicut,,2024-10-04
C08647,Coimbatore,Referral,2024-09-14
C08648,Kollam,Organic,2025-12-04
C08649,Kottayam,Referral,2025-09-12
C08650,Chennai,Influencer,2024-10-14
C08651,Kochi,Organic,2024-07-25
C08652,Kollam,Organic,2025-10-26
C08653,Thrissur,Referral,2025-02-06
C08654,Coimbatore,Referral,2024-12-07
C08655,Bangalore,Referral,2024-11-15
C08656,Calicut,Referral,2024-12-22
C08657,Kochi,Instagram,2024-12-17
C08658,Mumbai,Instagram,2024-08-10
C08659,Hyderabad,Instagram,2025-12-04
C08660,Kollam,Referral,2024-12-27
C08661,Kochi,Instagram,2025-12-31
C08662,TVM,Referral,2025-01-21
C08663,Chennai,Instagram,2024-09-19
C08664,Kollam,Referral,2024-07-04
C08665,Kollam,Referral,2025-04-17
C08666,Thrissur,Influencer,2025-08-29
C08667,Chennai,Referral,2024-11-10
C08668,Calicut,Referral,2025-04-26
C08669,Kollam,Organic,2025-05-06
C08670,TVM,Influencer,2025-04-01
C08671,TVM,Organic,2025-03-15
C08672,Bangalore,Instagram,2024-12-24
C08673,Bangalore,Instagram,2025-03-25
C08674,Bangalore,Organic,2025-03-01
C08675,Calicut,Influencer,2024-07-31
C08676,TVM,Instagram,2024-10-06
C08677,Mysore,Organic,2025-07-26
C08678,Mumbai,Influencer,2025-07-22
C08679,Hyderabad,Instagram,2025-10-22
C08680,Calicut,Instagram,2024-09-06
C08681,Mumbai,Influencer,2024-10-29
C08682,Bangalore,Organic,2024-10-02
C08683,Chennai,Referral,2025-07-18
C08684,Mumbai,Influencer,2024-10-04
C08685,Kottayam,Referral,2025-02-12
C08686,Thrissur,Influencer,2024-07-09
C08687,Hyderabad,Instagram,2025-04-20
C08688,TVM,Instagram,2025-10-14
C08689,Kottayam,Instagram,2025-11-23
C08690,Mumbai,Referral,2024-11-06
C08691,Coimbatore,Influencer,2025-07-07
C08692,Mumbai,Organic,2024-10-04
C08693,Cochin,Organic,2024-12-12
C08694,Chennai,Instagram,2024-12-04
C08695,Chennai,Organic,2025-04-05
C08696,Chennai,Organic,2024-12-31
C08697,Calicut,Organic,2025-01-29
C08698,Mumbai,Referral,2025-11-21
C08699,Chennai,Organic,2024-07-25
C08700,Calicut,,2025-08-20
C08701,Kottayam,Instagram,2024-08-15
C08702,TVM,Organic,2025-07-25
C08703,Calicut,Referral,2024-09-07
C08704,Mysore,Influencer,2024-08-04
C08705,Kollam,Influencer,2024-09-27
C08706,Chennai,Instagram,2024-10-26
C08707,Mysore,Referral,2025-08-10
C08708,Thrissur,Organic,2024-11-30
C08709,Kottayam,Referral,2025-01-28
C08710,Mysore,Referral,2024-09-12
C08711,Coimbatore,Organic,2024-11-17
C08712,Thrissur,Instagram,2025-05-21
C08713,Mumbai,Referral,2025-12-01
C08714,Coimbatore,Influencer,2025-07-24
C08715,Bangalore,Instagram,2024-08-28
C08716,Hyderabad,Influencer,2025-07-03
C08717,Kochi,Instagram,2024-11-05
C08718,Bangalore,Organic,2025-12-02
C08719,Cochin,Influencer,2024-12-06
C08720,Hyderabad,Organic,2025-09-07
C08721,Kottayam,,2025-08-02
C08722,Kochi,Organic,2025-03-13
C08723,Kottayam,Referral,2025-06-03
C08724,Mumbai,Influencer,2025-02-05
C08725,Kochi,Organic,2025-11-27
C08726,Kottayam,Referral,2025-01-17
C08727,Bangalore,Instagram,2025-08-12
C08728,Bangalore,Influencer,2024-09-07
C08729,Hyderabad,Instagram,2025-12-06
C08730,Kottayam,Instagram,2025-02-02
C08731,Bangalore,Referral,2025-09-09
C08732,Coimbatore,Organic,2024-10-09
C08733,Kollam,Influencer,2024-09-04
C08734,Kochi,Referral,2024-11-10
C08735,Mumbai,Referral,2024-11-16
C08736,Kollam,Influencer,2025-11-10
C08737,Mumbai,Influencer,2025-07-19
C08738,Hyderabad,Organic,2024-10-14
C08739,Kottayam,Instagram,2024-12-06
C08740,Calicut,Influencer,2024-10-04
C08741,Calicut,Referral,2025-07-31
C08742,Hyderabad,Referral,2024-11-06
C08743,Mysore,Influencer,2024-10-12
C08744,Mysore,Instagram,2024-08-13
C08745,Mumbai,Influencer,2024-10-18
C08746,Kollam,Referral,2025-12-09
C08747,Thrissur,Organic,2024-10-22
C08748,Kottayam,Referral,2025-09-19
C08749,Kottayam,Organic,2024-10-29
C08750,TVM,Organic,2025-03-21
C08751,Hyderabad,Influencer,2025-09-12
C08752,Thrissur,Organic,2025-12-13
C08753,Chennai,Organic,2025-09-17
C08754,Kollam,Influencer,2025-09-21
C08755,TVM,Influencer,2025-08-27
C08756,Mysore,Instagram,2024-08-09
C08757,Calicut,Instagram,2025-05-13
C08758,Mumbai,Organic,2025-11-10
C08759,Coimbatore,Referral,2024-08-28
C08760,Calicut,Influencer,2025-07-24
C08761,Cochin,Instagram,2025-01-10
C08762,Thrissur,Organic,2025-01-12
C08763,Chennai,Organic,2025-09-29
C08764,Hyderabad,Instagram,2024-12-23
C08765,Mysore,Referral,2024-07-20
C08766,Chennai,Organic,2025-05-17
C08767,Kollam,Influencer,2025-07-16
C08768,TVM,Influencer,2025-10-28
C08769,Kochi,Referral,2024-08-22
C08770,Hyderabad,Referral,2025-10-31
C08771,Bangalore,Instagram,2024-07-08
C08772,Hyderabad,Referral,2025-02-18
C08773,Kollam,Organic,2025-12-10
C08774,TVM,Influencer,2025-12-10
C08775,Calicut,Instagram,2025-10-01
C08776,Hyderabad,Instagram,2025-11-23
C08777,Calicut,Referral,2025-01-05
C08778,Kochi,,2025-06-25
C08779,TVM,Influencer,2024-12-05
C08780,Mysore,Referral,2024-09-17
C08781,Coimbatore,Organic,2025-01-14
C08782,Mysore,Influencer,2025-01-22
C08783,Kochi,Instagram,2025-03-18
C08784,Kottayam,Referral,2025-06-24
C08785,Hyderabad,Instagram,2024-11-14
C08786,Mysore,Referral,2025-01-22
C08787,Bangalore,Influencer,2025-04-03
C08788,Calicut,Instagram,2025-11-14
C08789,Calicut,Instagram,2025-01-07
C08790,TVM,Influencer,2024-10-05
C08791,Cochin,Influencer,2025-07-03
C08792,Coimbatore,Organic,2025-04-12
C08793,Kochi,Instagram,2025-02-08
C08794,Hyderabad,Organic,2025-03-30
C08795,Kollam,Instagram,2025-02-02
C08796,Mysore,Organic,2024-10-02
C08797,Bangalore,Organic,2025-06-09
C08798,Mumbai,Influencer,2025-09-15
C08799,Mysore,Instagram,2025-07-20
C08800,Kollam,Influencer,2024-12-04
C08801,Cochin,Organic,2025-02-14
C08802,Hyderabad,Instagram,2025-10-04
C08803,Kottayam,Organic,2025-07-12
C08804,Bangalore,Organic,2025-07-16
C08805,Kochi,Referral,2025-08-26
C08806,Kollam,Instagram,2025-09-20
C08807,Hyderabad,Organic,2025-07-18
C08808,TVM,Influencer,2025-02-13
C08809,Calicut,Influencer,2025-04-28
C08810,Kottayam,Referral,2025-03-13
C08811,Mysore,Organic,2024-12-24
C08812,Kottayam,Referral,2025-12-08
C08813,TVM,Instagram,2024-12-08
C08814,TVM,Influencer,2025-04-28
C08815,Mysore,Instagram,2025-05-10
C08816,Kottayam,Influencer,2025-09-18
C08817,Kollam,Influencer,2025-03-11
C08818,TVM,Instagram,2024-07-10
C08819,Hyderabad,Organic,2025-01-02
C08820,Hyderabad,Influencer,2025-06-24
C08821,Thrissur,Referral,2024-07-13
C08822,Hyderabad,Organic,2024-09-29
C08823,Thrissur,Referral,2025-08-20
C08824,Kottayam,Organic,2025-12-15
C08825,TVM,Referral,2025-05-25
C08826,Mumbai,Influencer,2024-12-17
C08827,Thrissur,Instagram,2024-07-11
C08828,Thrissur,Instagram,2024-10-14
C08829,Kottayam,Instagram,2025-06-22
C08830,Kollam,Organic,2025-09-03
C08831,Calicut,Instagram,2025-03-07
C08832,Coimbatore,Referral,2025-07-06
C08833,Bangalore,Influencer,2024-12-28
C08834,Thrissur,Referral,2024-07-11
C08835,TVM,Instagram,2024-12-24
C08836,TVM,Referral,2025-09-08
C08837,Mumbai,Influencer,2024-07-24
C08838,Mysore,Instagram,2025-09-07
C08839,TVM,Influencer,2024-07-14
C08840,Hyderabad,Influencer,2024-11-09
C08841,Kochi,Influencer,2025-09-09
C08842,Kottayam,Organic,2024-10-07
C08843,Mumbai,Referral,2025-03-07
C08844,Hyderabad,Influencer,2025-09-04
C08845,Thrissur,Instagram,2025-08-13
C08846,TVM,Influencer,2025-06-15
C08847,TVM,Organic,2024-12-20
C08848,Mumbai,Organic,2025-01-16
C08849,Thrissur,Influencer,2024-12-21
C08850,Kochi,Instagram,2024-12-09
C08851,Calicut,Influencer,2025-08-19
C08852,Thrissur,Instagram,2025-05-19
C08853,TVM,Referral,2025-09-26
C08854,Kollam,Organic,2025-08-17
C08855,Bangalore,Organic,2024-09-06
C08856,Hyderabad,Organic,2025-12-29
C08857,Mumbai,Influencer,2025-10-14
C08858,Chennai,Influencer,2025-03-07
C08859,Mysore,Influencer,2024-10-07
C08860,Mumbai,Organic,2025-12-08
C08861,Calicut,Influencer,2025-08-23
C08862,Kottayam,Influencer,2025-07-03
C08863,Bangalore,Referral,2024-07-09
C08864,Coimbatore,Referral,2024-10-19
C08865,Coimbatore,Instagram,2025-07-29
C08866,Calicut,Instagram,2025-08-06
C08867,Calicut,Referral,2025-06-28
C08868,Kochi,Influencer,2025-08-26
C08869,Mysore,Influencer,2025-04-24
C08870,Mysore,Influencer,2025-09-28
C08871,Kottayam,Influencer,2025-01-17
C08872,Calicut,Instagram,2025-05-18
C08873,Kollam,Organic,2025-05-11
C08874,Calicut,Referral,2024-07-14
C08875,Cochin,Influencer,2024-09-03
C08876,Hyderabad,Organic,2025-09-14
C08877,Kollam,Organic,2025-02-15
C08878,Thrissur,Instagram,2025-06-26
C08879,Chennai,Influencer,2024-11-15
C08880,Coimbatore,Referral,2025-02-22
C08881,TVM,Referral,2025-04-19
C08882,Coimbatore,Instagram,2025-06-20
C08883,Kollam,Instagram,2025-05-26
C08884,Cochin,Instagram,2025-09-29
C08885,Thrissur,Organic,2025-05-14
C08886,Hyderabad,Organic,2025-08-13
C08887,Mumbai,Influencer,2025-05-01
C08888,Thrissur,Organic,2025-08-11
C08889,Kochi,,2025-10-18
C08890,Chennai,Organic,2025-10-18
C08891,Coimbatore,Influencer,2025-11-28
C08892,Kottayam,Organic,2025-08-02
C08893,Chennai,Influencer,2025-03-11
C08894,Hyderabad,Organic,2025-01-21
C08895,Kollam,Referral,2025-08-26
C08896,Kollam,Referral,2025-06-09
C08897,Thrissur,Influencer,2025-12-01
C08898,Kottayam,Influencer,2025-06-22
C08899,Thrissur,Organic,2024-08-06
C08900,TVM,,2025-10-10
C08901,Mysore,Influencer,2024-09-02
C08902,Calicut,Influencer,2025-09-17
C08903,Thrissur,Referral,2024-07-03
C08904,Mysore,Instagram,2024-08-22
C08905,Kochi,Organic,2025-06-28
C08906,Calicut,Instagram,2024-08-04
C08907,Hyderabad,Instagram,2025-05-27
C08908,Kottayam,Organic,2024-11-27
C08909,Coimbatore,Influencer,2025-06-17
C08910,Mumbai,Instagram,2025-06-01
C08911,Bangalore,Referral,2025-05-18
C08912,TVM,Referral,2025-11-24
C08913,Chennai,Referral,2024-07-15
C08914,TVM,Instagram,2024-09-09
C08915,Kollam,Organic,2025-03-31
C08916,Mysore,Organic,2024-11-22
C08917,Calicut,Influencer,2025-12-17
C08918,Chennai,Influencer,2024-08-31
C08919,Kochi,Referral,2025-03-28
C08920,Hyderabad,Organic,2024-10-14
C08921,Kottayam,Influencer,2025-05-05
C08922,Coimbatore,Organic,2025-08-25
C08923,Thrissur,Influencer,2025-05-28
C08924,Mysore,Instagram,2025-01-03
C08925,TVM,Instagram,2025-09-22
C08926,Kottayam,Instagram,2024-09-20
C08927,Mysore,Referral,2025-08-18
C08928,TVM,,2025-10-18
C08929,Hyderabad,Organic,2025-10-23
C08930,Thrissur,Referral,2025-12-07
C08931,Chennai,Influencer,2024-12-08
C08932,Chennai,Influencer,2025-07-12
C08933,Thrissur,Instagram,2025-10-15
C08934,Calicut,Influencer,2024-09-15
C08935,Kochi,Referral,2025-05-16
C08936,Chennai,Referral,2025-06-30
C08937,TVM,Referral,2024-07-01
C08938,Hyderabad,Influencer,2025-06-27
C08939,Chennai,Instagram,2024-10-02
C08940,Kottayam,Organic,2024-09-06
C08941,Kochi,Referral,2025-02-05
C08942,Kottayam,Instagram,2025-01-10
C08943,Mysore,Influencer,2025-03-22
C08944,Coimbatore,Influencer,2025-05-25
C08945,Coimbatore,Instagram,2024-10-10
C08946,Kollam,Organic,2024-07-01
C08947,Cochin,Referral,2025-06-09
C08948,Cochin,Organic,2024-08-24
C08949,Coimbatore,Instagram,2025-10-08
C08950,Bangalore,Organic,2024-07-17
C08951,Mysore,Influencer,2025-03-07
C08952,Kochi,Organic,2024-09-14
C08953,TVM,Instagram,2024-11-03
C08954,Coimbatore,Organic,2024-10-10
C08955,TVM,Instagram,2024-10-07
C08956,Chennai,Referral,2024-07-25
C08957,Bangalore,Instagram,2025-06-28
C08958,Thrissur,Instagram,2025-04-26
C08959,Bangalore,Organic,2025-07-27
C08960,Chennai,Organic,2025-11-18
C08961,Kottayam,Referral,2025-01-01
C08962,Kottayam,Influencer,2025-10-08
C08963,Thrissur,Referral,2025-02-26
C08964,Calicut,Referral,2024-10-14
C08965,Kollam,Influencer,2024-09-07
C08966,Calicut,Influencer,2025-02-21
C08967,Thrissur,Referral,2025-07-07
C08968,Mumbai,Instagram,2024-12-28
C08969,Kochi,Instagram,2025-02-07
C08970,Thrissur,Instagram,2025-04-17
C08971,TVM,Referral,2025-02-20
C08972,Calicut,Instagram,2025-08-28
C08973,Calicut,Instagram,2024-08-24
C08974,Cochin,Referral,2025-12-15
C08975,Bangalore,Influencer,2024-07-24
C08976,Hyderabad,Organic,2025-04-02
C08977,Bangalore,Influencer,2024-10-31
C08978,Thrissur,Instagram,2025-02-01
C08979,Kollam,Influencer,2025-06-14
C08980,Calicut,Influencer,2025-01-15
C08981,Kottayam,Influencer,2025-10-21
C08982,Kochi,Referral,2025-10-26
C08983,Coimbatore,Influencer,2025-06-09
C08984,TVM,Influencer,2024-08-18
C08985,Thrissur,Organic,2025-02-03
C08986,Mumbai,Referral,2025-09-02
C08987,TVM,Referral,2025-10-02
C08988,Cochin,Referral,2025-06-17
C08989,Thrissur,Instagram,2024-07-26
C08990,Coimbatore,Referral,2025-02-13
C08991,Mysore,Referral,2025-10-15
C08992,Kochi,Influencer,2025-08-29
C08993,Mumbai,Influencer,2025-02-17
C08994,Thrissur,Organic,2025-01-23
C08995,Bangalore,Organic,2025-11-21
C08996,Mumbai,Instagram,2024-07-27
C08997,Thrissur,Referral,2025-12-29
C08998,Hyderabad,Influencer,2025-08-31
C08999,TVM,Instagram,2025-03-24
C09000,Kottayam,Referral,2025-11-05
C09001,Coimbatore,Instagram,2025-11-17
C09002,Kollam,Instagram,2025-08-26
C09003,Chennai,Influencer,2025-05-29
C09004,Hyderabad,Organic,2024-10-09
C09005,Mysore,Referral,2024-09-20
C09006,Kochi,Influencer,2025-01-16
C09007,Calicut,Instagram,2025-01-08
C09008,Kochi,Influencer,2024-10-24
C09009,Coimbatore,Organic,2025-02-23
C09010,Kochi,Influencer,2025-02-12
C09011,Kottayam,Organic,2025-09-17
C09012,Kottayam,Organic,2025-06-16
C09013,Bangalore,Referral,2025-12-12
C09014,TVM,Organic,2025-05-12
C09015,TVM,Influencer,2025-02-13
C09016,Bangalore,Organic,2024-07-10
C09017,Kottayam,Instagram,2025-11-13
C09018,Bangalore,Organic,2025-04-02
C09019,Coimbatore,Instagram,2024-11-21
C09020,Bangalore,Instagram,2025-05-21
C09021,Hyderabad,Instagram,2025-01-18
C09022,Kottayam,Influencer,2025-05-04
C09023,Kottayam,Organic,2024-10-30
C09024,Mumbai,Instagram,2024-11-21
C09025,Kochi,Influencer,2025-03-29
C09026,Cochin,Organic,2024-11-28
C09027,Kochi,Referral,2025-06-27
C09028,Bangalore,Instagram,2025-04-07
C09029,Kochi,Organic,2025-11-13
C09030,Bangalore,Referral,2025-09-26
C09031,Thrissur,Organic,2024-10-11
C09032,Mumbai,Instagram,2024-07-28
C09033,Coimbatore,Referral,2025-04-22
C09034,Kottayam,Instagram,2025-10-24
C09035,Chennai,Organic,2025-02-17
C09036,Kottayam,Influencer,2025-05-08
C09037,Kochi,Instagram,2024-07-28
C09038,Cochin,,2025-06-24
C09039,Kottayam,Organic,2024-11-05
C09040,Thrissur,Referral,2025-10-06
C09041,Chennai,Referral,2025-04-18
C09042,Hyderabad,Instagram,2024-08-18
C09043,Mumbai,Instagram,2024-10-09
C09044,Hyderabad,Influencer,2025-02-28
C09045,Mysore,Organic,2025-11-13
C09046,Mumbai,Influencer,2025-09-08
C09047,Mysore,Instagram,2025-11-30
C09048,Kochi,Organic,2025-09-27
C09049,Mumbai,Instagram,2025-01-12
C09050,Kollam,Referral,2025-11-24
C09051,Chennai,Influencer,2024-07-20
C09052,Coimbatore,Instagram,2024-08-29
C09053,Hyderabad,Organic,2025-12-21
C09054,Calicut,Instagram,2025-01-07
C09055,TVM,Influencer,2025-05-16
C09056,Mumbai,Organic,2025-09-04
C09057,Coimbatore,Instagram,2024-12-12
C09058,Mysore,Instagram,2025-10-04
C09059,Kochi,Referral,2025-07-25
C09060,Chennai,Referral,2024-11-02
C09061,Kottayam,Influencer,2024-10-14
C09062,Mumbai,Referral,2024-10-09
C09063,Kottayam,Organic,2025-01-13
C09064,Kottayam,Organic,2024-07-24
C09065,Bangalore,Organic,2025-06-23
C09066,Cochin,Influencer,2025-03-10
C09067,Calicut,Organic,2025-06-01
C09068,Kollam,Referral,2024-12-08
C09069,Mysore,Instagram,2025-12-31
C09070,Coimbatore,Organic,2025-10-21
C09071,Kottayam,Organic,2025-02-18
C09072,Cochin,Influencer,2025-02-13
C09073,Hyderabad,Influencer,2025-01-21
C09074,Bangalore,Influencer,2025-12-12
C09075,Bangalore,Influencer,2025-11-04
C09076,Hyderabad,Referral,2025-02-22
C09077,Kottayam,Influencer,2025-07-19
C09078,Kochi,Influencer,2024-12-20
C09079,Bangalore,Influencer,2024-09-28
C09080,Thrissur,Referral,2024-07-13
C09081,Thrissur,Organic,2025-04-26
C09082,Kollam,Referral,2024-11-13
C09083,Chennai,Organic,2025-07-20
C09084,TVM,Referral,2025-06-21
C09085,Thrissur,Influencer,2024-07-07
C09086,TVM,Instagram,2024-11-24
C09087,Kottayam,Referral,2025-05-17
C09088,Hyderabad,Organic,2025-09-20
C09089,Thrissur,Referral,2025-10-05
C09090,Chennai,Instagram,2025-12-04
C09091,Kollam,Influencer,2025-07-14
C09092,Mumbai,Instagram,2025-12-31
C09093,Chennai,Influencer,2024-09-22
C09094,Chennai,Referral,2024-07-26
C09095,Kochi,Referral,2024-11-30
C09096,Chennai,Referral,2025-10-17
C09097,Kollam,Referral,2025-01-04
C09098,Mumbai,Instagram,2025-02-06
C09099,Calicut,,2024-08-25
C09100,Bangalore,Instagram,2025-07-28
C09101,TVM,Instagram,2025-10-12
C09102,Cochin,Instagram,2025-12-10
C09103,Mumbai,Influencer,2025-07-28
C09104,TVM,Instagram,2024-09-04
C09105,Bangalore,Referral,2025-05-05
C09106,Mumbai,Influencer,2025-09-15
C09107,Coimbatore,Organic,2025-02-25
C09108,Chennai,Referral,2025-12-02
C09109,Mysore,Organic,2025-12-22
C09110,Thrissur,Referral,2025-09-11
C09111,Chennai,Influencer,2025-07-17
C09112,TVM,Organic,2025-07-14
C09113,Thrissur,Instagram,2025-08-05
C09114,Calicut,Organic,2025-03-24
C09115,Bangalore,Referral,2024-09-02
C09116,Mysore,Organic,2024-07-17
C09117,Bangalore,Organic,2025-10-30
C09118,Coimbatore,Organic,2024-09-25
C09119,Kochi,Influencer,2025-07-04
C09120,Kottayam,Organic,2025-06-30
C09121,Thrissur,Organic,2025-02-16
C09122,Bangalore,Referral,2025-04-23
C09123,Bangalore,Instagram,2024-12-29
C09124,Hyderabad,Instagram,2025-06-21
C09125,Mysore,Influencer,2024-08-30
C09126,Thrissur,Organic,2024-09-21
C09127,Kochi,Instagram,2025-10-15
C09128,Mumbai,Instagram,2025-02-19
C09129,Bangalore,Organic,2024-08-17
C09130,Calicut,Referral,2025-10-10
C09131,Kochi,Influencer,2025-08-15
C09132,Kottayam,Referral,2025-09-14
C09133,Cochin,Influencer,2025-05-10
C09134,Mumbai,Instagram,2025-10-29
C09135,Mysore,Instagram,2025-10-18
C09136,Thrissur,Referral,2025-07-29
C09137,Coimbatore,Instagram,2024-12-17
C09138,Coimbatore,Referral,2025-02-16
C09139,Hyderabad,Referral,2024-12-24
C09140,Calicut,Organic,2025-10-27
C09141,Calicut,Instagram,2025-02-13
C09142,Kochi,,2025-05-13
C09143,Hyderabad,Instagram,2025-07-15
C09144,Kochi,Influencer,2024-07-24
C09145,Mysore,Influencer,2025-03-02
C09146,Mumbai,Instagram,2025-09-07
C09147,Kochi,Instagram,2025-02-28
C09148,Mumbai,Influencer,2024-07-14
C09149,Chennai,Referral,2025-09-12
C09150,Kochi,Organic,2025-05-21
C09151,Hyderabad,Referral,2024-12-18
C09152,Thrissur,Influencer,2024-12-14
C09153,Mumbai,Referral,2025-08-14
C09154,Thrissur,Instagram,2025-09-04
C09155,Kottayam,Instagram,2025-04-21
C09156,Chennai,Referral,2025-01-18
C09157,Kollam,Influencer,2025-11-30
C09158,Kollam,Referral,2025-02-21
C09159,Mysore,Organic,2024-12-21
C09160,Bangalore,Referral,2024-07-09
C09161,Mumbai,Instagram,2025-03-09
C09162,Mumbai,Organic,2024-09-29
C09163,TVM,Referral,2024-09-08
C09164,Kottayam,Instagram,2025-01-14
C09165,Hyderabad,Instagram,2024-11-08
C09166,Bangalore,Influencer,2025-12-15
C09167,Kochi,Referral,2025-04-27
C09168,Hyderabad,Referral,2024-07-31
C09169,Kochi,Organic,2025-02-21
C09170,Thrissur,Organic,2024-09-11
C09171,Calicut,Organic,2024-10-29
C09172,Calicut,Organic,2025-09-23
C09173,Kottayam,Influencer,2025-08-19
C09174,Bangalore,Organic,2025-06-27
C09175,Cochin,Organic,2024-08-02
C09176,Coimbatore,Organic,2025-06-24
C09177,Chennai,Referral,2025-11-08
C09178,Kochi,Instagram,2024-11-03
C09179,Kochi,Organic,2025-09-08
C09180,Hyderabad,Organic,2025-02-24
C09181,Chennai,Instagram,2025-04-15
C09182,Mumbai,Influencer,2025-07-19
C09183,Kottayam,Referral,2025-11-12
C09184,Chennai,Referral,2024-09-29
C09185,Thrissur,Instagram,2025-01-27
C09186,Mumbai,Instagram,2025-12-29
C09187,Coimbatore,Organic,2024-09-18
C09188,Mumbai,Organic,2025-10-19
C09189,Thrissur,Organic,2025-01-31
C09190,Coimbatore,Instagram,2025-07-21
C09191,Hyderabad,Influencer,2024-10-26
C09192,Hyderabad,Influencer,2025-07-11
C09193,Chennai,Organic,2025-12-04
C09194,Hyderabad,Influencer,2024-08-10
C09195,Coimbatore,,2025-05-23
C09196,Kottayam,Influencer,2024-12-28
C09197,Mysore,Instagram,2025-07-06
C09198,Coimbatore,Referral,2025-12-22
C09199,Kollam,Instagram,2025-07-01
C09200,Bangalore,Organic,2025-11-25
C09201,Kottayam,Instagram,2025-04-15
C09202,Kollam,Organic,2025-02-11
C09203,Calicut,Influencer,2025-08-24
C09204,Mumbai,Influencer,2024-11-06
C09205,Bangalore,Instagram,2025-08-18
C09206,Calicut,Organic,2025-04-11
C09207,Coimbatore,Organic,2025-09-16
C09208,Bangalore,Instagram,2024-07-19
C09209,Kottayam,Organic,2025-05-13
C09210,Cochin,Influencer,2025-11-14
C09211,Calicut,Influencer,2024-10-26
C09212,Kochi,Instagram,2025-12-31
C09213,Cochin,Influencer,2025-02-17
C09214,Mumbai,Organic,2025-08-07
C09215,Mysore,Instagram,2025-04-12
C09216,Coimbatore,,2024-12-06
C09217,Kollam,Influencer,2024-07-28
C09218,Kottayam,Instagram,2025-10-04
C09219,Mysore,Referral,2025-10-29
C09220,Cochin,,2024-11-30
C09221,Mysore,Organic,2025-06-03
C09222,Kollam,Influencer,2024-08-14
C09223,Bangalore,Instagram,2025-03-15
C09224,Thrissur,Organic,2024-08-15
C09225,Kottayam,Referral,2024-11-28
C09226,Chennai,Influencer,2025-08-12
C09227,Bangalore,Organic,2025-06-05
C09228,Chennai,Instagram,2024-10-06
C09229,Kochi,Referral,2025-12-04
C09230,Bangalore,Organic,2025-04-21
C09231,Thrissur,Influencer,2025-05-20
C09232,Bangalore,Organic,2025-08-15
C09233,Calicut,Influencer,2024-11-15
C09234,TVM,Referral,2025-01-19
C09235,Hyderabad,Referral,2025-06-14
C09236,Thrissur,Referral,2025-10-12
C09237,Bangalore,Influencer,2025-04-11
C09238,Mysore,Organic,2025-04-16
C09239,Thrissur,Referral,2025-06-27
C09240,Hyderabad,Referral,2025-10-29
C09241,TVM,,2025-09-28
C09242,Thrissur,Influencer,2025-09-26
C09243,Bangalore,Instagram,2024-08-13
C09244,Mysore,Organic,2025-10-28
C09245,Coimbatore,Influencer,2025-01-18
C09246,Coimbatore,Referral,2025-09-29
C09247,Mysore,Referral,2025-06-07
C09248,Cochin,Instagram,2025-11-10
C09249,Kollam,Instagram,2025-12-19
C09250,Hyderabad,Referral,2025-12-17
C09251,Bangalore,Referral,2025-09-15
C09252,Coimbatore,Referral,2024-09-26
C09253,Kollam,Instagram,2025-02-02
C09254,Kochi,Influencer,2025-01-13
C09255,Mysore,Organic,2025-01-25
C09256,Kollam,Influencer,2025-11-23
C09257,Coimbatore,Referral,2025-05-19
C09258,Kollam,Referral,2025-02-07
C09259,Coimbatore,Referral,2024-07-29
C09260,Thrissur,Influencer,2024-07-05
C09261,Mumbai,Referral,2025-12-22
C09262,Calicut,Instagram,2024-09-16
C09263,Calicut,Referral,2025-04-17
C09264,Mysore,Organic,2025-06-24
C09265,Thrissur,Organic,2025-02-12
C09266,Chennai,Instagram,2025-02-25
C09267,Kollam,Influencer,2025-08-28
C09268,Calicut,Referral,2024-12-16
C09269,Thrissur,Referral,2024-08-28
C09270,Bangalore,Instagram,2024-10-11
C09271,Coimbatore,Organic,2025-12-16
C09272,Kollam,Influencer,2025-03-27
C09273,Bangalore,Referral,2024-12-03
C09274,Hyderabad,Referral,2024-11-15
C09275,Coimbatore,Referral,2025-10-09
C09276,TVM,Referral,2025-01-19
C09277,Chennai,Influencer,2025-12-31
C09278,Kottayam,Referral,2025-03-14
C09279,Thrissur,Organic,2025-06-10
C09280,TVM,Organic,2025-06-27
C09281,Chennai,Referral,2025-10-11
C09282,Coimbatore,Instagram,2025-02-06
C09283,Thrissur,Instagram,2025-01-26
C09284,TVM,Instagram,2025-02-14
C09285,Mumbai,,2025-11-24
C09286,Mysore,Referral,2025-03-24
C09287,TVM,Instagram,2024-09-24
C09288,TVM,Instagram,2025-01-27
C09289,Calicut,Instagram,2024-11-18
C09290,Hyderabad,Referral,2025-02-06
C09291,Mysore,Instagram,2025-03-02
C09292,Hyderabad,Organic,2025-07-19
C09293,Kottayam,,2025-09-13
C09294,Chennai,Influencer,2024-08-15
C09295,Mysore,Referral,2025-10-28
C09296,Kollam,Referral,2025-11-22
C09297,Kollam,Influencer,2025-10-01
C09298,Bangalore,Referral,2024-08-20
C09299,Kochi,Referral,2025-01-30
C09300,Kollam,Influencer,2025-02-26
C09301,Kottayam,Referral,2025-12-10
C09302,TVM,Instagram,2025-07-29
C09303,Kochi,Organic,2024-07-27
C09304,Calicut,Referral,2025-10-11
C09305,Calicut,Instagram,2025-01-27
C09306,Cochin,Influencer,2025-08-07
C09307,Mumbai,Organic,2025-11-30
C09308,Thrissur,Instagram,2025-02-13
C09309,Cochin,Influencer,2025-03-23
C09310,Cochin,Influencer,2024-09-21
C09311,Bangalore,Organic,2025-11-10
C09312,TVM,Influencer,2025-11-11
C09313,Bangalore,Referral,2025-02-12
C09314,Chennai,Instagram,2025-10-28
C09315,Mumbai,Influencer,2025-04-28
C09316,TVM,Influencer,2025-04-11
C09317,Hyderabad,Referral,2025-08-19
C09318,Kochi,Organic,2025-09-13
C09319,TVM,Influencer,2024-07-26
C09320,Kochi,Organic,2025-05-23
C09321,Kottayam,Referral,2025-04-19
C09322,Thrissur,Instagram,2024-09-22
C09323,Kottayam,Referral,2025-03-18
C09324,Kochi,Influencer,2025-07-02
C09325,Chennai,Organic,2025-05-23
C09326,Kollam,Organic,2025-08-31
C09327,Chennai,Instagram,2024-12-20
C09328,Kottayam,Instagram,2025-04-05
C09329,Kottayam,Referral,2024-07-27
C09330,Kollam,Organic,2024-11-19
C09331,Mumbai,Organic,2024-07-31
C09332,Kochi,Influencer,2025-08-10
C09333,Calicut,Influencer,2025-05-28
C09334,Mumbai,Instagram,2024-10-11
C09335,Chennai,Instagram,2025-05-16
C09336,Calicut,Instagram,2024-07-14
C09337,Cochin,Organic,2024-09-15
C09338,Mumbai,Referral,2025-07-14
C09339,Mumbai,Referral,2025-01-27
C09340,Calicut,Organic,2025-01-22
C09341,Hyderabad,Referral,2025-11-11
C09342,Coimbatore,Referral,2025-02-15
C09343,Coimbatore,Instagram,2025-07-11
C09344,Calicut,Organic,2025-05-05
C09345,Hyderabad,Referral,2025-11-09
C09346,Kottayam,Influencer,2025-01-23
C09347,Hyderabad,Influencer,2025-05-19
C09348,Bangalore,,2025-07-30
C09349,Bangalore,Referral,2025-04-22
C09350,Coimbatore,Referral,2024-09-28
C09351,TVM,Instagram,2025-07-16
C09352,Kottayam,Instagram,2025-12-19
C09353,Hyderabad,Referral,2025-11-30
C09354,Thrissur,Referral,2024-08-26
C09355,Bangalore,Influencer,2025-10-18
C09356,Kottayam,Influencer,2025-06-30
C09357,Mysore,Influencer,2025-04-29
C09358,Coimbatore,Organic,2025-12-08
C09359,Chennai,Organic,2025-09-23
C09360,Kollam,Influencer,2025-04-21
C09361,Coimbatore,Organic,2025-12-20
C09362,Hyderabad,Organic,2025-02-22
C09363,Hyderabad,Influencer,2024-12-15
C09364,Coimbatore,Influencer,2025-04-23
C09365,Mumbai,Instagram,2024-12-25
C09366,Mumbai,Referral,2024-12-22
C09367,Kollam,Organic,2025-07-23
C09368,TVM,Referral,2024-12-07
C09369,Mumbai,Organic,2024-12-18
C09370,Calicut,Referral,2025-04-14
C09371,Kollam,Organic,2024-10-05
C09372,Mysore,Instagram,2025-04-12
C09373,Bangalore,Organic,2025-03-15
C09374,Hyderabad,Instagram,2025-07-20
C09375,Calicut,Influencer,2025-12-04
C09376,Kottayam,Referral,2025-03-30
C09377,Thrissur,Influencer,2025-09-15
C09378,Hyderabad,Organic,2025-05-24
C09379,Coimbatore,Influencer,2025-09-17
C09380,Chennai,Instagram,2024-07-17
C09381,Kochi,Referral,2025-07-27
C09382,Kollam,Organic,2025-11-09
C09383,Chennai,Influencer,2024-09-05
C09384,Kottayam,Instagram,2025-11-19
C09385,Hyderabad,Instagram,2025-11-20
C09386,Kollam,Organic,2025-07-17
C09387,Thrissur,Organic,2025-10-05
C09388,Thrissur,Organic,2025-04-21
C09389,Kochi,Organic,2025-07-28
C09390,Cochin,Influencer,2025-11-17
C09391,TVM,Influencer,2024-08-24
C09392,Coimbatore,Influencer,2024-09-29
C09393,Coimbatore,Instagram,2025-04-28
C09394,Mumbai,Referral,2025-12-10
C09395,Bangalore,Referral,2024-08-13
C09396,TVM,Influencer,2024-10-18
C09397,Calicut,Influencer,2025-03-18
C09398,Kochi,Instagram,2024-11-08
C09399,Thrissur,Instagram,2025-08-01
C09400,Kochi,Referral,2024-09-10
C09401,Coimbatore,Influencer,2024-12-05
C09402,Cochin,Influencer,2025-04-08
C09403,Chennai,Influencer,2024-08-27
C09404,Coimbatore,Referral,2025-06-09
C09405,TVM,Referral,2025-12-19
C09406,Kollam,Influencer,2025-02-27
C09407,Kollam,Organic,2025-06-12
C09408,Mysore,Organic,2025-08-14
C09409,Hyderabad,Organic,2024-08-31
C09410,Cochin,Instagram,2025-01-17
C09411,Kollam,Instagram,2025-10-19
C09412,Coimbatore,Influencer,2025-04-20
C09413,Calicut,Referral,2024-09-17
C09414,Kottayam,Influencer,2025-05-17
C09415,Calicut,Influencer,2025-10-01
C09416,Hyderabad,Referral,2024-08-03
C09417,Kochi,Instagram,2025-10-17
C09418,TVM,Instagram,2025-06-16
C09419,Mysore,Organic,2024-12-12
C09420,Kollam,Organic,2024-11-09
C09421,Kollam,Organic,2025-01-19
C09422,Coimbatore,Influencer,2024-10-31
C09423,Kollam,Referral,2025-09-24
C09424,Kottayam,Organic,2024-12-06
C09425,Hyderabad,Influencer,2024-10-11
C09426,Bangalore,Influencer,2024-08-04
C09427,Bangalore,Influencer,2025-09-05
C09428,Coimbatore,Instagram,2025-07-14
C09429,TVM,Referral,2025-07-26
C09430,Mumbai,Instagram,2024-12-08
C09431,Kollam,Influencer,2025-03-19
C09432,Kochi,Instagram,2025-08-06
C09433,Mysore,Organic,2025-10-20
C09434,Mumbai,,2024-07-17
C09435,TVM,Instagram,2025-09-03
C09436,Hyderabad,Instagram,2025-09-06
C09437,Chennai,Organic,2024-08-02
C09438,Coimbatore,Instagram,2024-10-24
C09439,Calicut,Instagram,2024-08-10
C09440,Bangalore,,2024-12-01
C09441,Thrissur,Referral,2025-09-03
C09442,Kottayam,,2024-11-12
C09443,TVM,Instagram,2024-09-01
C09444,Coimbatore,Organic,2025-04-26
C09445,Mysore,Referral,2025-09-11
C09446,Kottayam,Organic,2025-04-28
C09447,Hyderabad,Influencer,2025-01-24
C09448,Thrissur,Influencer,2024-09-11
C09449,TVM,Influencer,2024-11-30
C09450,Kottayam,Influencer,2025-06-11
C09451,Coimbatore,Referral,2025-12-08
C09452,Coimbatore,Referral,2025-10-15
C09453,Chennai,Instagram,2025-04-21
C09454,Coimbatore,Influencer,2025-03-09
C09455,Mysore,Instagram,2024-11-07
C09456,Mysore,Instagram,2025-10-26
C09457,Mysore,Instagram,2025-04-16
C09458,Calicut,Influencer,2025-03-07
C09459,Mysore,Organic,2024-10-11
C09460,Thrissur,Referral,2025-07-05
C09461,Mumbai,Instagram,2024-07-12
C09462,Mumbai,Organic,2024-11-12
C09463,Thrissur,Influencer,2025-08-09
C09464,Mysore,Referral,2024-10-20
C09465,Hyderabad,Instagram,2024-10-21
C09466,Coimbatore,Instagram,2025-10-13
C09467,Bangalore,Instagram,2025-09-22
C09468,Coimbatore,Referral,2025-10-31
C09469,Kollam,Instagram,2025-04-28
C09470,TVM,Instagram,2024-07-03
C09471,TVM,Instagram,2025-08-18
C09472,TVM,Organic,2025-09-09
C09473,Kollam,Instagram,2025-06-27
C09474,Mysore,Referral,2024-09-16
C09475,Bangalore,Organic,2024-12-26
C09476,Coimbatore,Organic,2024-11-21
C09477,Coimbatore,Influencer,2024-11-11
C09478,Calicut,Instagram,2024-09-17
C09479,Coimbatore,Organic,2025-02-13
C09480,Bangalore,Instagram,2025-07-29
C09481,Hyderabad,Organic,2025-04-07
C09482,Hyderabad,Organic,2024-10-19
C09483,TVM,Instagram,2025-10-13
C09484,Thrissur,Organic,2024-08-22
C09485,TVM,Instagram,2025-10-18
C09486,Hyderabad,Influencer,2024-07-13
C09487,Coimbatore,Referral,2025-11-23
C09488,Mumbai,Influencer,2025-02-06
C09489,Calicut,Organic,2024-07-21
C09490,Coimbatore,Influencer,2025-12-29
C09491,Kollam,Referral,2025-08-13
C09492,Thrissur,Referral,2025-04-01
C09493,Hyderabad,Organic,2024-12-16
C09494,Hyderabad,Referral,2025-10-09
C09495,Mumbai,Referral,2025-06-07
C09496,Hyderabad,Influencer,2024-12-21
C09497,Mumbai,Organic,2025-10-10
C09498,TVM,Instagram,2025-12-29
C09499,Calicut,Influencer,2025-06-07
C09500,Bangalore,Referral,2025-08-13
C09501,Bangalore,Influencer,2024-11-12
C09502,Mumbai,Influencer,2024-11-10
C09503,Thrissur,Instagram,2024-11-01
C09504,Calicut,Influencer,2025-02-27
C09505,Calicut,Organic,2025-01-16
C09506,Hyderabad,Influencer,2025-03-20
C09507,Mumbai,,2024-08-21
C09508,Kottayam,Influencer,2024-12-26
C09509,Chennai,Instagram,2025-09-27
C09510,Mumbai,Referral,2024-08-05
C09511,Kollam,Influencer,2025-04-09
C09512,Kochi,Organic,2025-04-19
C09513,Mumbai,Instagram,2025-03-05
C09514,Mumbai,Instagram,2024-07-05
C09515,Thrissur,Instagram,2025-11-14
C09516,Hyderabad,Influencer,2024-12-16
C09517,Mumbai,Referral,2025-12-11
C09518,Kochi,Influencer,2025-05-09
C09519,Cochin,Instagram,2025-09-04
C09520,Mysore,Organic,2025-09-20
C09521,Mysore,Influencer,2025-01-17
C09522,Chennai,Instagram,2025-09-20
C09523,Thrissur,Influencer,2024-11-02
C09524,Cochin,Instagram,2025-08-27
C09525,Mumbai,Referral,2024-09-09
C09526,TVM,Organic,2024-12-15
C09527,Mumbai,Instagram,2025-02-25
C09528,Hyderabad,Instagram,2025-12-07
C09529,Hyderabad,Referral,2024-09-06
C09530,Bangalore,Organic,2025-04-17
C09531,Mumbai,Instagram,2024-07-15
C09532,TVM,Referral,2025-02-07
C09533,Kottayam,Referral,2024-12-29
C09534,Calicut,Influencer,2025-05-25
C09535,Kollam,Organic,2025-12-29
C09536,Bangalore,Organic,2025-11-18
C09537,Mumbai,Referral,2024-09-09
C09538,Kollam,Referral,2024-08-03
C09539,Thrissur,Organic,2025-04-16
C09540,Coimbatore,Influencer,2024-10-21
C09541,Thrissur,Influencer,2025-02-27
C09542,Kochi,Instagram,2025-06-06
C09543,Coimbatore,Organic,2025-04-08
C09544,Hyderabad,Instagram,2025-01-25
C09545,TVM,Influencer,2024-09-06
C09546,Kottayam,Influencer,2024-09-06
C09547,Hyderabad,Influencer,2024-11-23
C09548,Calicut,Referral,2025-05-24
C09549,Coimbatore,Referral,2024-07-19
C09550,Mysore,Organic,2024-10-12
C09551,Hyderabad,Influencer,2024-10-16
C09552,Bangalore,Organic,2025-10-29
C09553,Bangalore,Influencer,2025-07-05
C09554,Hyderabad,Referral,2025-03-19
C09555,Chennai,Organic,2025-02-17
C09556,Bangalore,Influencer,2025-04-26
C09557,Kochi,Referral,2025-10-19
C09558,Chennai,Instagram,2025-08-31
C09559,Kochi,Organic,2025-05-28
C09560,Kochi,Referral,2025-06-28
C09561,Mysore,Referral,2024-12-08
C09562,Thrissur,Referral,2025-08-07
C09563,Mumbai,Instagram,2025-08-22
C09564,Kochi,Influencer,2025-08-05
C09565,Kochi,Instagram,2024-07-10
C09566,Mumbai,Organic,2025-12-01
C09567,Chennai,Influencer,2025-10-10
C09568,Mysore,Instagram,2025-08-04
C09569,Calicut,Organic,2025-10-06
C09570,Mysore,Instagram,2025-02-23
C09571,Thrissur,Organic,2025-09-22
C09572,Mysore,Influencer,2024-11-14
C09573,Kollam,Organic,2024-07-17
C09574,Chennai,Organic,2024-10-19
C09575,Chennai,Referral,2025-12-10
C09576,Coimbatore,Influencer,2025-06-24
C09577,Kollam,Referral,2024-09-28
C09578,Mysore,Referral,2024-10-06
C09579,Coimbatore,Organic,2025-10-03
C09580,Mysore,Instagram,2025-09-12
C09581,Mumbai,Instagram,2024-08-28
C09582,Mysore,Organic,2025-01-18
C09583,Thrissur,Referral,2025-10-11
C09584,Hyderabad,Organic,2024-07-02
C09585,TVM,Influencer,2024-11-16
C09586,Thrissur,Instagram,2025-04-09
C09587,Coimbatore,Influencer,2024-08-11
C09588,TVM,Influencer,2024-11-14
C09589,Chennai,Influencer,2025-05-18
C09590,Calicut,Influencer,2025-06-09
C09591,Kollam,Referral,2024-10-05
C09592,Mumbai,Referral,2024-08-22
C09593,TVM,Referral,2024-07-03
C09594,Kochi,Organic,2025-02-07
C09595,Kollam,Referral,2024-11-01
C09596,TVM,Organic,2024-10-17
C09597,Bangalore,Influencer,2025-02-23
C09598,Coimbatore,Instagram,2025-03-22
C09599,Mysore,Influencer,2025-07-05
C09600,Bangalore,Instagram,2025-07-08
C09601,Bangalore,Influencer,2025-09-10
C09602,Mysore,Organic,2024-09-19
C09603,Bangalore,Influencer,2024-10-20
C09604,TVM,Organic,2025-02-28
C09605,Thrissur,Influencer,2025-08-31
C09606,Kottayam,Organic,2024-12-31
C09607,Kochi,Instagram,2025-06-20
C09608,Calicut,Influencer,2025-03-30
C09609,Kochi,Influencer,2025-02-23
C09610,TVM,Influencer,2024-11-22
C09611,TVM,Organic,2025-07-30
C09612,Coimbatore,Influencer,2024-10-03
C09613,Kottayam,Influencer,2025-05-31
C09614,Cochin,Instagram,2025-09-17
C09615,Coimbatore,Organic,2024-08-12
C09616,Coimbatore,Referral,2025-05-23
C09617,Mumbai,Instagram,2025-06-03
C09618,Chennai,,2024-10-09
C09619,Calicut,Instagram,2025-09-23
C09620,Thrissur,Organic,2025-08-20
C09621,Coimbatore,Organic,2025-01-27
C09622,Kollam,Instagram,2025-07-14
C09623,Hyderabad,Organic,2025-08-25
C09624,Bangalore,Referral,2025-09-17
C09625,Cochin,Referral,2024-11-10
C09626,Thrissur,Referral,2024-12-03
C09627,Bangalore,Influencer,2025-03-01
C09628,Hyderabad,Referral,2024-09-17
C09629,Kochi,Organic,2025-04-13
C09630,Mumbai,Organic,2025-11-09
C09631,Kottayam,Influencer,2024-07-13
C09632,Coimbatore,Instagram,2025-11-01
C09633,Mysore,Influencer,2025-02-28
C09634,Hyderabad,Influencer,2025-04-15
C09635,Coimbatore,Organic,2025-06-26
C09636,Kottayam,,2024-12-31
C09637,Kollam,Organic,2025-07-21
C09638,Mumbai,Influencer,2024-11-23
C09639,Hyderabad,Organic,2025-11-18
C09640,Hyderabad,Referral,2024-07-22
C09641,Coimbatore,Organic,2025-01-12
C09642,Thrissur,Influencer,2024-11-02
C09643,TVM,Referral,2025-05-24
C09644,TVM,Influencer,2025-07-12
C09645,Thrissur,Referral,2024-07-29
C09646,Kochi,Referral,2025-03-27
C09647,Kollam,Organic,2025-01-08
C09648,Hyderabad,Influencer,2025-10-21
C09649,Kottayam,Instagram,2024-09-17
C09650,Hyderabad,Instagram,2025-06-11
C09651,Kochi,Organic,2024-07-13
C09652,Bangalore,Influencer,2025-08-11
C09653,Thrissur,Referral,2025-11-05
C09654,Kottayam,Influencer,2025-07-11
C09655,Kochi,Influencer,2025-04-27
C09656,Thrissur,Referral,2024-09-04
C09657,TVM,Instagram,2025-09-19
C09658,Chennai,Organic,2024-07-14
C09659,Kollam,Instagram,2025-01-01
C09660,Hyderabad,Referral,2024-12-28
C09661,TVM,Influencer,2025-08-16
C09662,Kottayam,Referral,2024-07-25
C09663,Chennai,Referral,2024-10-15
C09664,Thrissur,Influencer,2024-08-11
C09665,Kochi,Organic,2024-11-12
C09666,TVM,Instagram,2024-10-29
C09667,Calicut,Instagram,2025-06-13
C09668,Kochi,Referral,2025-02-07
C09669,Bangalore,Influencer,2024-12-01
C09670,TVM,Influencer,2024-12-02
C09671,Thrissur,Referral,2025-02-22
C09672,Hyderabad,Instagram,2025-01-19
C09673,Mysore,Organic,2024-08-24
C09674,Chennai,Organic,2025-09-25
C09675,Hyderabad,Referral,2025-05-17
C09676,Coimbatore,Influencer,2024-09-28
C09677,Hyderabad,Instagram,2025-07-16
C09678,Mumbai,Influencer,2025-01-05
C09679,Kottayam,Referral,2025-03-03
C09680,Thrissur,Referral,2025-02-10
C09681,Calicut,Organic,2025-04-17
C09682,Mumbai,Influencer,2024-08-30
C09683,Chennai,Referral,2025-08-06
C09684,TVM,Influencer,2025-10-06
C09685,TVM,Referral,2025-02-02
C09686,Calicut,,2025-07-09
C09687,Kollam,Organic,2024-11-15
C09688,Kollam,Organic,2024-12-25
C09689,Kottayam,Influencer,2025-05-03
C09690,Kochi,Instagram,2025-07-21
C09691,Kochi,Instagram,2025-06-29
C09692,Hyderabad,Instagram,2024-09-05
C09693,Hyderabad,Referral,2025-02-19
C09694,TVM,Influencer,2025-02-28
C09695,Hyderabad,Instagram,2024-11-18
C09696,Calicut,Instagram,2024-12-11
C09697,Kollam,Referral,2025-01-19
C09698,Kochi,Influencer,2025-05-13
C09699,Mumbai,Organic,2025-11-09
C09700,Kottayam,Influencer,2025-10-07
C09701,Kochi,Instagram,2024-12-09
C09702,Thrissur,Referral,2025-04-20
C09703,TVM,Organic,2025-05-21
C09704,TVM,Organic,2025-04-04
C09705,Hyderabad,Organic,2025-06-28
C09706,Kollam,Organic,2025-05-16
C09707,Bangalore,Referral,2025-04-22
C09708,Kollam,Organic,2024-09-17
C09709,Mumbai,Referral,2025-12-08
C09710,Mysore,Influencer,2025-03-04
C09711,Mumbai,Influencer,2025-06-25
C09712,Kochi,Organic,2025-12-21
C09713,Kottayam,Referral,2024-10-04
C09714,Hyderabad,Referral,2025-08-19
C09715,Mumbai,Referral,2025-03-20
C09716,Kottayam,Referral,2025-05-21
C09717,Kottayam,Referral,2025-06-14
C09718,Kollam,Instagram,2024-10-20
C09719,Calicut,Influencer,2025-08-17
C09720,Hyderabad,Organic,2025-10-08
C09721,Kollam,Referral,2025-09-27
C09722,TVM,Instagram,2025-11-26
C09723,Mysore,Influencer,2025-06-03
C09724,Kottayam,Influencer,2025-04-18
C09725,Kochi,Influencer,2025-05-18
C09726,Mysore,Organic,2024-11-13
C09727,Mumbai,Organic,2025-02-12
C09728,Coimbatore,Organic,2024-08-27
C09729,Hyderabad,Instagram,2025-11-02
C09730,Chennai,Organic,2025-12-18
C09731,Mumbai,Instagram,2025-10-23
C09732,Kottayam,Organic,2025-04-23
C09733,Bangalore,Instagram,2025-06-05
C09734,Hyderabad,Influencer,2024-08-08
C09735,Mumbai,Influencer,2024-07-12
C09736,Chennai,Organic,2025-06-04
C09737,Mysore,Organic,2025-11-11
C09738,Mumbai,Referral,2025-03-22
C09739,Thrissur,Instagram,2025-01-24
C09740,Mysore,Referral,2025-07-14
C09741,Hyderabad,Instagram,2025-08-03
C09742,Mumbai,Referral,2025-12-26
C09743,Bangalore,Organic,2024-09-11
C09744,Chennai,Influencer,2025-09-23
C09745,Kottayam,Influencer,2024-12-02
C09746,Mumbai,Referral,2024-12-07
C09747,Kottayam,Influencer,2025-11-18
C09748,Bangalore,Organic,2025-11-11
C09749,Mysore,Influencer,2024-07-16
C09750,Mysore,Referral,2025-12-13
C09751,Hyderabad,Instagram,2025-12-08
C09752,Kollam,Instagram,2025-11-10
C09753,Kottayam,Influencer,2024-12-30
C09754,Kochi,Instagram,2025-05-04
C09755,TVM,Organic,2025-11-16
C09756,Thrissur,Influencer,2024-12-23
C09757,Kochi,Influencer,2025-03-09
C09758,Mumbai,Organic,2025-12-06
C09759,Thrissur,Organic,2025-10-05
C09760,Kottayam,Instagram,2024-11-05
C09761,Chennai,Instagram,2025-01-28
C09762,Chennai,Referral,2025-06-12
C09763,Kollam,Referral,2024-08-27
C09764,Cochin,Instagram,2024-08-02
C09765,Kochi,Referral,2025-03-25
C09766,Coimbatore,Influencer,2025-11-25
C09767,TVM,Organic,2025-08-23
C09768,Chennai,Influencer,2025-07-13
C09769,Thrissur,Instagram,2024-11-26
C09770,Bangalore,Referral,2025-06-18
C09771,Mumbai,Instagram,2024-08-20
C09772,Kochi,Influencer,2025-06-06
C09773,Kollam,Instagram,2025-01-21
C09774,Bangalore,Influencer,2024-12-21
C09775,Hyderabad,Organic,2024-07-09
C09776,TVM,Influencer,2025-10-15
C09777,Kottayam,Influencer,2024-08-01
C09778,Kollam,Referral,2025-06-11
C09779,Mumbai,Organic,2025-03-28
C09780,TVM,Instagram,2025-02-23
C09781,Kottayam,Influencer,2025-03-04
C09782,Chennai,Instagram,2025-05-18
C09783,Mysore,Instagram,2024-08-22
C09784,Calicut,Influencer,2025-12-12
C09785,Hyderabad,Referral,2025-07-29
C09786,Coimbatore,Referral,2025-01-14
C09787,Bangalore,Influencer,2024-10-16
C09788,Mumbai,Instagram,2024-09-19
C09789,TVM,Organic,2024-09-12
C09790,Thrissur,Influencer,2025-05-18
C09791,Thrissur,Influencer,2025-11-20
C09792,Thrissur,Referral,2024-12-25
C09793,Cochin,Influencer,2024-09-29
C09794,Kollam,Referral,2025-04-11
C09795,Kollam,Referral,2025-10-14
C09796,Hyderabad,Organic,2025-02-15
C09797,Chennai,Influencer,2025-12-07
C09798,Bangalore,Influencer,2024-08-20
C09799,Mysore,Organic,2025-02-20
C09800,Mumbai,,2025-01-01
C09801,Kottayam,Influencer,2025-02-23
C09802,Mysore,Organic,2025-09-11
C09803,Kottayam,Referral,2025-05-27
C09804,TVM,Instagram,2025-05-06
C09805,Kottayam,Influencer,2024-11-18
C09806,Calicut,Organic,2025-10-19
C09807,Thrissur,Organic,2024-08-18
C09808,Mumbai,Influencer,2024-07-02
C09809,Thrissur,Influencer,2025-08-08
C09810,Hyderabad,Organic,2024-11-14
C09811,Coimbatore,Organic,2025-05-08
C09812,Kottayam,Instagram,2024-10-27
C09813,Kollam,Influencer,2024-11-16
C09814,Thrissur,Instagram,2025-04-24
C09815,Chennai,Referral,2025-05-23
C09816,Coimbatore,Organic,2025-02-14
C09817,Hyderabad,Referral,2025-05-02
C09818,Kollam,Organic,2025-08-12
C09819,Kochi,Referral,2024-08-14
C09820,Calicut,Instagram,2025-01-30
C09821,Thrissur,Instagram,2025-08-19
C09822,Mumbai,Instagram,2025-09-02
C09823,Mumbai,Instagram,2025-04-29
C09824,Hyderabad,Organic,2025-08-19
C09825,Kollam,Instagram,2024-09-18
C09826,Mysore,Influencer,2024-11-21
C09827,Kottayam,Instagram,2025-02-01
C09828,Mumbai,Organic,2024-07-20
C09829,Mysore,Organic,2025-06-25
C09830,Mysore,Influencer,2025-11-05
C09831,Mumbai,Influencer,2024-12-24
C09832,Bangalore,Organic,2025-06-20
C09833,Thrissur,Referral,2025-11-14
C09834,Mysore,Referral,2025-02-26
C09835,Coimbatore,Influencer,2025-05-21
C09836,TVM,Instagram,2025-11-07
C09837,Coimbatore,Influencer,2024-11-05
C09838,Bangalore,Organic,2025-02-15
C09839,Kochi,,2025-12-11
C09840,TVM,Organic,2025-10-02
C09841,Mysore,Referral,2025-05-29
C09842,Kottayam,Instagram,2025-03-07
C09843,Kollam,Organic,2025-05-12
C09844,Kollam,Organic,2024-11-04
C09845,Bangalore,Instagram,2025-10-09
C09846,Hyderabad,Influencer,2025-08-12
C09847,Mysore,Referral,2024-09-02
C09848,Kochi,Influencer,2025-04-18
C09849,Chennai,Instagram,2025-04-26
C09850,Mysore,Organic,2025-11-04
C09851,Kochi,Instagram,2025-11-15
C09852,Kochi,Instagram,2024-10-18
C09853,Kochi,Organic,2025-07-06
C09854,Thrissur,Instagram,2025-09-30
C09855,Bangalore,Influencer,2024-11-12
C09856,Calicut,Referral,2025-11-14
C09857,Chennai,Instagram,2025-11-12
C09858,Hyderabad,Instagram,2025-06-19
C09859,Calicut,Instagram,2024-10-01
C09860,Coimbatore,Influencer,2025-04-10
C09861,Kollam,Instagram,2025-03-03
C09862,Mumbai,Influencer,2025-01-14
C09863,Kollam,Influencer,2025-06-25
C09864,Calicut,Referral,2025-09-11
C09865,Kochi,Instagram,2024-12-14
C09866,Coimbatore,Organic,2024-08-31
C09867,Mysore,Referral,2025-08-16
C09868,TVM,Organic,2025-10-01
C09869,Kollam,Influencer,2025-06-11
C09870,Thrissur,Influencer,2024-09-02
C09871,Calicut,Referral,2025-07-01
C09872,Coimbatore,Organic,2025-12-28
C09873,Bangalore,Influencer,2025-01-21
C09874,Calicut,Instagram,2025-09-09
C09875,TVM,Influencer,2024-08-14
C09876,Hyderabad,Influencer,2024-07-08
C09877,Bangalore,Influencer,2025-01-22
C09878,Hyderabad,Referral,2025-08-09
C09879,Chennai,Influencer,2025-06-30
C09880,Cochin,Organic,2025-01-17
C09881,TVM,Influencer,2025-10-28
C09882,Cochin,Referral,2025-05-06
C09883,Chennai,Influencer,2024-10-15
C09884,Mumbai,Instagram,2025-03-20
C09885,Kottayam,Organic,2025-07-04
C09886,Bangalore,Referral,2025-05-08
C09887,Mysore,Instagram,2024-09-05
C09888,Mumbai,Instagram,2025-09-28
C09889,Calicut,Influencer,2025-03-18
C09890,Coimbatore,Instagram,2025-05-22
C09891,Bangalore,Influencer,2024-08-25
C09892,Coimbatore,Influencer,2025-09-07
C09893,Calicut,Organic,2025-02-07
C09894,TVM,Influencer,2025-04-24
C09895,Kollam,Influencer,2025-02-04
C09896,Kochi,Influencer,2024-12-19
C09897,TVM,Instagram,2024-12-02
C09898,Bangalore,Referral,2025-12-26
C09899,Coimbatore,Instagram,2025-02-15
C09900,Hyderabad,Instagram,2025-05-05
C09901,Mumbai,Influencer,2025-07-21
C09902,Hyderabad,Organic,2025-07-28
C09903,Kollam,Influencer,2024-08-02
C09904,Calicut,Organic,2024-09-01
C09905,Kochi,Instagram,2025-11-25
C09906,Chennai,Organic,2025-11-18
C09907,TVM,Organic,2025-09-14
C09908,Thrissur,Referral,2025-06-25
C09909,Calicut,Influencer,2025-05-02
C09910,Bangalore,Influencer,2024-07-28
C09911,TVM,Influencer,2024-08-11
C09912,TVM,Organic,2025-11-13
C09913,Kochi,Influencer,2025-10-18
C09914,Chennai,Influencer,2024-07-27
C09915,Chennai,Organic,2024-11-07
C09916,Calicut,Organic,2025-09-14
C09917,Hyderabad,Instagram,2025-02-25
C09918,Mumbai,Organic,2025-01-12
C09919,Thrissur,Instagram,2024-08-10
C09920,TVM,Organic,2024-09-16
C09921,Coimbatore,Influencer,2024-08-20
C09922,Thrissur,Influencer,2025-01-08
C09923,Chennai,Influencer,2025-04-22
C09924,Kottayam,Instagram,2024-10-26
C09925,Kochi,,2025-04-01
C09926,Mumbai,Instagram,2025-04-08
C09927,Bangalore,Instagram,2025-04-21
C09928,Kochi,Referral,2024-07-22
C09929,Coimbatore,Referral,2025-12-23
C09930,Chennai,Referral,2024-08-28
C09931,Chennai,Referral,2025-03-22
C09932,Kottayam,Instagram,2025-10-14
C09933,Kollam,Influencer,2025-12-12
C09934,Hyderabad,Referral,2025-01-07
C09935,Calicut,Organic,2025-11-30
C09936,Coimbatore,Influencer,2025-05-06
C09937,Chennai,Instagram,2024-08-14
C09938,Kottayam,Instagram,2025-10-15
C09939,Mumbai,Influencer,2024-07-06
C09940,Mumbai,Instagram,2024-09-30
C09941,Bangalore,Referral,2025-08-20
C09942,Thrissur,Referral,2025-08-31
C09943,Mysore,Organic,2025-01-25
C09944,Cochin,Referral,2025-11-05
C09945,Kottayam,Instagram,2025-06-30
C09946,Kollam,Organic,2025-05-15
C09947,Calicut,Instagram,2025-09-01
C09948,Kollam,Referral,2025-10-14
C09949,Kollam,Referral,2025-10-07
C09950,Thrissur,Referral,2025-11-06
C09951,TVM,Organic,2024-10-08
C09952,Mysore,Instagram,2025-06-01
C09953,Chennai,,2025-08-15
C09954,Calicut,Influencer,2024-07-09
C09955,Kochi,Organic,2025-12-27
C09956,Thrissur,Influencer,2025-06-05
C09957,Bangalore,Influencer,2024-09-16
C09958,TVM,,2025-01-22
C09959,Coimbatore,Influencer,2025-11-26
C09960,Kochi,Influencer,2025-01-01
C09961,Kochi,Influencer,2024-09-20
C09962,Kollam,Influencer,2025-05-22
C09963,Kollam,Organic,2024-12-02
C09964,Coimbatore,Instagram,2025-06-19
C09965,Mumbai,Organic,2024-10-10
C09966,Mysore,Influencer,2025-11-29
C09967,TVM,Referral,2025-10-20
C09968,Kollam,Referral,2024-07-27
C09969,Hyderabad,Organic,2025-09-03
C09970,Thrissur,Instagram,2025-10-26
C09971,TVM,Influencer,2024-12-22
C09972,Coimbatore,Organic,2025-01-29
C09973,Cochin,Instagram,2025-01-12
C09974,Chennai,Influencer,2024-07-11
C09975,Coimbatore,Influencer,2025-01-20
C09976,Thrissur,Influencer,2024-07-16
C09977,Thrissur,Organic,2025-09-12
C09978,Bangalore,Instagram,2024-09-03
C09979,Calicut,Organic,2025-06-29
C09980,Chennai,Organic,2024-10-30
C09981,Calicut,Influencer,2024-12-29
C09982,TVM,Referral,2025-02-20
C09983,Coimbatore,Instagram,2025-03-19
C09984,Mysore,Influencer,2025-08-19
C09985,Mysore,Influencer,2024-07-06
C09986,Mumbai,Instagram,2024-11-22
C09987,Calicut,Organic,2025-03-01
C09988,Mumbai,Instagram,2024-11-25
C09989,Coimbatore,Instagram,2024-08-07
C09990,Chennai,Influencer,2024-12-01
C09991,Cochin,Influencer,2025-05-05
C09992,Mumbai,Referral,2024-10-16
C09993,Bangalore,Instagram,2025-10-08
C09994,Hyderabad,Referral,2024-09-22
C09995,Coimbatore,Instagram,2025-02-05
C09996,TVM,Instagram,2024-07-09
C09997,Kottayam,Influencer,2025-09-21
C09998,Thrissur,Referral,2025-05-16
C09999,Mysore,Influencer,2025-07-15
C10000,Chennai,Instagram,2025-07-06
